Fecha,toneladas,dia_semana,dias_desde_festivo,dias_hasta_festivo,mes,trimestre,toneladas_lag_1,toneladas_lag_2,toneladas_lag_3,toneladas_lag_7,toneladas_media_7d,toneladas_media_14d,toneladas_media_30d,toneladas_max_7d,toneladas_min_7d
2024-04-25,24.17513,3,110,6,4,2,23.13893,46.221447999999995,23.950188,0.0,29.91748457142857,23.319455214285714,19.1518133,47.052080000000004,0.0
2024-04-26,0.0,4,111,5,4,2,24.17513,23.13893,46.221447999999995,47.052080000000004,33.37107457142857,23.329134285714286,19.251153166666665,47.052080000000004,23.01549
2024-04-27,0.0,5,112,4,4,2,0.0,24.17513,23.13893,46.044256000000004,26.649348857142858,23.329134285714286,19.251153166666665,46.221447999999995,0.0
2024-04-28,46.162319,6,113,3,4,2,0.0,0.0,24.17513,23.01549,20.071597999999998,21.690299714285715,17.810145166666665,46.221447999999995,0.0
2024-04-29,23.003432,0,114,2,4,2,46.162319,0.0,0.0,23.950188,23.378287857142855,23.340918214285715,18.593756966666668,46.221447999999995,0.0
2024-04-30,24.095781,1,115,1,4,2,23.003432,46.162319,0.0,46.221447999999995,23.243036999999998,23.264090785714284,18.59501283333333,46.221447999999995,0.0
2024-05-01,23.002705,2,0,0,5,2,24.095781,23.003432,46.162319,23.13893,20.08222742857143,23.347075285714286,19.398205533333332,46.162319,0.0
2024-05-02,0.0,3,1,28,5,2,23.002705,24.095781,23.003432,24.17513,20.062766714285715,24.990125642857144,19.399197366666666,46.162319,0.0
2024-05-03,0.0,4,2,27,5,2,0.0,23.002705,24.095781,0.0,16.609176714285713,24.990125642857144,18.628291966666666,46.162319,0.0
2024-05-04,22.999854,5,3,26,5,2,0.0,0.0,23.002705,0.0,16.609176714285713,21.629262785714285,18.628291966666666,46.162319,0.0
2024-05-05,47.19,6,4,25,5,2,22.999854,0.0,0.0,46.162319,19.894870142857144,19.98323407142857,18.629694433333334,46.162319,0.0
2024-05-06,23.036984,0,5,24,5,2,47.19,22.999854,0.0,23.003432,20.041681714285712,21.709984785714287,19.435023433333335,47.19,0.0
2024-05-07,23.00521,1,6,23,5,2,23.036984,47.19,22.999854,24.095781,20.046474857142858,21.644755928571424,20.2029229,47.19,0.0
2024-05-08,24.153844,2,7,22,5,2,23.00521,23.036984,47.19,23.002705,19.890679000000002,19.986453214285714,20.200504133333332,47.19,0.0
2024-05-09,0.0,3,8,21,5,2,24.153844,23.00521,23.036984,0.0,20.05512742857143,20.058947071428573,21.00563226666667,47.19,0.0
2024-05-10,46.051244999999994,4,9,20,5,2,0.0,24.153844,23.00521,0.0,20.05512742857143,18.33215207142857,21.00563226666667,47.19,0.0
2024-05-11,0.0,5,10,19,5,2,46.051244999999994,0.0,24.153844,22.999854,26.633876714285716,21.621526714285714,21.7782959,47.19,0.0
2024-05-12,0.0,6,11,18,5,2,0.0,46.051244999999994,0.0,47.19,23.34818328571428,21.621526714285714,20.976975133333333,47.19,0.0
2024-05-13,45.87074,0,12,17,5,2,0.0,0.0,46.051244999999994,23.036984,16.606754714285714,18.324218214285715,20.976975133333333,46.051244999999994,0.0
2024-05-14,23.047564,1,13,16,5,2,45.87074,0.0,0.0,23.00521,19.868719857142853,19.957597357142856,21.741210333333335,46.051244999999994,0.0
2024-05-15,24.044373,2,14,15,5,2,23.047564,45.87074,0.0,24.153844,19.874770428571427,19.88272471428571,21.741007133333333,46.051244999999994,0.0
2024-05-16,0.0,3,15,14,5,2,24.044373,23.047564,45.87074,0.0,19.859131714285713,19.95712957142857,21.739852366666664,46.051244999999994,0.0
2024-05-17,0.0,4,16,13,5,2,0.0,24.044373,23.047564,46.051244999999994,19.859131714285713,19.95712957142857,20.975385766666665,46.051244999999994,0.0
2024-05-18,23.09119,5,17,12,5,2,0.0,0.0,24.044373,0.0,13.280382428571428,19.95712957142857,20.975385766666665,45.87074,0.0
2024-05-19,0.0,6,18,11,5,2,23.09119,0.0,0.0,0.0,16.579123857142857,19.96365357142857,21.7450921,45.87074,0.0
2024-05-20,24.237396,0,19,10,5,2,0.0,23.09119,0.0,45.87074,16.579123857142857,16.592939285714287,20.17668943333333,45.87074,0.0
2024-05-21,23.17098,1,20,9,5,2,24.237396,0.0,23.09119,23.047564,13.488646142857144,16.678683,19.4497941,24.237396,0.0
2024-05-22,46.141529,2,21,8,5,2,23.17098,24.237396,0.0,24.044373,13.506277,16.690523714285714,19.454977099999997,24.237396,0.0
2024-05-23,24.220271,3,22,7,5,2,46.141529,23.17098,24.237396,0.0,16.66301357142857,18.261072642857144,20.194688466666666,46.141529,0.0
2024-05-24,0.0,4,23,6,5,2,24.220271,46.141529,23.17098,0.0,20.123052285714287,19.991092,19.4613159,46.141529,0.0
2024-05-25,0.0,5,24,5,5,2,0.0,24.220271,46.141529,23.09119,20.123052285714287,16.701717357142858,18.69001823333333,46.141529,0.0
2024-05-26,23.039145,6,25,4,5,2,0.0,0.0,24.220271,0.0,16.82431085714286,16.701717357142858,17.884180566666664,46.141529,0.0
2024-05-27,0.0,0,26,3,5,2,23.039145,0.0,0.0,24.237396,20.115617285714286,18.347370571428574,18.652152066666666,46.141529,0.0
2024-05-28,23.17584,1,27,2,5,2,0.0,23.039145,0.0,23.17098,16.653132142857142,15.070889142857142,18.652152066666666,46.141529,0.0
2024-05-29,47.099781,2,28,1,5,2,23.17584,0.0,23.039145,46.141529,16.653826428571428,15.080051714285714,17.8859361,46.141529,0.0
2024-05-30,23.103678,3,0,0,5,2,47.099781,23.17584,0.0,24.220271,16.790719571428575,16.72686657142857,18.689147733333336,47.099781,0.0
2024-05-31,23.094838,4,1,76,5,2,23.103678,47.099781,23.17584,0.0,16.631206285714285,18.377129285714286,18.656077633333332,47.099781,0.0
2024-06-01,1.7373593,5,2,75,6,2,23.094838,23.103678,47.099781,0.0,19.93046885714286,20.02676057142857,18.659148733333332,47.099781,0.0
2024-06-02,23.03084,6,3,74,6,2,1.7373593,23.094838,23.103678,23.039145,20.178663042857142,18.501486950000004,18.71706071,47.099781,0.0
2024-06-03,45.905682,0,4,73,6,2,23.03084,1.7373593,23.094838,0.0,20.177476614285716,20.146546950000005,19.484755376666666,47.099781,0.0
2024-06-04,24.151451,1,5,72,6,2,45.905682,23.03084,1.7373593,23.17584,26.735431185714283,21.69428166428571,20.248282976666665,47.099781,1.7373593
2024-06-05,22.940512,2,6,71,6,2,24.151451,45.905682,23.03084,47.099781,26.874804185714286,21.764315307142855,19.480331343333333,47.099781,1.7373593
2024-06-06,47.261078999999995,3,7,70,6,2,22.940512,24.151451,45.905682,23.103678,23.423480042857143,20.107099807142855,19.47711561,45.905682,1.7373593
2024-06-07,23.000887,4,8,69,6,2,47.261078999999995,22.940512,24.151451,23.094838,26.874537328571428,21.75287180714286,20.285644576666666,47.261078999999995,1.7373593
2024-06-08,24.263756,5,9,68,6,2,23.000887,47.261078999999995,22.940512,1.7373593,26.86111575714286,23.39579230714286,20.247212676666667,47.261078999999995,1.7373593
2024-06-09,0.0,6,10,67,6,2,24.263756,23.000887,47.261078999999995,23.03084,30.079172428571432,25.128917735714285,21.056004543333334,47.261078999999995,22.940512
2024-06-10,23.057166,0,11,66,6,2,0.0,24.263756,23.000887,45.905682,26.78905242857143,23.48326452142857,19.52096304333333,47.261078999999995,0.0
2024-06-11,23.08188,1,12,65,6,2,23.057166,0.0,24.263756,24.151451,23.524978714285712,25.13020495,20.289535243333333,47.261078999999995,0.0
2024-06-12,0.0,2,13,64,6,2,23.08188,23.057166,0.0,22.940512,23.372182857142857,25.12349352142857,21.058931243333333,47.261078999999995,0.0
2024-06-13,24.039643,3,14,63,6,2,0.0,23.08188,23.057166,47.261078999999995,20.094966857142854,21.75922345,19.52990657666667,47.261078999999995,0.0
2024-06-14,47.171358999999995,4,15,62,6,2,24.039643,0.0,23.08188,23.000887,16.77761885714286,21.82607809285714,19.562975876666663,24.263756,0.0
2024-06-15,23.015623,5,16,61,6,2,47.171358999999995,24.039643,0.0,24.263756,20.23054342857143,23.545829592857142,20.33387541,47.171358999999995,0.0
2024-06-16,22.978795,6,17,60,6,2,23.015623,47.171358999999995,24.039643,0.0,20.052238714285714,25.06570557142857,21.101062843333334,47.171358999999995,0.0
2024-06-17,24.10908,0,18,59,6,2,22.978795,23.015623,47.171358999999995,23.057166,23.334923714285715,25.06198807142857,21.867022676666668,47.171358999999995,0.0
2024-06-18,47.12867,1,19,58,6,2,24.10908,22.978795,23.015623,23.08188,23.485197142857146,23.50508792857143,21.900952343333334,47.171358999999995,0.0
2024-06-19,46.107354,2,20,57,6,2,47.12867,24.10908,22.978795,0.0,26.92045285714286,25.146317857142858,23.47190801,47.171358999999995,0.0
2024-06-20,0.0,3,21,56,6,2,46.107354,47.12867,24.10908,24.039643,33.507217714285716,26.801092285714283,24.20090661,47.171358999999995,22.978795
2024-06-21,22.974047,4,22,55,6,2,0.0,46.107354,47.12867,47.171358999999995,30.072983,23.425300928571428,23.428540610000002,47.171358999999995,0.0
2024-06-22,22.974469,5,23,54,6,2,22.974047,0.0,46.107354,23.015623,26.61622414285714,23.423383785714286,22.656291210000003,47.12867,0.0
2024-06-23,46.965374,6,24,53,6,2,22.974469,22.974047,0.0,22.978795,26.610345000000002,23.331291857142862,22.614764476666668,47.12867,0.0
2024-06-24,27.44992707,0,25,52,6,2,46.965374,22.974469,22.974047,24.10908,30.036999142857137,26.68596142857143,24.180276943333336,47.12867,0.0
2024-06-25,0.0,1,26,51,6,2,27.44992707,46.965374,22.974469,47.12867,30.514263009999997,26.999730076428573,25.095274512333333,47.12867,0.0
2024-06-26,70.179494,2,27,50,6,2,0.0,27.44992707,46.965374,46.107354,23.78159586714285,25.351024362142855,24.32730301233333,46.965374,0.0
2024-06-27,47.334117,3,28,49,6,2,70.179494,0.0,27.44992707,0.0,27.220473010000003,30.363845362142857,26.666619478999998,70.179494,0.0
2024-06-28,22.932545,4,29,48,6,2,47.334117,70.179494,0.0,22.974047,33.98248972428571,32.02773636214285,27.471895379,70.179494,0.0
2024-06-29,23.013701,5,30,47,6,2,22.932545,47.334117,70.179494,22.974469,33.97656086714286,30.296392505,26.666320845666668,70.179494,0.0
2024-06-30,23.001309,6,31,46,6,2,23.013701,22.932545,47.334117,46.965374,33.982165438571435,30.296255219285715,26.663321612333334,70.179494,0.0
2024-07-01,24.015418,0,32,45,7,3,23.001309,23.013701,22.932545,27.44992707,30.55872758142857,30.29786336214286,26.660203979000002,70.179494,0.0
2024-07-02,47.173365000000004,1,33,44,7,3,24.015418,23.001309,23.013701,0.0,30.06808342857143,30.291173219285717,27.402805935666667,70.179494,0.0
2024-07-03,0.0,2,34,43,7,3,47.173365000000004,24.015418,23.001309,70.179494,36.80713557142857,30.294365719285715,28.207556769,70.179494,22.932545
2024-07-04,22.943736,3,35,42,7,3,0.0,47.173365000000004,24.015418,47.334117,26.781493571428573,27.000983290714288,26.677367369,47.334117,0.0
2024-07-05,24.163746,4,36,41,7,3,22.943736,0.0,47.173365000000004,22.932545,23.297153428571427,28.639821576428574,26.637110202333336,47.173365000000004,0.0
2024-07-06,23.11582,5,37,40,7,3,24.163746,22.943736,0.0,23.013701,23.473039285714286,28.724800076428572,26.677884668999997,47.173365000000004,0.0
2024-07-07,22.915814,6,38,39,7,3,23.11582,24.163746,22.943736,23.001309,23.48762771428571,28.734896576428575,25.873042702333333,47.173365000000004,0.0
2024-07-08,22.34708,0,39,38,7,3,22.915814,23.11582,24.163746,24.015418,23.475414142857144,27.017070862142862,25.870206935666666,47.173365000000004,0.0
2024-07-09,0.0,1,40,37,7,3,22.34708,22.915814,23.11582,47.173365000000004,23.237080142857142,26.65258178571429,25.806317735666667,47.173365000000004,0.0
2024-07-10,46.053064000000006,2,41,36,7,3,0.0,22.34708,22.915814,0.0,16.498028,26.65258178571429,25.806317735666667,24.163746,0.0
2024-07-11,24.099234,3,42,35,7,3,46.053064000000006,0.0,22.34708,22.943736,23.077037142857144,24.92926535714286,26.572847668999998,46.053064000000006,0.0
2024-07-12,46.158099,4,43,34,7,3,24.099234,46.053064000000006,0.0,24.163746,23.242108285714288,23.269630857142857,26.606759469,46.053064000000006,0.0
2024-07-13,0.0,5,44,33,7,3,46.158099,24.099234,46.053064000000006,23.11582,26.384158714285714,24.928599,28.145362769,46.158099,0.0
2024-07-14,71.461855,6,45,32,7,3,0.0,46.158099,24.099234,22.915814,23.081898714285717,23.28476321428571,27.344041335666667,46.158099,0.0
2024-07-15,22.321758,0,46,31,7,3,71.461855,0.0,46.158099,22.34708,30.017047428571427,26.746230785714285,28.153724535666665,71.461855,0.0
2024-07-16,0.0,1,47,30,7,3,22.321758,71.461855,0.0,0.0,30.01343,26.62525507142857,28.130595702333334,71.461855,0.0
2024-07-17,46.129630000000006,2,48,29,7,3,0.0,22.321758,71.461855,46.053064000000006,30.01343,23.255729,27.364635869,71.461855,0.0
2024-07-18,22.911453,3,49,28,7,3,46.129630000000006,0.0,22.321758,24.099234,30.024368,26.55070257142857,28.098654202333332,71.461855,0.0
2024-07-19,23.025736,4,50,27,7,3,22.911453,46.129630000000006,0.0,46.158099,29.854685,26.548396642857142,27.291413635666668,71.461855,0.0
2024-07-20,0.0,5,51,26,7,3,23.025736,22.911453,46.129630000000006,0.0,26.550061714285714,26.467110214285714,26.522026369000002,71.461855,0.0
2024-07-21,24.057104,6,52,25,7,3,0.0,23.025736,22.911453,71.461855,26.550061714285714,24.815980214285712,26.522026369000002,71.461855,0.0
2024-07-22,47.090221,0,53,24,7,3,24.057104,0.0,23.025736,22.321758,19.77795442857143,24.89750092857143,26.558128269,46.129630000000006,0.0
2024-07-23,46.120993,1,54,23,7,3,47.090221,24.057104,0.0,0.0,23.316306285714287,26.66486814285714,27.361986668999997,47.090221,0.0
2024-07-24,24.014049,2,55,22,7,3,46.120993,47.090221,24.057104,46.129630000000006,29.90501957142857,29.959224785714287,27.333840635666665,47.090221,0.0
2024-07-25,23.025793,3,56,21,7,3,24.014049,46.120993,47.090221,22.911453,26.74565085714286,28.38500942857143,27.219311366666666,47.090221,0.0
2024-07-26,46.242936,4,57,20,7,3,23.025793,24.014049,46.120993,23.025736,26.76198514285714,28.30833507142857,27.9868378,47.090221,0.0
2024-07-27,24.001426,5,58,19,7,3,46.242936,23.025793,24.014049,0.0,30.078728,28.31439485714286,27.18895253333333,47.090221,0.0
2024-07-28,24.213643,6,59,18,7,3,24.001426,46.242936,23.025793,24.057104,33.50750314285714,30.02878242857143,26.411196166666667,47.090221,23.025793
2024-07-29,45.31369,0,60,17,7,3,24.213643,24.001426,46.242936,47.090221,33.52986585714286,26.653910142857143,26.453899433333333,47.090221,23.025793
2024-07-30,0.0,1,61,16,7,3,45.31369,24.213643,24.001426,46.120993,33.27607571428571,28.296191,27.1972324,46.242936,23.025793
2024-07-31,47.299904,2,62,15,7,3,0.0,45.31369,24.213643,24.014049,26.687362428571426,28.296191,26.4305221,46.242936,0.0
2024-08-01,0.0,3,63,14,8,3,47.299904,0.0,45.31369,23.025793,30.013913142857145,28.379782000000002,27.206671633333332,47.299904,0.0
2024-08-02,23.099635,4,64,13,8,3,0.0,47.299904,0.0,46.242936,26.724514142857142,26.74324964285714,25.634226133333335,47.299904,0.0
2024-08-03,70.352351,5,65,12,8,3,23.099635,0.0,47.299904,24.001426,23.418328285714285,26.748528142857143,26.404213966666667,47.299904,0.0
2024-08-04,24.147572,6,66,11,8,3,70.352351,23.099635,0.0,24.213643,30.039889,31.77369607142857,27.984501133333332,70.352351,0.0
2024-08-05,44.715785,0,67,10,8,3,24.147572,70.352351,23.099635,45.31369,30.030450285714284,31.78015807142857,27.983962000000002,70.352351,0.0
2024-08-06,23.09135,1,68,9,8,3,44.715785,24.147572,70.352351,0.0,29.94503528571428,31.6105555,28.703960833333333,70.352351,0.0
2024-08-07,23.12904,2,69,8,8,3,23.09135,44.715785,24.147572,47.299904,33.24379957142857,29.965580999999997,28.709812033333332,70.352351,0.0
2024-08-08,0.0,3,70,7,8,3,23.12904,23.09135,44.715785,0.0,29.790818999999995,29.90236607142857,28.735877366666667,70.352351,0.0
2024-08-09,47.096119,4,71,6,8,3,0.0,23.12904,23.09135,23.099635,29.790819,28.257666571428576,28.735877366666667,70.352351,0.0
2024-08-10,46.065628000000004,5,72,5,8,3,47.096119,0.0,23.12904,70.352351,33.218888142857146,28.318608214285714,28.770645866666666,70.352351,0.0
2024-08-11,47.320865,6,73,4,8,3,46.065628000000004,47.096119,0.0,24.147572,29.74935628571429,29.894622642857144,29.502859,47.096119,0.0
2024-08-12,46.631455,0,74,3,8,3,47.320865,46.065628000000004,47.096119,44.715785,33.05982671428571,31.5451385,29.54161786666667,47.320865,0.0
2024-08-13,70.031559,1,75,2,8,3,46.631455,47.320865,46.065628000000004,23.09135,33.33349385714286,31.639264571428573,31.0959997,47.320865,0.0
2024-08-14,23.00399,2,76,1,8,3,70.031559,46.631455,47.320865,23.12904,40.039238000000005,36.64151878571429,31.048323166666666,70.031559,0.0
2024-08-15,46.024570999999995,3,0,0,8,3,23.00399,70.031559,46.631455,0.0,40.02137371428571,34.90609635714286,31.07106423333333,70.031559,0.0
2024-08-16,23.033451,4,1,57,8,3,46.024570999999995,23.00399,70.031559,47.096119,46.59631242857142,38.19356571428572,32.6052166,70.031559,23.00399
2024-08-17,24.030105,5,2,56,8,3,23.033451,46.024570999999995,23.00399,46.065628000000004,43.15878842857143,38.18883828571428,31.835343966666663,70.031559,23.00399
2024-08-18,43.448272,6,3,55,8,3,24.030105,23.033451,46.024570999999995,47.320865,40.01085657142857,34.88010642857143,31.872632366666668,70.031559,23.00399
2024-08-19,25.3380907,0,4,54,8,3,43.448272,24.030105,23.033451,46.631455,39.457629000000004,36.25872785714286,32.55338356666667,70.031559,23.00399
2024-08-20,71.265192,1,5,53,8,3,25.3380907,43.448272,24.030105,70.031559,36.415719814285715,34.87460683571428,33.397986589999995,70.031559,23.00399
2024-08-21,46.011519,2,6,52,8,3,71.265192,25.3380907,43.448272,23.00399,36.591953100000005,38.315595550000005,34.971589523333336,71.265192,23.00399
2024-08-22,46.009457,3,7,51,8,3,46.011519,71.265192,25.3380907,46.024570999999995,39.878742957142855,39.95005833571428,34.93563279,71.265192,23.033451
2024-08-23,22.909422,4,8,50,8,3,46.009457,46.011519,71.265192,23.033451,39.876583814285716,43.236448121428566,34.93191492333334,71.265192,23.033451
2024-08-24,45.956487,5,9,49,8,3,22.909422,46.009457,46.011519,24.030105,39.85886538571429,41.50882690714286,34.89509402333333,71.265192,22.909422
2024-08-25,0.0,6,10,48,8,3,45.956487,22.909422,46.009457,43.448272,42.991205671428574,41.501031121428575,35.659450490000005,71.265192,22.909422
2024-08-26,45.439842,0,11,47,8,3,0.0,45.956487,22.909422,25.3380907,36.784309671428566,38.120969335714285,34.11801929,71.265192,0.0
2024-08-27,70.297023,1,12,46,8,3,45.439842,0.0,45.956487,71.265192,39.65598842857143,38.03585412142858,34.83263315666667,71.265192,0.0
2024-08-28,23.057365,2,13,45,8,3,70.297023,45.439842,0.0,46.011519,39.51767857142857,38.05481583571429,36.368745823333334,70.297023,0.0
2024-08-29,23.11233,3,14,44,8,3,23.057365,70.297023,45.439842,46.009457,36.23851371428571,38.05862833571428,35.62686832333333,70.297023,0.0
2024-08-30,46.068422999999996,4,15,43,8,3,23.11233,23.057365,70.297023,22.909422,32.967495571428564,36.42203969285715,36.397279323333336,70.297023,0.0
2024-08-31,23.076871,5,16,42,8,3,46.068422999999996,23.11233,23.057365,45.956487,36.27592428571428,38.06739483571429,36.35622995666667,70.297023,0.0
2024-09-01,22.941883,6,17,41,9,3,23.076871,46.068422999999996,23.11233,0.0,33.00740771428571,37.99930669285715,37.12545899,70.297023,0.0
2024-09-02,0.0,0,18,40,9,3,22.941883,23.076871,46.068422999999996,45.439842,36.28481957142857,36.53456462142857,37.120200589999996,70.297023,22.941883
2024-09-03,23.141148,1,19,39,9,3,0.0,22.941883,23.076871,70.297023,29.793413571428573,34.724701,34.775122223333334,70.297023,0.0
2024-09-04,45.992262,2,20,38,9,3,23.141148,0.0,22.941883,23.057365,23.05686,31.287269285714284,34.741574756666665,46.068422999999996,0.0
2024-09-05,23.126783,3,21,37,9,3,45.992262,23.141148,0.0,23.11233,26.33327385714286,31.285893785714283,34.784123990000005,46.068422999999996,0.0
2024-09-06,46.092815,4,22,36,9,3,23.126783,45.992262,23.141148,46.068422999999996,26.335338571428572,29.65141707142857,34.785305089999994,46.068422999999996,0.0
2024-09-07,24.045705,5,23,35,9,3,46.092815,23.126783,45.992262,23.076871,26.338823142857144,31.307373714285713,35.55076425666666,46.092815,0.0
2024-09-08,24.0513,6,24,34,9,3,24.045705,46.092815,23.126783,22.941883,26.477228,29.742317857142858,36.35228775666667,46.092815,0.0
2024-09-09,21.136344,0,25,33,9,3,24.0513,24.045705,46.092815,0.0,26.63571614285714,31.46026785714286,35.58412712333333,46.092815,0.0
2024-09-10,46.262641,1,26,32,9,3,21.136344,24.0513,24.045705,23.141148,29.65519385714286,29.724303714285718,34.75315099,46.092815,21.136344
2024-09-11,0.0,2,27,31,9,3,46.262641,21.136344,24.0513,45.992262,32.958264285714286,28.007562142857147,34.71787685666666,46.262641,21.136344
2024-09-12,23.139521,3,28,30,9,3,0.0,46.262641,21.136344,23.126783,26.387941142857148,26.360607500000004,33.16349502333333,46.262641,0.0
2024-09-13,23.158516,4,29,29,9,3,23.139521,0.0,46.262641,46.092815,26.389760857142857,26.362549714285713,31.600427089999997,46.262641,0.0
2024-09-14,46.081252,5,30,28,9,3,23.158516,23.139521,0.0,24.045705,23.11343242857143,24.726127785714286,31.605577956666664,46.262641,0.0
2024-09-15,23.09713,6,31,27,9,3,46.081252,23.158516,23.139521,24.0513,26.261367714285715,26.369297857142858,31.60746732333333,46.262641,0.0
2024-09-16,23.344107,0,32,26,9,3,23.09713,46.081252,23.158516,21.136344,26.125057714285713,26.38038692857143,31.609589956666664,46.262641,0.0
2024-09-17,68.298347,1,33,25,9,3,23.344107,23.09713,46.081252,46.262641,26.44045242857143,28.047823142857144,31.586723356666663,46.262641,0.0
2024-09-18,0.0,2,34,24,9,3,68.298347,23.344107,23.09713,0.0,29.58841042857143,31.273337357142857,32.41505919,68.298347,0.0
2024-09-19,46.03353,3,35,23,9,3,0.0,68.298347,23.344107,23.139521,29.58841042857143,27.988175785714287,31.570456166666666,68.298347,0.0
2024-09-20,46.127041000000006,4,36,22,9,3,46.03353,0.0,68.298347,23.158516,32.85898314285714,29.624372,30.729400766666668,68.298347,0.0
2024-09-21,23.097826,5,37,21,9,3,46.127041000000006,46.03353,0.0,46.081252,36.140201000000005,29.626816714285717,30.7332515,68.298347,0.0
2024-09-22,47.121893,6,38,20,9,3,23.097826,46.127041000000006,46.03353,23.09713,32.85685442857143,29.55911107142857,29.969530466666672,68.298347,0.0
2024-09-23,46.202451999999994,0,39,19,9,3,47.121893,23.097826,46.127041000000006,23.344107,36.28896342857143,31.207010571428572,30.776612833333335,68.298347,0.0
2024-09-24,21.87454,1,40,18,9,3,46.202451999999994,47.121893,23.097826,68.298347,39.55444128571428,32.997446857142855,30.784811666666663,68.298347,0.0
2024-09-25,22.966125,2,41,17,9,3,21.87454,46.202451999999994,47.121893,0.0,32.92246885714285,31.255439642857144,31.513962999999997,47.121893,0.0
2024-09-26,22.994854,3,42,16,9,3,22.966125,21.87454,46.202451999999994,46.03353,36.203343857142855,32.895877142857145,30.7648391,47.121893,21.87454
2024-09-27,22.993473,4,43,15,9,3,22.994854,22.966125,21.87454,46.127041000000006,32.91210442857143,32.88554378571428,29.188100133333332,47.121893,21.87454
2024-09-28,46.077353,5,44,14,9,3,22.993473,22.994854,22.966125,23.097826,29.607308999999997,32.873755,29.1859704,47.121893,21.87454
2024-09-29,22.979281,6,45,13,9,3,46.077353,22.993473,22.994854,47.121893,32.89009857142857,32.8734765,29.95147116666667,47.121893,21.87454
2024-09-30,46.45352,0,46,12,9,3,22.979281,46.077353,22.993473,46.202451999999994,29.441154,32.865058714285716,29.181833100000002,46.202451999999994,21.87454
2024-10-01,0.0,1,47,11,10,4,46.45352,22.979281,46.077353,21.87454,29.477020857142858,34.51573107142857,29.961054733333334,46.45352,21.87454
2024-10-02,23.012133,2,48,10,10,4,0.0,46.45352,22.979281,22.966125,26.352086571428572,29.637277714285712,29.1963253,46.45352,0.0
2024-10-03,22.917953,3,49,9,10,4,23.012133,0.0,46.45352,22.994854,26.358659142857142,31.2810015,29.963396400000004,46.45352,0.0
2024-10-04,23.154152,4,50,8,10,4,22.917953,23.012133,0.0,22.993473,26.347673285714283,29.629888857142856,29.955956566666668,46.45352,0.0
2024-10-05,46.201553000000004,5,51,7,10,4,23.154152,22.917953,23.012133,46.077353,26.370627428571428,27.988968214285713,29.194686233333336,46.45352,0.0
2024-10-06,23.01695,6,52,6,10,4,46.201553000000004,23.154152,22.917953,22.979281,26.388370285714284,29.639234428571427,29.963845233333334,46.45352,0.0
2024-10-07,23.121844,0,53,5,10,4,23.01695,46.201553000000004,23.154152,46.45352,26.39375157142857,27.917452785714286,29.194649733333335,46.45352,0.0
2024-10-08,41.634174,1,54,4,10,4,23.121844,23.01695,46.201553000000004,0.0,23.060655,26.26883792857143,29.163854366666666,46.201553000000004,0.0
2024-10-09,42.929557,2,55,3,10,4,41.634174,23.121844,23.01695,23.012133,29.008394142857146,27.680240357142857,29.749950166666668,46.201553000000004,22.917953
2024-10-10,0.0,3,56,2,10,4,42.929557,41.634174,23.121844,22.917953,31.853740428571427,29.10619978571429,30.476390600000002,46.201553000000004,22.917953
2024-10-11,23.082332,4,57,1,10,4,0.0,42.929557,41.634174,23.154152,28.579747142857148,27.46371021428572,28.934302566666666,46.201553000000004,0.0
2024-10-12,23.022129,5,0,0,10,4,23.082332,0.0,42.929557,46.201553000000004,28.569487142857145,27.470057285714287,29.703713633333333,46.201553000000004,0.0
2024-10-13,23.073023,6,1,19,10,4,23.022129,23.082332,0.0,23.01695,25.258140857142855,25.82325557142857,29.69980056666667,42.929557,0.0
2024-10-14,46.427135,0,2,18,10,4,23.073023,23.022129,23.082332,23.121844,25.26615128571429,25.82995142857143,29.6969508,42.929557,0.0
2024-10-15,45.977042999999995,1,3,17,10,4,46.427135,23.073023,23.022129,41.634174,28.595478571428572,25.828066785714288,29.708480233333333,46.427135,0.0
2024-10-16,45.946332,2,4,16,10,4,45.977042999999995,46.427135,23.073023,42.929557,29.215888428571425,29.112141285714284,30.471144,46.427135,0.0
2024-10-17,22.970285,3,5,15,10,4,45.946332,45.977042999999995,46.427135,0.0,29.646856285714286,30.75029835714286,31.2245515,46.427135,0.0
2024-10-18,46.100325999999995,4,6,14,10,4,22.970285,45.946332,45.977042999999995,23.082332,32.928325571428566,30.75403635714286,29.713616100000003,46.427135,22.970285
2024-10-19,0.0,5,7,13,10,4,46.100325999999995,22.970285,45.946332,23.022129,36.21661042857143,32.393048785714285,31.250293633333335,46.427135,22.970285
2024-10-20,22.940924,6,8,12,10,4,0.0,46.100325999999995,22.970285,23.073023,32.92773485714286,29.092937857142857,29.715842633333335,46.427135,0.0
2024-10-21,67.648999,0,9,11,10,4,22.940924,0.0,46.100325999999995,46.427135,32.90886357142857,29.087507428571428,28.942972066666666,46.427135,0.0
2024-10-22,0.0,1,10,10,10,4,67.648999,22.940924,0.0,45.977042999999995,35.94055842857143,32.2680185,30.428011166666668,67.648999,0.0
2024-10-23,0.0,2,11,9,10,4,0.0,67.648999,22.940924,45.946332,29.372409428571434,29.294148928571424,28.8572814,67.648999,0.0
2024-10-24,24.112123,3,12,8,10,4,0.0,0.0,67.648999,22.970285,22.808647714285712,26.227752,27.31719966666667,67.648999,0.0
2024-10-25,22.928076,4,13,7,10,4,24.112123,0.0,0.0,46.100325999999995,22.971767428571432,27.950046499999996,27.39178576666667,67.648999,0.0
2024-10-26,0.0,5,14,6,10,4,22.928076,24.112123,0.0,0.0,19.661446,27.939028214285713,27.390517466666665,67.648999,0.0
2024-10-27,47.010049,6,15,5,10,4,0.0,22.928076,24.112123,22.940924,19.661446,26.294590428571432,26.624022333333333,67.648999,0.0
2024-10-28,46.971948,0,16,4,10,4,47.010049,0.0,22.928076,67.648999,23.09989242857143,28.004378,27.424574866666667,67.648999,0.0
2024-10-29,24.012428,1,17,3,10,4,46.971948,47.010049,0.0,0.0,20.146028,28.04329321428571,27.4543947,47.010049,0.0
2024-10-30,24.081389,2,18,2,10,4,24.012428,46.971948,47.010049,0.0,23.57637485714286,26.47439214285714,27.488832933333335,47.010049,0.0
2024-10-31,24.007541,3,19,1,10,4,24.081389,24.012428,46.971948,24.112123,27.016573285714287,24.9126105,26.743095233333335,47.010049,0.0
2024-11-01,0.0,4,0,0,11,4,24.007541,24.081389,24.012428,22.928076,27.001633,24.986700214285715,27.543346600000003,47.010049,0.0
2024-11-02,22.948834,5,1,34,11,4,0.0,24.007541,24.081389,0.0,23.726193571428574,21.693819785714286,26.7762755,47.010049,0.0
2024-11-03,23.064143,6,2,33,11,4,22.948834,0.0,24.007541,47.010049,27.00459842857143,23.333022214285716,26.777304866666665,47.010049,0.0
2024-11-04,21.1412079,0,3,32,11,4,23.064143,22.948834,0.0,46.971948,23.58375471428571,23.34182357142857,26.774304566666668,46.971948,0.0
2024-11-05,22.326256,1,4,31,11,4,21.1412079,23.064143,22.948834,24.012428,19.893648985714286,20.019838492857144,25.93895973,24.081389,0.0
2024-11-06,24.23506,2,5,30,11,4,22.326256,21.1412079,23.064143,24.081389,19.65276727142857,21.614571064285716,25.915936596666665,24.081389,0.0
2024-11-07,23.427184,3,6,29,11,4,24.23506,22.326256,21.1412079,24.007541,19.674720271428573,23.345646778571428,25.95304379666667,24.23506,0.0
2024-11-08,21.270303,4,7,28,11,4,23.427184,24.23506,22.326256,0.0,19.59181212857143,23.296722564285716,25.346144130000003,24.23506,0.0
2024-11-09,0.0,5,8,27,11,4,21.270303,23.427184,24.23506,22.948834,22.630426842857144,23.178310207142857,24.624168996666665,24.23506,21.1412079
2024-11-10,24.13243,6,9,26,11,4,0.0,21.270303,23.427184,23.064143,19.352021985714288,23.178310207142857,24.624168996666665,24.23506,0.0
2024-11-11,23.153352,0,10,25,11,4,24.13243,0.0,21.270303,21.1412079,19.504634414285714,21.544194564285714,24.659172263333335,24.23506,0.0
2024-11-12,47.310848,1,11,24,11,4,23.153352,24.13243,0.0,22.326256,19.792083571428574,19.842866278571428,24.663546363333335,24.23506,0.0
2024-11-13,47.310159999999996,2,12,23,11,4,47.310848,23.153352,24.13243,24.23506,23.361311,21.507039135714287,25.471473863333337,47.310848,0.0
2024-11-14,24.14541,3,13,22,11,4,47.310159999999996,47.310848,23.153352,23.427184,26.657753857142858,23.166237064285717,25.50090803,47.310848,0.0
2024-11-15,23.095752,4,14,21,11,4,24.14541,47.310159999999996,47.310848,21.270303,26.760357571428568,23.17608485,24.77318693,47.310848,0.0
2024-11-16,47.263338000000005,5,15,20,11,4,23.095752,24.14541,47.310159999999996,0.0,27.021136000000002,24.82578142142857,24.01150093,47.310848,0.0
2024-11-17,0.0,6,16,19,11,4,47.263338000000005,23.095752,24.14541,24.13243,33.77304142857143,26.562531707142856,24.821269363333332,47.310848,23.095752
2024-11-18,67.6430306,0,17,18,11,4,0.0,47.263338000000005,23.095752,23.153352,30.32555142857143,24.91509292142857,23.28459183,47.310848,0.0
2024-11-19,48.156395,1,18,17,11,4,67.6430306,0.0,47.263338000000005,47.310848,36.6812198,28.236651685714286,25.539359516666664,67.6430306,0.0
2024-11-20,0.0,2,19,16,11,4,48.156395,67.6430306,0.0,47.310159999999996,36.80201222857143,30.081661614285714,26.379875216666665,67.6430306,0.0
2024-11-21,0.0,3,20,15,11,4,0.0,48.156395,67.6430306,24.14541,30.043417942857143,28.350585900000002,24.12490858333333,67.6430306,0.0
2024-11-22,47.08318,4,21,14,11,4,0.0,0.0,48.156395,23.095752,26.59407365714286,26.677215614285718,24.12490858333333,67.6430306,0.0
2024-11-23,24.075018,5,22,13,11,4,47.08318,0.0,0.0,47.263338000000005,30.020849085714286,28.52099254285714,25.69434791666667,67.6430306,0.0
2024-11-24,24.241986,6,23,12,11,4,24.075018,47.08318,0.0,0.0,26.708231942857143,30.240636685714286,25.693111083333335,67.6430306,0.0
2024-11-25,24.084232,0,24,11,11,4,24.241986,24.075018,47.08318,67.6430306,30.1713728,30.24846211428571,25.736908083333336,67.6430306,0.0
2024-11-26,45.209596,1,25,10,11,4,24.084232,24.241986,24.075018,48.156395,23.94868728571429,30.314953542857147,26.539715816666668,48.156395,0.0
2024-11-27,47.392984,2,26,9,11,4,45.209596,24.084232,24.241986,0.0,23.527715999999998,30.164864114285713,26.479700716666667,47.08318,0.0
2024-11-28,23.162607,3,27,8,11,4,47.392984,45.209596,24.084232,0.0,30.298142285714285,30.170780114285716,26.493735249999997,47.392984,0.0
2024-11-29,23.19279,4,28,7,11,4,23.162607,47.392984,45.209596,47.08318,33.60708614285714,30.100579900000003,26.465407883333334,47.392984,23.162607
2024-11-30,23.9985,5,29,6,11,4,23.19279,23.162607,47.392984,24.075018,30.19417328571429,30.107511185714287,26.435787916666666,47.392984,23.162607
2024-12-01,22.869793,6,30,5,12,4,23.9985,23.19279,23.162607,24.241986,30.183242142857143,28.44573704285714,26.43548655,47.392984,23.162607
2024-12-02,23.096861,0,31,4,12,4,22.869793,23.9985,23.19279,24.084232,29.987214571428574,30.079293685714283,27.197812983333332,47.392984,22.869793
2024-12-03,23.036848,1,32,3,12,4,23.096861,22.869793,23.9985,45.209596,29.84616157142857,26.89742442857143,27.20274721666667,47.392984,22.869793
2024-12-04,23.092582,2,33,2,12,4,23.036848,23.096861,22.869793,47.392984,26.678626142857144,25.10317107142857,27.201837383333334,47.392984,22.869793
2024-12-05,24.161344,3,34,1,12,4,23.092582,23.036848,23.096861,23.162607,23.207140142857146,26.752641214285713,27.26688318666667,23.9985,22.869793
2024-12-06,23.084748,4,0,0,12,4,24.161344,23.092582,23.036848,23.19279,23.349816857142855,28.4784515,27.328052786666667,24.161344,22.869793
2024-12-07,23.164174,5,1,18,12,4,23.084748,24.161344,23.092582,23.9985,23.334382285714288,26.764277785714288,27.289709053333336,24.161344,22.869793
2024-12-08,24.09167,6,2,17,12,4,23.164174,23.084748,24.161344,22.869793,23.215192857142856,26.6992175,27.280942053333334,24.161344,22.869793
2024-12-09,0.0,0,3,16,12,4,24.09167,23.164174,23.084748,23.096861,23.389746714285714,26.688480642857144,27.374987620000002,24.161344,23.036848
2024-12-10,23.16548,1,4,15,12,4,0.0,24.09167,23.164174,23.036848,20.090195142857144,24.968178357142854,27.374987620000002,24.161344,0.0
2024-12-11,24.128033,2,5,14,12,4,23.16548,0.0,24.09167,23.092582,20.10857114285714,23.393598642857143,27.342755953333334,24.161344,0.0
2024-12-12,23.110113,3,6,13,12,4,24.128033,23.16548,0.0,24.161344,20.256492714285717,21.731816428571427,27.375245319999998,24.161344,0.0
2024-12-13,23.006873,4,7,12,12,4,23.110113,24.128033,23.16548,23.084748,20.106316857142854,21.72806685714286,26.56855415333333,24.128033,0.0
2024-12-14,23.987197,5,8,11,12,4,23.006873,23.110113,24.128033,23.164174,20.095191857142854,21.71478707142857,25.758444586666666,24.128033,0.0
2024-12-15,22.801615,6,9,10,12,4,23.987197,23.006873,23.110113,24.09167,20.21276657142857,21.713979714285717,25.75317082,24.128033,0.0
2024-12-16,23.005201,0,10,9,12,4,22.801615,23.987197,23.006873,0.0,20.028472999999998,21.70910985714286,25.74336625333333,24.128033,0.0
2024-12-17,24.243193,1,11,8,12,4,23.005201,22.801615,23.987197,23.16548,23.314930285714286,21.702562714285715,24.934761686666665,24.128033,22.801615
2024-12-18,23.132104,2,12,7,12,4,24.243193,23.005201,22.801615,24.128033,23.468889285714287,21.788730214285714,25.74286812,24.243193,22.801615
2024-12-19,24.22546,3,13,6,12,4,23.132104,24.243193,23.005201,23.110113,23.326613714285717,21.791553214285717,24.25917056666667,24.243193,22.801615
2024-12-20,23.19483,4,14,5,12,4,24.22546,23.132104,24.243193,23.006873,23.485949,21.79613292857143,23.461472733333334,24.243193,22.801615
2024-12-21,0.0,5,15,4,12,4,23.19483,24.22546,23.132104,23.987197,23.5128,21.803995928571428,24.234633733333336,24.243193,22.801615
2024-12-22,23.140395,6,16,3,12,4,0.0,23.19483,24.22546,22.801615,20.086057571428572,20.14941207142857,24.234633733333336,24.243193,0.0
2024-12-23,24.198658,0,17,2,12,4,23.140395,0.0,23.19483,23.005201,20.134454714285717,20.081463857142857,23.4365409,24.243193,0.0
2024-12-24,24.205242,1,18,1,12,4,24.198658,23.140395,0.0,24.243193,20.304948571428575,21.80993942857143,23.44066223333333,24.243193,0.0
2024-12-25,22.819992,2,0,0,12,4,24.205242,24.198658,23.140395,23.132104,20.299527,21.884208142857144,23.43943743333333,24.22546,0.0
2024-12-26,24.047912,3,1,6,12,4,22.819992,24.205242,24.198658,24.22546,20.254939571428572,21.790776642857143,23.397296100000002,24.22546,0.0
2024-12-27,0.0,4,2,5,12,4,24.047912,22.819992,24.205242,23.19483,20.22957557142857,21.85776228571429,22.691906633333335,24.205242,0.0
2024-12-28,0.0,5,3,4,12,4,0.0,24.047912,22.819992,0.0,16.91602842857143,20.214414214285714,21.112140500000002,24.205242,0.0
2024-12-29,0.0,6,4,3,12,4,0.0,0.0,24.047912,23.140395,16.91602842857143,18.501043000000003,20.340053599999997,24.205242,0.0
2024-12-30,48.343216999999996,0,5,2,12,4,0.0,0.0,0.0,24.198658,13.610257714285714,16.872356214285713,19.5669606,24.205242,0.0
2024-12-31,23.00965,1,6,1,12,4,48.343216999999996,0.0,0.0,24.205242,17.05948042857143,18.682214500000004,20.378451166666665,48.343216999999996,0.0
2025-01-01,23.031643,2,0,0,1,1,23.00965,48.343216999999996,0.0,22.819992,16.88868157142857,18.594104285714284,20.383113066666667,48.343216999999996,0.0
2025-01-02,24.036408,3,1,4,1,1,23.031643,23.00965,48.343216999999996,24.047912,16.91891742857143,18.5869285,20.380939133333335,48.343216999999996,0.0
2025-01-03,23.204732,4,2,3,1,1,24.036408,23.031643,23.00965,0.0,16.917274,18.573424785714284,20.414257799999998,48.343216999999996,0.0
2025-01-04,0.0,5,3,2,1,1,23.204732,24.036408,23.031643,0.0,20.232235714285714,18.574132071428572,20.41799613333333,48.343216999999996,0.0
2025-01-05,23.240928,6,4,1,1,1,0.0,23.204732,24.036408,0.0,20.232235714285714,18.574132071428572,19.612617999999998,48.343216999999996,0.0
2025-01-06,70.183106,0,0,0,1,1,23.240928,0.0,23.204732,48.343216999999996,23.552368285714287,18.581312999999998,19.617824,48.343216999999996,0.0
2025-01-07,23.98475,1,1,114,1,1,70.183106,23.240928,0.0,23.00965,26.672352428571426,21.86591642857143,21.185121733333332,70.183106,0.0
2025-01-08,24.196947,2,2,113,1,1,23.98475,70.183106,23.240928,23.031643,26.811652428571428,21.850167,21.18155773333333,70.183106,0.0
2025-01-09,0.0,3,3,112,1,1,24.196947,23.98475,70.183106,24.036408,26.978124428571427,21.94852092857143,21.98812263333333,70.183106,0.0
2025-01-10,47.334264000000005,4,4,111,1,1,0.0,24.196947,23.98475,23.204732,23.544351857142857,20.230812928571428,21.215939966666664,70.183106,0.0
2025-01-11,0.0,5,5,110,1,1,47.334264000000005,0.0,24.196947,0.0,26.99142785714286,23.611831785714287,21.989481,70.183106,0.0
2025-01-12,23.032293,6,6,109,1,1,0.0,47.334264000000005,0.0,23.240928,26.99142785714286,23.611831785714287,21.219143900000002,70.183106,0.0
2025-01-13,23.20895,0,7,108,1,1,23.032293,0.0,47.334264000000005,70.183106,26.961622857142856,25.256995571428572,21.219991233333335,70.183106,0.0
2025-01-14,22.755557,1,8,107,1,1,23.20895,23.032293,0.0,23.98475,20.251029142857142,23.46169078571429,21.194049666666665,47.334264000000005,0.0
2025-01-15,24.061684,2,9,106,1,1,22.755557,23.20895,23.032293,24.196947,20.07543014285714,23.443541285714282,21.1925144,47.334264000000005,0.0
2025-01-16,23.056436,3,10,105,1,1,24.061684,22.755557,23.20895,0.0,20.056106857142854,23.517115642857142,21.227730500000003,47.334264000000005,0.0
2025-01-17,23.068416,4,11,104,1,1,23.056436,24.061684,22.755557,47.334264000000005,23.349883428571427,23.447117642857144,21.188171933333333,47.334264000000005,0.0
2025-01-18,0.0,5,12,103,1,1,23.068416,23.056436,24.061684,0.0,19.883333714285715,23.437380785714286,21.186049,24.061684,0.0
2025-01-19,47.171458,6,13,102,1,1,0.0,23.068416,23.056436,23.032293,19.883333714285715,23.437380785714286,20.378533666666666,24.061684,0.0
2025-01-20,47.170442,0,14,101,1,1,47.171458,0.0,23.068416,23.20895,23.331785857142854,25.146704357142855,21.1777546,47.171458,0.0
2025-01-21,11.2115105,1,15,100,1,1,47.170442,47.171458,0.0,22.755557,26.75485614285714,23.502942642857143,22.750102666666667,47.171458,0.0
2025-01-22,47.10783,2,16,99,1,1,11.2115105,47.170442,47.171458,24.061684,25.105706642857143,22.590568392857143,22.352473183333334,47.171458,0.0
2025-01-23,24.13374,3,17,98,1,1,47.10783,11.2115105,47.170442,23.056436,28.398013214285715,24.227060035714285,23.116112250000004,47.171458,0.0
2025-01-24,23.170012,4,18,97,1,1,24.13374,47.10783,11.2115105,23.068416,28.551913785714284,25.950898607142854,23.113728850000005,47.171458,0.0
2025-01-25,0.0,5,19,96,1,1,23.170012,24.13374,47.10783,0.0,28.566427499999996,24.22488060714286,23.125396183333333,47.171458,0.0
2025-01-26,23.157906,6,20,95,1,1,0.0,23.170012,24.13374,47.171458,28.566427499999996,24.22488060714286,22.323799116666667,47.171458,0.0
2025-01-27,43.86031846,0,21,94,1,1,23.157906,0.0,23.170012,47.170442,25.13592007142857,24.233852964285713,23.095729316666667,47.170442,0.0
2025-01-28,23.001621,1,22,93,1,1,43.86031846,23.157906,0.0,11.2115105,24.66304528,25.70895071142857,24.557739932,47.10783,0.0
2025-01-29,24.115705,2,23,92,1,1,23.001621,43.86031846,23.157906,47.10783,26.347346780000002,25.726526711428573,25.324460632,47.10783,0.0
2025-01-30,34.194063400000005,3,24,91,1,1,24.115705,23.001621,43.86031846,24.13374,23.062757494285712,25.730385354285715,24.516876898666666,43.86031846,0.0
2025-01-31,0.0,4,25,90,1,1,34.194063400000005,24.115705,23.001621,23.170012,24.49994655142857,26.525930168571428,24.889690678666668,43.86031846,0.0
2025-02-01,23.221467,5,26,89,2,1,0.0,34.194063400000005,24.115705,0.0,21.189944837142857,24.87818616857143,24.121969245333332,43.86031846,0.0
2025-02-02,23.88430295,6,27,88,2,1,23.221467,0.0,34.194063400000005,23.157906,24.507297265714282,26.536862382857144,24.094804545333332,43.86031846,0.0
2025-02-03,24.201074,0,28,87,2,1,23.88430295,23.221467,0.0,43.86031846,24.61106825857143,24.873494165,24.117456910333335,43.86031846,0.0
2025-02-04,34.3220325,1,29,86,2,1,24.201074,23.88430295,23.221467,23.001621,21.802604764285714,23.23282502214286,24.924159377000002,34.194063400000005,0.0
2025-02-05,23.211295,2,30,85,2,1,34.3220325,24.201074,23.88430295,24.115705,23.419806407142858,24.88357659357143,25.293529526999997,34.3220325,0.0
2025-02-06,24.012924,3,31,84,2,1,23.211295,34.3220325,24.201074,34.194063400000005,23.290604978571427,23.176681236428575,23.72780249366667,34.3220325,0.0
2025-02-07,23.165959,4,32,83,2,1,24.012924,23.211295,34.3220325,0.0,21.83615649285714,23.16805152214286,23.728741626999998,34.3220325,0.0
2025-02-08,23.018705,5,33,82,2,1,23.165959,24.012924,23.211295,23.221467,25.145579207142855,23.167762022142856,23.694375360333332,34.3220325,23.165959
2025-02-09,22.825605,6,34,81,2,1,23.018705,23.165959,24.012924,23.88430295,25.116613207142855,24.81195523642857,24.461665527,34.3220325,23.018705
2025-02-10,58.352403699999996,0,35,80,2,1,22.825605,23.018705,23.165959,24.201074,24.965370642857145,24.788219450714287,23.644710227,34.3220325,22.825605
2025-02-11,23.070033,1,36,79,2,1,58.352403699999996,22.825605,23.018705,34.3220325,29.84413202857143,25.82336839642857,25.58979035033333,58.352403699999996,22.825605
2025-02-12,24.207176,2,37,78,2,1,23.070033,58.352403699999996,22.825605,23.211295,28.23670352857143,25.82825496785714,25.59104835033333,58.352403699999996,22.825605
2025-02-13,0.0,3,38,77,2,1,24.207176,23.070033,58.352403699999996,24.012924,28.37897224285714,25.834788610714288,25.624322550333332,58.352403699999996,22.825605
2025-02-14,47.511575,4,39,76,2,1,0.0,24.207176,23.070033,23.165959,24.948554528571428,23.392355510714285,24.865803983666662,58.352403699999996,0.0
2025-02-15,23.029186,5,40,75,2,1,47.511575,0.0,24.207176,23.018705,28.42649967142857,26.786039439285712,25.647467016999997,58.352403699999996,0.0
2025-02-16,23.23843,6,41,74,2,1,23.029186,47.511575,0.0,22.825605,28.427996957142852,26.772305082142854,25.64655868366667,58.352403699999996,0.0
2025-02-17,23.048121,0,42,73,2,1,23.23843,23.029186,47.511575,58.352403699999996,28.486971957142856,26.7261713,25.652225817,58.352403699999996,0.0
2025-02-18,22.65595,1,43,72,2,1,23.048121,23.23843,23.029186,23.070033,23.443502999999996,26.64381751428572,26.420496517,47.511575,0.0
2025-02-19,35.2043689,2,44,71,2,1,22.65595,23.048121,23.23843,24.207176,23.384348285714285,25.810525907142853,25.603312917,47.511575,0.0
2025-02-20,0.0,3,45,70,2,1,35.2043689,22.65595,23.048121,0.0,24.95537584285714,26.66717404285714,25.204443813666668,47.511575,0.0
2025-02-21,0.0,4,46,69,2,1,0.0,35.2043689,22.65595,47.511575,24.95537584285714,24.951965185714283,24.830726797,47.511575,0.0
2025-02-22,23.232973,5,47,68,2,1,0.0,0.0,35.2043689,23.029186,18.168007985714286,23.297253828571428,23.260465797,35.2043689,0.0
2025-02-23,24.223723,6,48,67,2,1,23.232973,0.0,0.0,23.23843,18.197120414285713,23.312558685714286,23.230440230333333,35.2043689,0.0
2025-02-24,24.048951,0,49,66,2,1,24.223723,23.232973,0.0,23.048121,18.337876557142856,23.412424257142856,23.265563930333332,35.2043689,0.0
2025-02-25,0.0,1,50,65,2,1,24.048951,24.223723,23.232973,22.65595,18.48085227142857,20.962177635714287,24.067195630333334,35.2043689,0.0
2025-02-26,24.07606,2,51,64,2,1,0.0,24.048951,24.223723,35.2043689,15.244287985714283,19.314318135714284,23.295265430333334,35.2043689,0.0
2025-02-27,24.116643,3,52,63,2,1,24.07606,0.0,24.048951,0.0,13.654529571428569,19.304952707142856,22.635790148333335,24.223723,0.0
2025-02-28,23.242016,4,53,62,2,1,24.116643,24.07606,0.0,0.0,17.099764285714283,21.027570064285715,22.672957548333333,24.223723,0.0
2025-03-01,23.229285,5,54,61,3,1,23.242016,24.116643,24.07606,23.232973,20.420052285714284,19.294030135714284,22.64383458166667,24.223723,0.0
2025-03-02,23.058164,6,55,60,3,1,23.229285,23.242016,24.116643,24.223723,20.419525428571426,19.308322921428573,22.278341968333336,24.223723,0.0
2025-03-03,24.05328,0,56,59,3,1,23.058164,23.229285,23.242016,24.048951,20.253016999999996,19.295446778571428,23.046947435,24.116643,0.0
2025-03-04,23.20086,1,57,58,3,1,24.05328,23.058164,23.229285,0.0,20.253635428571425,19.36724385,23.074674535,24.116643,0.0
2025-03-05,24.229291,2,58,57,3,1,23.20086,24.05328,23.058164,24.07606,23.568043999999997,19.406165992857144,23.05189310333333,24.116643,23.058164
2025-03-06,23.031398,3,59,56,3,1,24.229291,23.20086,24.05328,24.116643,23.58993414285714,18.622231857142857,23.05283367,24.229291,23.058164
2025-03-07,0.0,4,60,55,3,1,23.031398,24.229291,23.20086,23.242016,23.43489914285714,20.267331714285714,22.67647918666667,24.229291,23.031398
2025-03-08,47.29197,5,61,54,3,1,0.0,23.031398,24.229291,23.229285,20.114611142857143,20.267331714285714,21.902769353333333,24.229291,0.0
2025-03-09,0.0,6,62,53,3,1,47.29197,0.0,23.031398,23.058164,23.55213757142857,21.985831499999996,22.678737553333335,47.29197,0.0
2025-03-10,34.0253355,0,63,52,3,1,0.0,47.29197,0.0,24.05328,20.258114142857142,20.25556557142857,21.906538920000003,47.29197,0.0
2025-03-11,23.101197,1,64,51,3,1,34.0253355,0.0,47.29197,23.20086,21.682693499999996,20.968164464285714,22.273426603333334,47.29197,0.0
2025-03-12,47.492183999999995,2,65,50,3,1,23.101197,34.0253355,0.0,24.229291,21.66845592857143,22.618249964285713,22.28261300333333,47.29197,0.0
2025-03-13,24.114693,3,66,49,3,1,47.492183999999995,23.101197,34.0253355,23.031398,24.991726357142852,24.29083025,21.92060568,47.492183999999995,0.0
2025-03-14,24.082256,4,67,48,3,1,24.114693,47.492183999999995,23.101197,0.0,25.146482785714284,24.290690964285712,21.955427680000003,47.492183999999995,0.0
2025-03-15,24.166957,5,68,47,3,1,24.082256,24.114693,47.492183999999995,47.29197,28.586805071428568,24.350708107142857,21.95126368,47.492183999999995,0.0
2025-03-16,23.262904,6,69,46,3,1,24.166957,24.082256,24.114693,0.0,25.283231785714285,24.417684678571426,22.756828913333333,47.492183999999995,0.0
2025-03-17,58.3005495,0,70,45,3,1,23.262904,24.166957,24.082256,34.0253355,28.606503785714285,24.43230896428571,21.948539880000002,47.492183999999995,23.101197
2025-03-18,47.344887,1,71,44,3,1,58.3005495,23.262904,24.166957,23.101197,32.0743915,26.878542500000002,23.124251996666665,58.3005495,23.101197
2025-03-19,47.239986,2,72,43,3,1,47.344887,58.3005495,23.262904,47.492183999999995,35.53777578571429,28.603115857142857,23.92780056333333,58.3005495,23.262904
2025-03-20,11.203002999999999,3,73,42,3,1,47.239986,47.344887,58.3005495,24.114693,35.5017475,30.246736928571426,24.734196063333336,58.3005495,23.262904
2025-03-21,47.130836,4,74,41,3,1,11.203002999999999,47.239986,47.344887,24.082256,33.657220357142855,29.401851571428573,24.352431163333332,58.3005495,11.203002999999999
2025-03-22,23.195885,5,75,40,3,1,47.130836,11.203002999999999,47.239986,24.166957,36.94987464285714,32.768339857142855,24.74998006666667,58.3005495,11.203002999999999
2025-03-23,24.105713,6,76,39,3,1,23.195885,47.130836,11.203002999999999,23.262904,36.81115007142857,31.047190928571432,25.523176233333334,58.3005495,11.203002999999999
2025-03-24,30.406644,0,77,38,3,1,24.105713,23.195885,47.130836,58.3005495,36.93155135714286,32.76902757142857,26.326700000000002,58.3005495,11.203002999999999
2025-03-25,46.068364,1,78,37,3,1,30.406644,24.105713,23.195885,47.344887,32.946707714285715,32.510549607142856,26.565822366666666,47.344887,11.203002999999999
2025-03-26,28.126297,2,79,36,3,1,46.068364,30.406644,24.105713,47.239986,32.76434728571429,34.151061535714284,27.29397706666667,47.239986,11.203002999999999
2025-03-27,47.545446999999996,3,80,35,3,1,28.126297,46.068364,30.406644,11.203002999999999,30.03382028571428,32.767783892857146,27.4298886,47.130836,11.203002999999999
2025-03-28,0.0,4,81,34,3,1,47.545446999999996,28.126297,46.068364,47.130836,35.225598,34.441409178571426,29.014736833333338,47.545446999999996,23.195885
2025-03-29,23.13377,5,82,33,3,1,0.0,47.545446999999996,28.126297,23.195885,28.492621428571425,32.72124803571428,28.2122015,47.545446999999996,0.0
2025-03-30,0.0,6,83,32,3,1,23.13377,0.0,47.545446999999996,24.105713,28.483747857142852,32.647448964285715,28.179439066666664,47.545446999999996,0.0
2025-03-31,82.45002769999999,0,84,31,3,1,0.0,23.13377,0.0,30.406644,25.040074571428566,30.985812964285717,27.4047052,47.545446999999996,0.0
2025-04-01,0.0,1,85,30,4,2,82.45002769999999,0.0,23.13377,46.068364,32.474843671428566,32.71077569285714,29.378729956666668,82.45002769999999,0.0
2025-04-02,59.4613799,2,86,29,4,2,0.0,82.45002769999999,0.0,28.126297,25.89364881428571,29.32899805,28.610124489999997,82.45002769999999,0.0
2025-04-03,24.005395,3,87,28,4,2,59.4613799,0.0,82.45002769999999,47.545446999999996,30.370089228571423,30.201954757142857,29.790394486666667,82.45002769999999,0.0
2025-04-04,23.227172,4,88,27,4,2,24.005395,59.4613799,0.0,0.0,27.00722465714285,31.116411328571427,29.81721232,82.45002769999999,0.0
2025-04-05,23.178469,5,89,26,4,2,23.227172,24.005395,59.4613799,23.13377,30.325392085714277,29.40900675714286,29.78380835333333,82.45002769999999,0.0
2025-04-06,23.216082,6,90,25,4,2,23.178469,23.227172,24.005395,0.0,30.33177765714285,29.407762757142855,29.788710719999997,82.45002769999999,0.0
2025-04-07,47.17142200000001,0,91,24,4,2,23.216082,23.178469,23.227172,82.45002769999999,33.64836079999999,29.344217685714284,30.56258012,82.45002769999999,0.0
2025-04-08,61.039217199999996,1,92,23,4,2,47.17142200000001,23.216082,23.178469,0.0,28.608559985714283,30.541701828571426,30.55856185333333,59.4613799,0.0
2025-04-09,47.192814999999996,2,93,22,4,2,61.039217199999996,47.17142200000001,23.216082,59.4613799,37.32844815714285,31.611048485714285,32.593202426666664,61.039217199999996,23.178469
2025-04-10,23.126807,3,94,21,4,2,47.192814999999996,61.039217199999996,47.17142200000001,24.005395,35.575796028571425,32.972942628571424,33.032118409999995,61.039217199999996,23.178469
2025-04-11,24.125703,4,95,20,4,2,23.126807,47.192814999999996,61.039217199999996,23.227172,35.45028345714285,31.228754057142854,33.03297207666667,61.039217199999996,23.126807
2025-04-12,47.316924,5,96,19,4,2,24.125703,23.126807,47.192814999999996,23.178469,35.57864502857142,32.95201855714286,32.25408937666666,61.039217199999996,23.126807
2025-04-13,23.166129,6,97,18,4,2,47.316924,24.125703,23.126807,23.216082,39.02699574285714,34.679386699999995,33.02749707666666,61.039217199999996,23.126807
2025-04-14,24.016922,0,98,17,4,2,23.166129,47.316924,24.125703,47.17142200000001,39.0198596,36.3341102,32.996959509999996,61.039217199999996,23.126807
2025-04-15,58.4096185,1,99,16,4,2,24.016922,23.166129,47.316924,61.039217199999996,35.71207388571428,32.160316935714285,32.99195834333333,61.039217199999996,23.126807
2025-04-16,24.230445,2,100,15,4,2,58.4096185,24.016922,23.166129,47.192814999999996,35.336416928571424,36.33243254285714,34.16351549333333,58.4096185,23.126807
2025-04-17,0.0,3,101,14,4,2,24.230445,58.4096185,24.016922,23.126807,32.05607835714285,33.81593719285714,33.02784534333333,58.4096185,23.126807
2025-04-18,23.146736,4,102,13,4,2,0.0,24.230445,58.4096185,24.125703,28.752248785714283,32.101266121428566,31.449682443333334,58.4096185,0.0
2025-04-19,23.17774,5,103,12,4,2,23.146736,0.0,24.230445,47.316924,28.612396357142853,32.09552069285714,30.64657411,58.4096185,0.0
2025-04-20,46.214331,6,104,11,4,2,23.17774,23.146736,0.0,23.166129,25.163941499999996,32.095468621428566,31.04573201,58.4096185,0.0
2025-04-21,35.2432879,0,105,10,4,2,46.214331,23.17774,23.146736,24.016922,28.45654178571428,33.73820069285714,31.01518184333333,58.4096185,0.0
2025-04-22,71.21323,1,106,9,4,2,35.2432879,46.214331,23.17774,58.4096185,30.060308342857137,32.886191114285715,31.41676194,58.4096185,0.0
2025-04-23,58.5549697,2,107,8,4,2,71.21323,35.2432879,46.214331,24.230445,31.889395699999994,33.612906314285716,32.987012506666666,71.21323,0.0
2025-04-24,0.0,3,108,7,4,2,58.5549697,71.21323,35.2432879,0.0,36.79289922857142,34.42448879285714,33.92529003,71.21323,0.0
2025-04-25,24.197549,4,109,6,4,2,0.0,58.5549697,71.21323,23.146736,36.79289922857142,32.77257400714286,32.38967789666666,71.21323,0.0
2025-04-26,22.958857,5,110,5,4,2,24.197549,0.0,58.5549697,23.17774,36.943015371428565,32.777705864285714,32.25871963,71.21323,0.0
2025-04-27,23.20091,6,111,4,4,2,22.958857,24.197549,0.0,46.214331,36.91174637142857,31.037843935714285,31.439166629999995,71.21323,0.0
2025-04-28,35.5201298,0,112,3,4,2,23.20091,22.958857,24.197549,35.2432879,33.624114799999994,31.04032829285714,32.212530296666664,71.21323,0.0
2025-04-29,47.211371,1,113,2,4,2,35.5201298,23.20091,22.958857,71.21323,33.66366364285714,31.861985992857143,32.62540895666667,71.21323,0.0
2025-04-30,24.066611,2,114,1,4,2,47.211371,35.5201298,23.20091,58.5549697,30.23482664285714,31.06211117142857,34.19912132333333,58.5549697,0.0
2025-05-01,23.095256,3,0,0,5,2,24.066611,47.211371,35.5201298,0.0,25.307918257142852,31.050408742857144,32.25300743333334,47.211371,0.0
2025-05-02,24.225672,4,1,28,5,2,23.095256,24.066611,47.211371,24.197549,28.60724054285714,32.700069885714285,33.0228493,47.211371,22.958857
2025-05-03,47.261074,5,2,27,5,2,24.225672,23.095256,24.066611,22.958857,28.61125811428571,32.77713674285714,31.84832570333333,47.211371,22.958857
2025-05-04,24.251004,6,3,26,5,2,47.261074,24.225672,23.095256,23.20091,32.083003399999996,34.49737488571429,32.62351500333333,47.261074,23.095256
2025-05-05,81.6443399,0,4,25,5,2,24.251004,47.261074,24.225672,35.5201298,32.23301682857142,32.92856581428571,32.657642736666666,47.261074,23.095256
2025-05-06,24.161348,1,5,24,5,2,81.6443399,24.251004,47.261074,47.211371,38.8221897,36.24292667142857,34.6065051,81.6443399,23.095256
2025-05-07,47.413492,2,6,23,5,2,24.161348,81.6443399,24.251004,24.066611,35.529329271428566,32.88207795714286,34.63801396666666,81.6443399,23.095256
2025-05-08,11.2094205,3,7,22,5,2,47.413492,24.161348,81.6443399,23.095256,38.86459798571428,32.08625812142857,34.64608296666667,81.6443399,23.095256
2025-05-09,47.184602,4,8,21,5,2,11.2094205,47.413492,24.161348,24.225672,37.16662148571428,32.886931014285715,32.98508974333333,81.6443399,11.2094205
2025-05-10,47.105125,5,9,20,5,2,47.184602,11.2094205,47.413492,47.261074,40.446468628571424,34.52886337142857,32.98481597666667,81.6443399,11.2094205
2025-05-11,46.151467,6,10,19,5,2,47.105125,47.184602,11.2094205,24.251004,40.42419019999999,36.2535968,33.78409324333333,81.6443399,11.2094205
2025-05-12,82.358143,0,11,18,5,2,46.151467,47.105125,47.184602,81.6443399,43.55282777142857,37.8929223,34.51828537666666,81.6443399,11.2094205
2025-05-13,47.738147999999995,1,12,17,5,2,82.358143,46.151467,47.105125,24.161348,43.654799642857135,41.23849467142857,35.68632601,82.358143,11.2094205
2025-05-14,57.257205899999995,2,13,16,5,2,47.738147999999995,82.358143,46.151467,47.413492,47.02291392857142,41.2761216,36.50539331,82.358143,11.2094205
2025-05-15,57.4884706,3,14,15,5,2,57.257205899999995,47.738147999999995,82.358143,11.2094205,48.42915877142856,43.64687837857142,37.61340277333333,82.358143,11.2094205
2025-05-16,46.258024,4,15,14,5,2,57.4884706,57.257205899999995,47.738147999999995,47.184602,55.040451642857136,46.10353656428571,37.58269784333333,82.358143,46.151467
2025-05-17,58.8630176,5,16,13,5,2,46.258024,57.4884706,57.257205899999995,47.105125,54.90808335714285,47.67727599285713,38.31695047666666,82.358143,46.151467
2025-05-18,46.079522,6,17,12,5,2,58.8630176,46.258024,57.4884706,46.151467,56.58778229999999,48.50598624999999,40.279051063333334,82.358143,46.151467
2025-05-19,46.28134,0,18,11,5,2,46.079522,58.8630176,46.258024,82.358143,56.57750444285714,50.06516610714285,41.04347726333334,82.358143,46.079522
2025-05-20,45.704442,1,19,10,5,2,46.28134,46.079522,58.8630176,47.738147999999995,51.42367544285714,47.539237542857144,41.813597263333335,58.8630176,46.079522
2025-05-21,45.715438000000006,2,20,9,5,2,45.704442,46.28134,46.079522,57.257205899999995,51.133146014285714,49.07802997142857,41.796600963333326,58.8630176,45.704442
2025-05-22,45.685037,3,21,8,5,2,45.715438000000006,45.704442,46.28134,57.4884706,49.484322028571434,48.9567404,42.145672633333334,58.8630176,45.704442
2025-05-23,22.8664,4,22,7,5,2,45.685037,45.715438000000006,45.704442,46.258024,47.79811722857142,51.41928443571429,41.29473286666666,58.8630176,45.685037
2025-05-24,68.186488,5,23,6,5,2,22.8664,45.685037,45.715438000000006,58.8630176,44.45645665714285,49.682270007142854,40.10511387666667,58.8630176,22.8664
2025-05-25,69.075969,6,24,5,5,2,68.186488,22.8664,45.685037,46.079522,45.788381,51.18808165,42.377996810000006,68.186488,22.8664
2025-05-26,45.635852,0,25,4,5,2,69.075969,68.186488,22.8664,46.28134,49.073587714285715,52.825546078571435,43.87394414333333,69.075969,22.8664
2025-05-27,68.650015,1,26,3,5,2,45.635852,69.075969,68.186488,45.704442,48.98137514285714,50.202525292857146,44.62984397666666,69.075969,22.8664
2025-05-28,68.344094,2,27,2,5,2,68.650015,45.635852,69.075969,45.715438000000006,52.259314142857136,51.696230078571425,46.14481414333333,69.075969,22.8664
2025-05-29,23.01195,3,28,1,5,2,68.344094,68.650015,45.635852,45.685037,55.49197928571427,52.48815065714286,47.238946283333334,69.075969,22.8664
2025-05-30,23.154355,4,0,0,5,2,23.01195,68.344094,68.650015,22.8664,52.25296685714285,50.02554204285714,46.43229891666667,69.075969,22.8664
2025-05-31,46.212676,5,1,76,5,2,23.154355,23.01195,68.344094,68.186488,52.294103285714286,48.375279971428576,46.40189038333333,69.075969,23.01195
2025-06-01,23.282162,6,2,75,6,2,46.212676,23.154355,23.01195,69.075969,49.154987285714284,47.47168414285714,47.17247105,69.075969,23.01195
2025-06-02,101.6844882,0,3,74,6,2,23.282162,46.212676,23.154355,45.635852,42.61301485714284,45.84330128571428,47.14102071666666,68.650015,23.01195
2025-06-03,23.754408,1,4,73,6,2,101.6844882,23.282162,46.212676,68.650015,50.61996288571428,49.80066901428571,48.95513452333333,101.6844882,23.01195
2025-06-04,0.0,2,5,72,6,2,23.754408,101.6844882,23.282162,68.344094,44.206304742857135,48.232809442857146,48.93858132333333,101.6844882,23.01195
2025-06-05,46.809629,3,6,71,6,2,0.0,23.754408,101.6844882,23.01195,34.442862742857145,44.96742101428571,46.21710332666667,101.6844882,0.0
2025-06-06,23.300832,4,7,70,6,2,46.809629,0.0,23.754408,23.154355,37.84253117142857,45.04774901428571,46.97204602666667,101.6844882,0.0
2025-06-07,23.267613,5,8,69,6,2,23.300832,46.809629,0.0,46.212676,37.86345645714285,45.07877987142857,46.16829069333333,101.6844882,0.0
2025-06-08,46.031626,6,9,68,6,2,23.267613,23.300832,46.809629,23.282162,34.58559031428571,41.87028879999999,46.57023044333334,101.6844882,0.0
2025-06-09,47.214459000000005,0,10,67,6,2,46.031626,23.267613,23.300832,101.6844882,37.83551374285714,40.2242643,46.53179791,101.6844882,0.0
2025-06-10,70.189327,1,11,66,6,2,47.214459000000005,46.031626,23.267613,23.754408,30.054080999999996,40.33702194285714,46.535442376666666,47.214459000000005,0.0
2025-06-11,23.6347476,2,12,65,6,2,70.189327,47.214459000000005,46.031626,0.0,36.68764085714285,40.446972800000005,47.336704376666674,70.189327,0.0
2025-06-12,69.997487,3,13,64,6,2,23.6347476,70.189327,47.214459000000005,46.809629,40.06403337142857,37.253448057142855,45.37925786333333,70.189327,23.267613
2025-06-13,23.01518,4,14,63,6,2,69.997487,23.6347476,70.189327,23.300832,43.37658451428571,40.60955784285715,46.12123583,70.189327,23.267613
2025-06-14,46.297746000000004,5,15,62,6,2,23.01518,69.997487,23.6347476,23.267613,43.33577708571428,40.59961677142858,44.97983496666667,70.189327,23.01518
2025-06-15,47.166932,6,16,61,6,2,46.297746000000004,23.01518,69.997487,46.031626,46.625796085714285,40.605693200000005,44.60681081333334,70.189327,23.01518
2025-06-16,76.52251100000001,0,17,60,6,2,47.166932,46.297746000000004,23.01518,47.214459000000005,46.787982657142855,42.311748200000004,44.637107746666665,70.189327,23.01518
2025-06-17,46.711090999999996,1,18,59,6,2,76.52251100000001,47.166932,46.297746000000004,70.189327,50.974847228571434,40.514464114285715,45.22575752666667,76.52251100000001,23.01518
2025-06-18,46.216524,2,19,58,6,2,46.711090999999996,76.52251100000001,47.166932,23.6347476,47.620813514285715,42.154227185714284,45.24680982666666,76.52251100000001,23.01518
2025-06-19,36.9256302,3,20,57,6,2,46.216524,46.711090999999996,76.52251100000001,69.997487,50.84678157142857,45.45540747142858,45.24464929333333,76.52251100000001,23.01518
2025-06-20,46.952807,4,21,56,6,2,36.9256302,46.216524,46.711090999999996,23.01518,46.1222306,44.74940755714287,44.95202223333333,76.52251100000001,23.01518
2025-06-21,46.189009999999996,5,22,55,6,2,46.952807,36.9256302,46.216524,46.297746000000004,49.5418916,46.43883434285715,44.99326786666667,76.52251100000001,36.9256302
2025-06-22,46.789832000000004,6,23,54,6,2,46.189009999999996,46.952807,36.9256302,47.166932,49.52635788571428,48.07607698571429,45.01006696666666,76.52251100000001,36.9256302
2025-06-23,109.92012270000001,0,24,53,6,2,46.789832000000004,46.189009999999996,46.952807,76.52251100000001,49.47248645714286,48.130234557142856,45.8075147,76.52251100000001,36.9256302
2025-06-24,47.38443,1,25,52,6,2,109.92012270000001,46.789832000000004,46.189009999999996,46.711090999999996,54.24357384285714,52.60921053571429,47.19863585666666,109.92012270000001,36.9256302
2025-06-25,24.028145,2,26,51,6,2,47.38443,109.92012270000001,46.789832000000004,46.216524,54.33976512857142,50.98028932142858,46.47558455666667,109.92012270000001,36.9256302
2025-06-26,63.2470542,3,27,50,6,2,24.028145,47.38443,109.92012270000001,36.9256302,51.1699967,51.008389135714296,45.755327656666665,109.92012270000001,24.028145
2025-06-27,62.4441519,4,28,49,6,2,63.2470542,24.028145,47.38443,46.952807,54.93020012857143,50.52621536428571,45.57522896333334,109.92012270000001,24.028145
2025-06-28,46.528881,5,29,48,6,2,62.4441519,63.2470542,24.028145,46.189009999999996,57.143249399999995,53.3425705,45.37856422666667,109.92012270000001,24.028145
2025-06-29,47.302631,6,30,47,6,2,46.528881,62.4441519,63.2470542,46.789832000000004,57.19180239999999,53.359080142857145,46.162461926666666,109.92012270000001,24.028145
2025-06-30,87.3911782,0,31,46,6,2,47.302631,46.528881,62.4441519,109.92012270000001,57.2650594,53.36877292857143,46.967404460000004,109.92012270000001,24.028145
2025-07-01,70.139203,1,32,45,7,3,87.3911782,47.302631,46.528881,47.38443,54.04663875714285,54.1451063,48.3400212,87.3911782,24.028145
2025-07-02,0.0,2,33,44,7,3,70.139203,87.3911782,47.302631,24.028145,57.2973206142857,55.818542871428576,49.90192256666667,87.3911782,24.028145
2025-07-03,46.426769,3,34,43,7,3,0.0,70.139203,87.3911782,63.2470542,53.86472847142856,52.51736258571429,46.51243962666667,87.3911782,0.0
2025-07-04,23.165324,4,35,42,7,3,46.426769,0.0,70.139203,62.4441519,51.46183058571428,53.196015357142855,47.26818499333333,87.3911782,0.0
2025-07-05,23.115932,5,36,41,7,3,23.165324,46.426769,0.0,46.528881,45.85056945714285,51.49690942857143,48.04036246,87.3911782,0.0
2025-07-06,47.335582,6,37,40,7,3,23.115932,23.165324,46.426769,47.302631,42.50586245714285,49.84883242857143,47.25057256,87.3911782,0.0
2025-07-07,70.427569,0,38,39,7,3,47.335582,23.115932,23.165324,87.3911782,42.510569742857136,49.88781457142857,48.051730893333335,87.3911782,0.0
2025-07-08,70.307349,1,39,38,7,3,70.427569,47.335582,23.115932,70.139203,40.087196999999996,47.06691787857143,49.623729426666664,70.427569,0.0
2025-07-09,103.3129057,2,40,37,7,3,70.307349,70.427569,47.335582,0.0,40.11121785714285,48.70426923571428,50.43292019333333,70.427569,0.0
2025-07-10,23.285979,3,41,36,7,3,103.3129057,70.307349,70.427569,46.426769,54.870204385714274,54.367466428571426,52.30286841666667,103.3129057,23.115932
2025-07-11,46.276145,4,42,35,7,3,23.285979,103.3129057,70.307349,23.165324,51.56437724285714,51.51310391428571,50.73942348333333,103.3129057,23.115932
2025-07-12,46.267573999999996,5,43,34,7,3,46.276145,23.285979,103.3129057,23.115932,54.865923099999996,50.35824627857143,51.49413673000001,103.3129057,23.115932
2025-07-13,48.527239,6,44,33,7,3,46.267573999999996,46.276145,23.285979,47.335582,58.173300528571424,50.339581492857135,50.70313963,103.3129057,23.285979
2025-07-14,69.0014469,0,45,32,7,3,48.527239,46.267573999999996,46.276145,70.427569,58.34353724285713,50.42705349285715,51.55354159666667,103.3129057,23.285979
2025-07-15,40.74582335,1,46,31,7,3,69.0014469,48.527239,46.267573999999996,70.307349,58.139805514285705,49.11350125714286,52.31033162666667,103.3129057,23.285979
2025-07-16,71.53890799999999,2,47,30,7,3,40.74582335,69.0014469,48.527239,103.3129057,53.91673042142857,47.013974139285715,52.09629467166667,103.3129057,23.285979
2025-07-17,47.281029000000004,3,48,29,7,3,71.53890799999999,40.74582335,69.0014469,23.285979,49.377587892857136,52.12389613928571,51.93017457166666,71.53890799999999,23.285979
2025-07-18,46.39417,4,49,28,7,3,47.281029000000004,71.53890799999999,40.74582335,46.276145,52.80545217857143,52.18491471071429,51.949172505,71.53890799999999,40.74582335
2025-07-19,46.18257,5,50,27,7,3,46.39417,47.281029000000004,71.53890799999999,46.267573999999996,52.82231289285714,53.84411799642857,51.95509403833333,71.53890799999999,40.74582335
2025-07-20,47.489993999999996,6,51,26,7,3,46.18257,46.39417,47.281029000000004,48.527239,52.81016946428571,55.491734996428576,52.26365869833333,71.53890799999999,40.74582335
2025-07-21,45.929799,0,52,25,7,3,47.489993999999996,46.18257,46.39417,69.0014469,52.66199160714285,55.502764425,52.281564931666665,71.53890799999999,40.74582335
2025-07-22,47.370211,1,53,24,7,3,45.929799,47.489993999999996,46.18257,40.74582335,49.36604190714286,53.752923710714285,52.272924565000004,71.53890799999999,40.74582335
2025-07-23,24.081666,2,54,23,7,3,47.370211,45.929799,47.489993999999996,71.53890799999999,50.312383,52.11455671071428,52.29227053166666,71.53890799999999,45.929799
2025-07-24,93.548336,3,55,22,7,3,24.081666,47.370211,45.929799,47.281029000000004,43.532776999999996,46.45518244642857,49.430988641666666,47.489993999999996,24.081666
2025-07-25,69.647092,4,56,21,7,3,93.548336,24.081666,47.370211,46.39417,50.14239228571428,51.47392223214286,50.96978550833333,93.548336,24.081666
2025-07-26,46.831366,5,57,20,7,3,69.647092,93.548336,24.081666,46.18257,53.46423828571427,53.143275589285714,52.490417074999996,93.548336,24.081666
2025-07-27,46.885508,6,58,19,7,3,46.831366,69.647092,93.548336,47.489993999999996,53.55692342857143,53.18354644642857,51.94322746833333,93.548336,24.081666
2025-07-28,103.4131287,0,59,18,7,3,46.885508,46.831366,69.647092,45.929799,53.470568285714286,53.06627994642857,51.424606005,93.548336,24.081666
2025-07-29,93.65685500000001,1,60,17,7,3,103.4131287,46.885508,46.831366,47.370211,61.68247252857143,55.52425721785715,53.32074759499999,103.4131287,24.081666
2025-07-30,69.973049,2,61,16,7,3,93.65685500000001,103.4131287,46.885508,24.081666,68.29485024285715,59.30361662142857,54.865888395,103.4131287,24.081666
2025-07-31,58.5228447,3,62,15,7,3,69.973049,93.65685500000001,103.4131287,93.548336,74.8507621,59.191769550000004,54.285284088333334,103.4131287,46.831366
2025-08-01,46.552449,4,63,14,8,3,58.5228447,69.973049,93.65685500000001,69.647092,69.84712048571429,59.99475638571429,53.898072145,103.4131287,46.831366
2025-08-02,46.276806,5,64,13,8,3,46.552449,58.5228447,69.973049,46.831366,66.54788577142857,60.00606202857143,55.449820445,103.4131287,46.552449
2025-08-03,46.775673999999995,6,65,12,8,3,46.276806,46.552449,58.5228447,46.885508,66.46866291428572,60.01279317142858,55.44482167833334,103.4131287,46.276806
2025-08-04,105.9353993,0,66,11,8,3,46.775673999999995,46.276806,46.552449,103.4131287,66.45297234285714,59.961770314285715,56.231833345000005,103.4131287,46.276806
2025-08-05,69.63621,1,67,10,8,3,105.9353993,46.775673999999995,46.276806,93.65685500000001,66.81329671428571,64.24788462142858,58.992482255000006,105.9353993,46.276806
2025-08-06,82.72570379999999,2,68,9,8,3,69.63621,105.9353993,46.775673999999995,69.973049,63.381775999999995,65.83831312142857,59.73583652166667,105.9353993,46.276806
2025-08-07,69.558048,3,69,8,8,3,82.72570379999999,69.63621,105.9353993,58.5228447,65.20358382857144,70.02717296428571,60.14577434833333,105.9353993,46.276806
2025-08-08,46.068147999999994,4,70,7,8,3,69.558048,82.72570379999999,69.63621,46.552449,66.78004144285714,68.3135809642857,60.12079764833334,105.9353993,46.276806
2025-08-09,46.550146,5,71,6,8,3,46.068147999999994,69.558048,82.72570379999999,46.276806,66.71085558571428,66.62937067857143,58.21263905833334,105.9353993,46.068147999999994
2025-08-10,46.313632999999996,6,72,5,8,3,46.550146,46.068147999999994,69.558048,46.775673999999995,66.74990415714285,66.60928353571428,58.98811129166666,105.9353993,46.068147999999994
2025-08-11,59.1408023,0,73,4,8,3,46.313632999999996,46.550146,46.068147999999994,105.9353993,66.6838983,66.56843532142857,58.98936089166667,105.9353993,46.068147999999994
2025-08-12,46.172212,1,74,3,8,3,59.1408023,46.313632999999996,46.550146,69.63621,59.99895587142857,63.40612629285714,59.418468501666666,82.72570379999999,46.068147999999994
2025-08-13,69.686296,2,75,2,8,3,46.172212,59.1408023,46.313632999999996,82.72570379999999,56.64695615714286,60.01436607857143,59.339967601666665,82.72570379999999,46.068147999999994
2025-08-14,46.394924,3,76,1,8,3,69.686296,46.172212,59.1408023,69.558048,54.78418361428571,59.99388372142857,59.362795905,69.686296,46.068147999999994
2025-08-15,46.426959,4,0,0,8,3,46.394924,69.686296,46.172212,46.068147999999994,51.47516589999999,59.127603671428574,59.55109926,69.686296,46.068147999999994
2025-08-16,69.289019,5,1,57,8,3,46.426959,46.394924,69.686296,46.550146,51.52642461428571,59.11864009999999,58.714034293333334,69.686296,46.172212
2025-08-17,46.301401999999996,6,2,56,8,3,69.289019,46.426959,46.394924,46.313632999999996,54.77483504285714,60.7623696,59.44763396,69.686296,46.172212
2025-08-18,128.6809757,0,3,55,8,3,46.301401999999996,69.289019,46.426959,59.1408023,54.77308775714285,60.72849302857143,59.444541693333335,69.686296,46.172212
2025-08-19,46.199166000000005,1,4,54,8,3,128.6809757,46.301401999999996,69.289019,46.172212,64.70739824285714,62.353177057142865,62.19448855,128.6809757,46.172212
2025-08-20,93.2380835,2,5,53,8,3,46.199166000000005,128.6809757,46.301401999999996,69.686296,64.71124881428571,60.67910248571428,62.15146095,128.6809757,46.199166000000005
2025-08-21,69.559547,3,6,52,8,3,93.2380835,46.199166000000005,128.6809757,46.394924,68.07578988571427,61.42998675,63.728403766666666,128.6809757,46.199166000000005
2025-08-22,93.07473540000001,4,7,51,8,3,69.559547,93.2380835,46.199166000000005,46.426959,71.38502174285715,61.43009382142857,64.4680483,128.6809757,46.199166000000005
2025-08-23,46.062371,5,8,50,8,3,93.07473540000001,69.559547,93.2380835,69.289019,78.04898979999999,64.78770720714286,66.76781728,128.6809757,46.199166000000005
2025-08-24,46.556533,6,9,49,8,3,46.062371,93.07473540000001,69.559547,46.301401999999996,74.73089722857142,64.75286613571429,65.18495177999999,128.6809757,46.062371
2025-08-25,93.1703161,0,10,48,8,3,46.556533,46.062371,93.07473540000001,128.6809757,74.76734451428571,64.77021613571428,64.41526648,128.6809757,46.062371
2025-08-26,69.209422,1,11,47,8,3,93.1703161,46.556533,46.062371,46.199166000000005,69.69439314285714,67.20089569285715,65.95989815,93.2380835,46.062371
2025-08-27,82.3486448,2,12,46,8,3,69.209422,93.1703161,46.556533,93.2380835,72.98157257142857,68.84641069285713,66.70402861666666,93.2380835,46.062371
2025-08-28,69.503775,3,13,45,8,3,82.3486448,69.209422,93.1703161,69.559547,71.42593847142857,69.75086417857143,66.00187915333332,93.1703161,46.062371
2025-08-29,69.423948,4,14,44,8,3,69.503775,82.3486448,69.209422,93.07473540000001,71.41797104285713,71.40149639285714,65.19677648666666,93.1703161,46.062371
2025-08-30,46.458433,5,15,43,8,3,69.423948,69.503775,82.3486448,46.062371,68.03928712857142,73.04413846428572,65.17847311999999,93.1703161,46.062371
2025-08-31,46.297285,6,16,42,8,3,46.458433,69.423948,69.503775,46.556533,68.0958674142857,71.41338232142857,64.77632606333333,93.1703161,46.458433
2025-09-01,69.423281,0,17,41,9,3,46.297285,46.458433,69.423948,93.1703161,68.05883198571428,71.41308825,64.76782059666667,93.1703161,46.297285
2025-09-02,93.1620309,1,18,40,9,3,69.423281,46.297285,46.458433,69.209422,64.6663984,67.18039577142856,65.53936976333333,82.3486448,46.297285
2025-09-03,46.245945000000006,2,19,39,9,3,93.1620309,69.423281,46.297285,82.3486448,68.08819967142857,70.53488612142857,67.08558165999999,93.1620309,46.297285
2025-09-04,69.412265,3,20,38,9,3,46.245945000000006,93.1620309,69.423281,69.503775,62.930671128571426,67.1783048,65.09593318333333,93.1620309,46.245945000000006
2025-09-05,69.50359399999999,4,21,37,9,3,69.412265,46.245945000000006,93.1620309,69.423948,62.91759827142857,67.16778465714286,65.08846835,93.1620309,46.245945000000006
2025-09-06,46.481234,5,22,36,9,3,69.50359399999999,69.412265,46.245945000000006,46.458433,62.92897627142856,65.4841317,64.64773135666667,93.1620309,46.245945000000006
2025-09-07,23.27191,6,23,35,9,3,46.481234,69.50359399999999,69.412265,46.297285,62.93223355714285,65.5140504857143,63.87850422333334,93.1620309,46.245945000000006
2025-09-08,93.0988813,0,24,34,9,3,23.27191,46.481234,69.50359399999999,69.423281,59.64289427142857,63.850863128571426,63.11862962333333,93.1620309,23.27191
2025-09-09,92.910826,1,25,33,9,3,93.0988813,23.27191,46.481234,93.1620309,63.02512288571428,63.845760642857144,64.67025413333334,93.1620309,23.27191
2025-09-10,69.9854585,2,26,32,9,3,92.910826,93.0988813,23.27191,46.245945000000006,62.98923647142856,65.53871807142858,66.2234939,93.0988813,23.27191
2025-09-11,52.814783000000006,3,27,31,9,3,69.9854585,92.910826,93.0988813,69.412265,66.38059554285714,64.65563333571428,66.58498244,93.0988813,23.27191
2025-09-12,50.963601,4,28,30,9,3,52.814783000000006,69.9854585,92.910826,69.50359399999999,64.00952668571428,63.463562478571426,66.80640147333334,93.0988813,23.27191
2025-09-13,46.26769,5,29,29,9,3,50.963601,52.814783000000006,69.9854585,46.481234,61.360956257142846,62.14496626428571,66.18231164,93.0988813,23.27191
2025-09-14,46.277269,6,30,28,9,3,46.26769,50.963601,52.814783000000006,23.27191,61.330449971428564,62.131341764285715,66.17807050666667,93.0988813,23.27191
2025-09-15,11.2267596,0,31,27,9,3,46.277269,46.26769,50.963601,93.0988813,64.61692982857143,62.129912049999994,66.17308084,93.0988813,46.26769
2025-09-16,82.119387,1,32,26,9,3,11.2267596,46.277269,46.26769,92.910826,52.92091244285713,57.97301766428571,64.23767219333334,92.910826,11.2267596
2025-09-17,70.0363318,2,33,25,9,3,82.119387,11.2267596,46.277269,69.9854585,51.379278299999996,57.18425738571428,65.43160502666666,82.119387,11.2267596
2025-09-18,46.161203,3,34,24,9,3,70.0363318,82.119387,11.2267596,52.814783000000006,51.38654591428571,58.883570728571435,63.476783563333335,82.119387,11.2267596
2025-09-19,82.1385977,4,35,23,9,3,46.161203,70.0363318,82.119387,50.963601,50.43603448571428,57.22278058571429,63.47551813,82.119387,11.2267596
2025-09-20,46.424110999999996,5,36,22,9,3,82.1385977,46.161203,70.0363318,46.26769,54.88960544285714,58.12528085,63.105535270000004,82.1385977,11.2267596
2025-09-21,69.321111,6,37,21,9,3,46.424110999999996,82.1385977,46.161203,46.277269,54.91195129999999,58.12120063571428,62.33435407,82.1385977,11.2267596
2025-09-22,93.36064429999999,0,38,20,9,3,69.321111,46.424110999999996,82.1385977,11.2267596,58.20392872857143,61.41042927857143,61.54256659,82.1385977,11.2267596
2025-09-23,46.1165,1,39,19,9,3,93.36064429999999,69.321111,46.424110999999996,82.119387,69.93734082857142,61.42912663571429,63.11917570000001,93.36064429999999,46.161203
2025-09-24,93.25842850000001,2,40,18,9,3,46.1165,93.36064429999999,69.321111,70.0363318,64.79407125714285,58.08667477857143,63.10450793333334,93.36064429999999,46.1165
2025-09-25,23.161984,3,41,17,9,3,93.25842850000001,46.1165,93.36064429999999,46.161203,68.11151364285715,59.749029778571426,63.10744501333333,93.36064429999999,46.1165
2025-09-26,46.39377,4,42,16,9,3,23.161984,93.25842850000001,46.1165,82.1385977,64.82591092857142,57.63097270714286,61.57253041333333,93.36064429999999,23.161984
2025-09-27,46.161861,5,43,15,9,3,46.39377,23.161984,93.25842850000001,46.424110999999996,59.719506971428565,57.30455620714286,60.37403458666667,93.36064429999999,23.161984
2025-09-28,46.152623,6,44,14,9,3,46.161861,46.39377,23.161984,69.321111,59.68204268571428,57.296996992857146,59.59597078666666,93.36064429999999,23.161984
2025-09-29,70.240905,0,45,13,9,3,46.152623,46.161861,46.39377,93.36064429999999,56.37225868571427,57.28809370714286,58.820259953333334,93.36064429999999,23.161984
2025-09-30,46.321153,1,46,12,9,3,70.240905,46.152623,46.161861,46.1165,53.06943878571428,61.50338980714286,59.61300902000001,93.25842850000001,23.161984
2025-10-01,93.3348125,2,47,11,10,4,46.321153,70.240905,46.152623,93.25842850000001,53.09867492857142,58.94637309285714,59.613804619999996,93.25842850000001,23.161984
2025-10-02,23.075473,3,48,10,10,4,93.3348125,46.321153,70.240905,23.161984,53.109586928571424,60.61055028571428,60.410855670000004,93.3348125,23.161984
2025-10-03,46.562888,4,49,9,10,4,23.075473,93.3348125,46.321153,46.39377,53.097228214285714,58.96156957142857,58.074637073333335,93.3348125,23.075473
2025-10-04,46.155107,5,50,8,10,4,46.562888,23.075473,93.3348125,46.161861,53.12138792857142,56.42044745,58.085201839999996,93.3348125,23.075473
2025-10-05,46.24114,6,51,7,10,4,46.155107,46.562888,23.075473,46.152623,53.12042307142856,56.40123287857143,57.30996324,93.3348125,23.075473
2025-10-06,46.6880413,0,52,6,10,4,46.24114,46.155107,46.562888,70.240905,53.133068357142854,54.75266352142857,56.53454810666667,93.3348125,23.075473
2025-10-07,91.9563964,1,53,5,10,4,46.6880413,46.24114,46.155107,46.321153,49.76837354285714,51.418906164285715,56.54144168333333,93.3348125,23.075473
2025-10-08,46.245597000000004,2,54,4,10,4,91.9563964,46.6880413,46.24114,93.3348125,56.28769402857142,54.69318447857143,58.83092456333334,93.3348125,23.075473
2025-10-09,35.539215999999996,3,55,3,10,4,46.245597000000004,91.9563964,46.6880413,23.075473,49.56066324285714,51.33512508571429,57.26914842,91.9563964,23.075473
2025-10-10,59.3979418,4,56,2,10,4,35.539215999999996,46.245597000000004,91.9563964,46.562888,51.34119795714285,52.21921308571429,55.356761420000005,91.9563964,35.539215999999996
2025-10-11,69.685245,5,57,1,10,4,59.3979418,35.539215999999996,46.245597000000004,46.155107,53.17477707142856,53.1480825,55.00384419666667,91.9563964,35.539215999999996
2025-10-12,69.807578,6,0,0,10,4,69.685245,59.3979418,35.539215999999996,46.24114,56.53622535714285,54.828324214285715,55.56619293000001,91.9563964,35.539215999999996
2025-10-13,46.184561,0,1,19,10,4,69.807578,69.685245,59.3979418,46.6880413,59.90285935714285,56.51796385714285,56.19432549666667,91.9563964,35.539215999999996
2025-10-14,92.3234754,1,2,18,10,4,46.184561,69.807578,69.685245,91.9563964,59.83093359999999,54.79965357142857,56.19155453,91.9563964,35.539215999999996
2025-10-15,69.322686,2,3,17,10,4,92.3234754,46.184561,69.807578,46.245597000000004,59.88337345714285,58.085533742857145,57.72642807666667,92.3234754,35.539215999999996
2025-10-16,105.516164,3,4,16,10,4,69.322686,92.3234754,46.184561,35.539215999999996,63.18010045714285,56.37038185,59.66295895666667,92.3234754,35.539215999999996
2025-10-17,46.457719,4,5,15,10,4,105.516164,69.322686,92.3234754,59.3979418,73.17680731428571,62.25900263571429,60.442851523333324,105.516164,46.184561
2025-10-18,46.350623999999996,5,6,14,10,4,46.457719,105.516164,69.322686,69.685245,71.32820405714286,62.25149056428571,59.656897763333326,105.516164,46.184561
2025-10-19,46.491181999999995,6,7,13,10,4,46.350623999999996,46.457719,105.516164,69.807578,67.99468677142856,62.265456064285715,59.66321179666667,105.516164,46.184561
2025-10-20,69.581391,0,8,12,10,4,46.491181999999995,46.350623999999996,46.457719,46.184561,64.66377305714285,62.28331620714285,58.47496460666667,105.516164,46.184561
2025-10-21,68.971924,1,9,11,10,4,69.581391,46.491181999999995,46.350623999999996,92.3234754,68.00617734285713,63.918555471428576,59.24687394,105.516164,46.350623999999996
2025-10-22,69.316169,2,10,10,10,4,68.971924,69.581391,46.491181999999995,69.322686,64.67024142857142,62.27680744285714,59.235234373333334,105.516164,46.350623999999996
2025-10-23,69.998839,3,11,9,10,4,69.316169,68.971924,69.581391,105.516164,64.66931042857142,63.924705442857146,58.433751863333335,105.516164,46.350623999999996
2025-10-24,46.323606999999996,4,12,8,10,4,69.998839,69.316169,68.971924,46.457719,59.59540685714285,66.38610708571429,59.22982983,69.998839,46.350623999999996
2025-10-25,46.373672,5,13,7,10,4,46.323606999999996,69.998839,69.316169,46.350623999999996,59.576247999999985,65.45222602857143,57.66533578,69.998839,46.323606999999996
2025-10-26,46.25244,6,14,6,10,4,46.373672,46.323606999999996,69.998839,46.491181999999995,59.57954057142856,63.78711367142857,58.43905871333333,69.998839,46.323606999999996
2025-10-27,46.447297000000006,0,15,5,10,4,46.25244,46.373672,46.323606999999996,69.581391,59.545434571428565,62.10460381428572,58.43434771333333,69.998839,46.25244
2025-10-28,68.684058,1,16,4,10,4,46.447297000000006,46.25244,46.373672,68.971924,56.240564,62.123370671428574,58.44386224666667,69.998839,46.25244
2025-10-29,46.331244,2,17,3,10,4,68.684058,46.447297000000006,46.25244,69.316169,56.19944028571428,60.43484085714285,59.19491008,69.998839,46.25244
2025-10-30,92.843652,3,18,2,10,4,46.331244,68.684058,46.447297000000006,69.998839,52.91587957142856,58.792595000000006,58.39792137999999,69.998839,46.25244
2025-10-31,59.182486499999996,4,19,1,10,4,92.843652,46.331244,68.684058,46.323606999999996,56.179424285714276,57.88741557142857,59.948671346666664,92.843652,46.25244
2025-11-01,46.088908,5,0,0,11,4,59.182486499999996,92.843652,46.331244,46.373672,58.01640707142856,58.79632753571429,58.810260480000004,92.843652,46.25244
2025-11-02,47.286874999999995,6,1,34,11,4,46.088908,59.182486499999996,92.843652,46.25244,57.97572649999999,58.77763353571429,59.577374979999995,92.843652,46.088908
2025-11-03,46.276963,0,2,33,11,4,47.286874999999995,46.088908,59.182486499999996,46.447297000000006,58.123502928571426,58.83446875,59.60150788,92.843652,46.088908
2025-11-04,40.712446,1,3,32,11,4,46.276963,47.286874999999995,46.088908,68.684058,58.09916949999998,57.16986675,59.60556974666667,92.843652,46.088908
2025-11-05,87.446876,2,4,31,11,4,40.712446,46.276963,47.286874999999995,46.331244,54.10322492857142,55.15133260714286,59.421279946666665,92.843652,40.712446
2025-11-06,46.159476,3,5,30,11,4,87.446876,40.712446,46.276963,92.843652,59.97688664285714,56.44638310714286,60.77990777,92.843652,40.712446
2025-11-07,46.301365000000004,4,6,29,11,4,46.159476,87.446876,40.712446,59.182486499999996,53.30771864285713,54.743571464285715,59.253343756666666,87.446876,40.712446
2025-11-08,46.404069,5,7,28,11,4,46.301365000000004,46.159476,87.446876,46.088908,51.46755842857142,54.74198274999999,59.255202690000004,87.446876,40.712446
2025-11-09,46.265632,6,8,27,11,4,46.404069,46.301365000000004,46.159476,47.286874999999995,51.51258142857142,54.744153964285715,59.617364456666664,87.446876,40.712446
2025-11-10,93.12567,0,9,26,11,4,46.265632,46.404069,46.301365000000004,46.276963,51.36668957142856,54.74509625,59.17962079666667,87.446876,40.712446
2025-11-11,45.69358,1,10,25,11,4,93.12567,46.265632,46.404069,40.712446,58.059362,58.07926575,59.960968296666664,93.12567,40.712446
2025-11-12,93.133055,2,11,24,11,4,45.69358,93.12567,46.265632,87.446876,58.770952571428566,56.43708875,59.157168363333334,93.12567,45.69358
2025-11-13,23.261375,3,12,23,11,4,93.133055,45.69358,93.12567,46.159476,59.58326385714285,59.780075249999996,60.722118163333334,93.133055,45.69358
2025-11-14,69.8533238,4,13,22,11,4,23.261375,93.133055,45.69358,46.301365000000004,56.312106571428565,54.809912607142856,58.42004815,93.133055,23.261375
2025-11-15,46.089462999999995,5,14,21,11,4,69.8533238,23.261375,93.133055,46.404069,59.6766721142857,55.572115271428565,58.43773607666667,93.133055,23.261375
2025-11-16,46.302031,6,15,20,11,4,46.089462999999995,69.8533238,23.261375,46.265632,59.63172839999999,55.57215491428571,56.456846043333336,93.133055,23.261375
2025-11-17,93.0883906,0,16,19,11,4,46.302031,46.089462999999995,69.8533238,93.12567,59.63692825714285,55.50180891428572,56.45165644333334,93.133055,23.261375
2025-11-18,69.451455,1,17,18,11,4,93.0883906,46.302031,46.089462999999995,45.69358,59.63160262857142,58.84548231428572,58.00958199666666,93.133055,23.261375
2025-11-19,69.485067,2,18,17,11,4,69.451455,93.0883906,46.302031,93.133055,63.02558477142856,60.89826867142857,58.77492442999999,93.133055,23.261375
2025-11-20,23.00195,3,19,16,11,4,69.485067,69.451455,93.0883906,23.261375,59.647300771428554,59.615282314285714,58.77171363,93.0883906,23.261375
2025-11-21,46.153109,4,20,15,11,4,23.00195,69.485067,69.451455,69.8533238,59.610240057142846,57.96117331428571,57.239381163333334,93.0883906,23.00195
2025-11-22,69.457957,5,21,14,11,4,46.153109,23.00195,69.485067,46.089462999999995,56.22449508571428,57.9505836,56.46727916333332,93.0883906,23.00195
2025-11-23,46.068174,6,22,13,11,4,69.457957,46.153109,23.00195,46.302031,59.562851371428565,59.59728988571429,56.449249763333334,93.0883906,23.00195
2025-11-24,92.734187,0,23,12,11,4,46.068174,69.457957,46.153109,93.0883906,59.52944322857142,59.58318574285714,56.44073533,93.0883906,23.00195
2025-11-25,45.7955471,1,24,11,11,4,92.734187,46.068174,69.457957,69.451455,59.478842714285705,59.55522267142857,57.98608583,92.734187,23.00195
2025-11-26,75.52897540000001,2,25,10,11,4,45.7955471,92.734187,46.068174,69.485067,56.09942729999999,59.562506035714286,57.97085606666667,92.734187,23.00195
2025-11-27,69.506,3,26,9,11,4,75.52897540000001,45.7955471,92.734187,23.00195,56.96284278571428,58.305071778571424,58.940245346666664,92.734187,23.00195
2025-11-28,35.575371000000004,4,27,8,11,4,69.506,75.52897540000001,45.7955471,46.153109,63.606278499999995,61.608259278571424,58.967643413333334,92.734187,45.7955471
2025-11-29,46.330593,5,28,7,11,4,35.575371000000004,69.506,75.52897540000001,69.457957,62.09517307142856,59.15983407857143,58.60911431333333,92.734187,35.575371000000004
2025-11-30,46.017663,6,29,6,11,4,46.330593,35.575371000000004,69.506,46.068174,58.791263928571425,59.17705765,57.05867901333333,92.734187,35.575371000000004
2025-12-01,69.673737,0,30,5,12,4,46.017663,46.330593,35.575371000000004,92.734187,58.784048071428565,59.15674565,56.619851563333334,92.734187,35.575371000000004
2025-12-02,69.509075,1,31,4,12,4,69.673737,46.017663,46.330593,45.7955471,55.48969807142856,57.48427039285715,57.40601253,75.52897540000001,35.575371000000004
2025-12-03,92.564565,2,32,3,12,4,69.509075,69.673737,46.017663,75.52897540000001,58.87734491428571,57.48838610714286,58.14675253,75.52897540000001,35.575371000000004
2025-12-04,68.760231,3,33,2,12,4,92.564565,69.509075,69.673737,69.506,61.311000571428565,59.136921678571426,59.68967259666667,92.564565,35.575371000000004
2025-12-05,46.47516,4,34,1,12,4,68.760231,92.564565,69.509075,35.575371000000004,61.20446214285713,62.40537032142857,60.62459876333333,92.564565,35.575371000000004
2025-12-06,23.250621,5,0,0,12,4,46.47516,68.760231,92.564565,46.330593,62.761574857142854,62.42837396428571,59.258874896666676,92.564565,46.017663
2025-12-07,46.112029,6,1,18,12,4,23.250621,46.47516,68.760231,46.017663,59.46443599999999,59.12784996428571,58.495246396666666,92.564565,23.250621
2025-12-08,46.269586000000004,0,2,17,12,4,46.112029,23.250621,46.47516,69.673737,59.47791685714286,59.130982464285715,58.48893519666667,92.564565,23.250621
2025-12-09,46.36567,1,3,16,12,4,46.269586000000004,46.112029,23.250621,69.509075,56.1344667142857,55.81208239285714,58.484452430000005,92.564565,23.250621
2025-12-10,69.9860951,2,4,15,12,4,46.36567,46.269586000000004,46.112029,92.564565,52.82826599999999,55.85280545714286,58.48778703,92.564565,23.250621
2025-12-11,46.227356,3,5,14,12,4,69.9860951,46.36567,46.269586000000004,68.760231,49.60277029999999,55.456885435714284,57.71646786666667,69.9860951,23.250621
2025-12-12,46.130825,4,6,13,12,4,46.227356,69.9860951,46.36567,46.47516,46.38378815714285,53.794125150000006,57.734260400000004,69.9860951,23.250621
2025-12-13,46.162065,5,7,12,12,4,46.130825,46.227356,69.9860951,23.250621,46.33459744285714,54.54808615,56.167519399999996,69.9860951,23.250621
2025-12-14,46.157437,6,8,11,12,4,46.162065,46.130825,46.227356,46.112029,49.60766087142856,54.536048435714285,56.93087573333334,69.9860951,46.112029
2025-12-15,46.294684000000004,0,9,10,12,4,46.157437,46.162065,46.130825,46.269586000000004,49.61414772857142,54.54603229285715,56.14101284,69.9860951,46.130825
2025-12-16,0.0,1,10,9,12,4,46.294684000000004,46.157437,46.162065,46.36567,49.61773315714286,52.87609993571429,56.14785354000001,69.9860951,46.130825
2025-12-17,23.15107,2,11,8,12,4,0.0,46.294684000000004,46.157437,69.9860951,42.99406601428571,47.91116600714286,54.60445250666667,69.9860951,0.0
2025-12-18,23.197312,3,12,7,12,4,23.15107,0.0,46.294684000000004,46.227356,36.30334814285713,42.953059221428575,52.27320848666667,46.294684000000004,0.0
2025-12-19,46.260039,4,13,6,12,4,23.197312,23.15107,0.0,46.130825,33.01334185714285,39.69856500714286,50.73140372,46.294684000000004,0.0
2025-12-20,46.407088,5,14,5,12,4,46.260039,23.197312,23.15107,46.162065,33.031800999999994,39.68319922142857,49.95723612,46.294684000000004,0.0
2025-12-21,46.355434,6,15,4,12,4,46.407088,46.260039,23.197312,46.157437,33.06680428571428,41.33723257857143,50.73740738666666,46.407088,0.0
2025-12-22,46.413769,0,16,3,12,4,46.355434,46.407088,46.260039,46.294684000000004,33.095089571428566,41.35461865,50.74415155333334,46.407088,0.0
2025-12-23,117.9778205,1,17,2,12,4,46.413769,46.355434,46.407088,0.0,33.11210171428571,41.36491743571428,49.976011953333334,46.413769,0.0
2025-12-24,0.0,2,18,1,12,4,117.9778205,46.413769,46.355434,23.15107,49.96607607142857,46.48007104285714,52.37300017,117.9778205,23.15107
2025-12-25,0.0,3,0,0,12,4,0.0,117.9778205,46.413769,23.197312,46.65878035714285,41.481064249999996,49.281860603333335,117.9778205,0.0
2025-12-26,46.353982,4,1,6,12,4,0.0,0.0,117.9778205,46.260039,43.34487864285713,38.17911025,47.75534236666667,117.9778205,0.0
2025-12-27,46.191317,5,2,5,12,4,46.353982,0.0,0.0,46.407088,43.35829907142857,38.19505003571429,46.78284258666667,117.9778205,0.0
2025-12-28,46.233866,6,3,4,12,4,46.191317,46.353982,0.0,46.355434,43.32747464285713,38.19713946428572,46.005686486666676,117.9778205,0.0
2025-12-29,46.265845999999996,0,4,3,12,4,46.233866,46.191317,46.353982,46.413769,43.31010778571427,38.20259867857143,46.36096965333333,117.9778205,0.0
2025-12-30,23.131805,1,5,2,12,4,46.265845999999996,46.233866,46.191317,117.9778205,43.28897592857142,38.200538821428566,46.35881142,117.9778205,0.0
2025-12-31,0.0,2,6,1,12,4,23.131805,46.265845999999996,46.233866,0.0,29.739545142857136,39.85281060714285,45.59594948666666,46.353982,0.0
2026-01-01,23.075375,3,0,0,1,1,0.0,23.131805,46.265845999999996,0.0,29.739545142857136,38.19916274999999,43.27349158666666,46.353982,0.0
2026-01-02,23.236422,4,1,4,1,1,23.075375,0.0,23.131805,46.353982,33.036027285714276,38.19045296428571,41.725701586666666,46.353982,0.0
2026-01-03,0.0,5,2,3,1,1,23.236422,23.075375,0.0,46.191317,29.733518714285704,36.54590889285715,39.414763486666665,46.265845999999996,0.0
2026-01-04,69.508677,6,3,2,1,1,0.0,23.236422,23.075375,46.233866,23.13475914285713,33.231116892857145,37.122755786666666,46.265845999999996,0.0
2026-01-05,46.214098,0,4,1,1,1,69.508677,0.0,23.236422,46.265845999999996,26.45973214285713,34.884919964285714,37.89053968666666,69.508677,0.0
2026-01-06,23.232627,1,0,0,1,1,46.214098,69.508677,0.0,23.131805,26.452339571428563,34.87065775,38.65598892,69.508677,0.0
2026-01-07,71.5947744,2,1,114,1,1,23.232627,46.214098,69.508677,0.0,26.466742714285708,28.10314392857143,37.89334218666667,69.508677,0.0
2026-01-08,23.21551,3,2,113,1,1,71.5947744,23.232627,46.214098,23.075375,36.69456762857142,33.21705638571429,38.73751513333333,71.5947744,0.0
2026-01-09,46.15302,4,3,112,1,1,23.21551,71.5947744,23.232627,23.236422,36.714586914285704,34.8753071,37.96584313333334,71.5947744,0.0
2026-01-10,46.317898,5,4,111,1,1,46.15302,23.21551,71.5947744,0.0,39.988386628571426,34.86095267142857,37.171407296666665,71.5947744,0.0
2026-01-11,0.0,6,5,110,1,1,46.317898,46.15302,23.21551,69.508677,46.6052292,34.869994171428566,37.17442536333333,71.5947744,23.21551
2026-01-12,91.528325,0,6,109,1,1,0.0,46.317898,46.15302,46.214098,36.67541819999999,31.56757517142857,35.636731196666666,71.5947744,0.0
2026-01-13,46.414328,1,7,108,1,1,91.528325,0.0,46.317898,23.232627,43.148879199999996,34.80060938571428,37.14893986333333,91.528325,0.0
2026-01-14,46.364965,2,8,107,1,1,46.414328,91.528325,0.0,71.5947744,46.460550771428565,36.463646742857144,37.15750289666667,91.528325,0.0
2026-01-15,36.5822015,3,9,106,1,1,46.364965,46.414328,91.528325,23.21551,42.856292285714275,39.77542995714286,37.15984559666666,91.528325,0.0
2026-01-16,48.064244,4,10,105,1,1,36.5822015,46.364965,46.414328,46.15302,44.76581964285713,40.74020327857143,38.37925231333333,91.528325,0.0
2026-01-17,48.340673,5,11,104,1,1,48.064244,36.5822015,46.364965,46.317898,45.03885164285714,42.513619135714286,39.20969144666667,91.528325,0.0
2026-01-18,48.392596,6,12,103,1,1,48.340673,48.064244,36.5822015,0.0,45.32781949999999,45.96652435,40.04780348,91.528325,0.0
2026-01-19,70.62077,0,13,102,1,1,48.392596,48.340673,48.064244,91.528325,52.24104749999999,44.45823285,40.118888713333334,91.528325,36.5822015
2026-01-20,36.470385,1,14,101,1,1,70.62077,48.392596,48.340673,46.414328,49.254253928571416,46.20156656428571,40.926011446666664,70.62077,36.5822015
2026-01-21,48.268746,2,15,100,1,1,36.470385,70.62077,48.392596,46.364965,47.83369064285713,47.147120707142854,40.596509813333334,70.62077,36.470385
2026-01-22,49.054293,3,16,99,1,1,48.268746,36.470385,70.62077,36.5822015,48.10565935714285,45.480975821428565,40.65834238,70.62077,36.470385
2026-01-23,24.137363,4,17,98,1,1,49.054293,48.268746,36.470385,48.064244,49.887386714285704,47.326603178571425,38.36089146333334,70.62077,36.470385
2026-01-24,72.46087,5,18,97,1,1,24.137363,49.054293,48.268746,48.340673,46.46926085714284,45.754056250000005,39.16547023,70.62077,24.137363
2026-01-25,48.183156,6,19,96,1,1,72.46087,24.137363,49.054293,48.392596,49.91500328571427,47.62141139285715,41.58083256333334,72.46087,24.137363
2026-01-26,48.2805,0,20,95,1,1,48.183156,72.46087,24.137363,70.62077,49.88508328571428,51.06306539285714,41.64180503,72.46087,24.137363
2026-01-27,60.64326199999999,1,21,94,1,1,48.2805,48.183156,72.46087,36.470385,46.69361614285713,47.97393503571429,41.71144446333333,72.46087,24.137363
2026-01-28,48.155908,2,22,93,1,1,60.64326199999999,48.2805,48.183156,48.268746,50.14688428571428,48.990287464285714,42.191757663333334,72.46087,24.137363
2026-01-29,60.536201,3,23,92,1,1,48.155908,60.64326199999999,48.2805,49.054293,50.130764571428564,49.118211964285706,42.25475973,72.46087,24.137363
2026-01-30,48.254604,4,24,91,1,1,60.536201,48.155908,60.64326199999999,24.137363,51.77103714285714,50.82921192857142,43.50157293,72.46087,24.137363
2026-01-31,24.11874,5,25,90,1,1,48.254604,60.536201,48.155908,72.46087,55.216357285714274,50.842809071428576,45.11005973,72.46087,48.155908
2026-02-01,24.080396,6,26,89,2,1,24.11874,48.254604,60.536201,48.183156,48.3103387142857,49.112671,45.14483856333333,60.64326199999999,24.11874
2026-02-02,46.508464000000004,0,27,88,2,1,24.080396,24.11874,48.254604,48.2805,44.86708728571428,47.37608528571428,45.17297103,60.64326199999999,24.080396
2026-02-03,48.46215,1,28,87,2,1,46.508464000000004,24.080396,24.11874,60.64326199999999,44.613939285714274,45.65377771428571,46.72325316333333,60.64326199999999,24.080396
2026-02-04,24.181092,2,29,86,2,1,48.46215,46.508464000000004,24.080396,48.155908,42.87378042857142,46.510332357142865,46.02170226333333,60.536201,24.080396
2026-02-05,60.681172,3,30,85,2,1,24.181092,48.46215,46.508464000000004,60.536201,39.4488067142857,44.78978564285715,45.28726873000001,60.536201,24.080396
2026-02-06,48.37488,4,31,84,2,1,60.681172,24.181092,48.46215,48.254604,39.46951685714284,45.620277,46.53555356333333,60.681172,24.080396
2026-02-07,24.124865,5,32,83,2,1,48.37488,60.681172,24.181092,24.11874,39.48669914285714,47.351528214285715,45.76155708333333,60.681172,24.080396
2026-02-08,48.347638,6,33,82,2,1,24.124865,48.37488,60.681172,24.080396,39.487574142857135,43.898956428571424,45.791868916666665,60.681172,24.080396
2026-02-09,72.509381,0,34,81,2,1,48.347638,24.124865,48.37488,46.508464000000004,42.954322999999995,43.91070514285714,45.865022849999995,60.681172,24.124865
2026-02-10,60.833896,1,35,80,2,1,72.509381,48.347638,24.124865,48.46215,46.66873971428571,45.6413395,46.73807228333333,72.509381,24.124865
2026-02-11,74.63434219999999,2,36,79,2,1,60.833896,72.509381,48.347638,24.181092,48.43613199999999,45.65495621428572,48.76586881666666,72.509381,24.124865
2026-02-12,24.04287,3,37,78,2,1,74.63434219999999,60.833896,72.509381,60.681172,55.64373917142856,47.54627294285714,48.202736056666666,74.63434219999999,24.124865
2026-02-13,36.533395,4,38,77,2,1,24.04287,74.63434219999999,60.833896,48.37488,50.409696028571425,44.93960644285715,47.45702079,74.63434219999999,24.04287
2026-02-14,24.120932,5,39,76,2,1,36.533395,24.04287,74.63434219999999,24.124865,48.71805531428571,44.10237722857143,47.12930179,74.63434219999999,24.04287
2026-02-15,24.166898,6,40,75,2,1,24.120932,36.533395,24.04287,48.347638,48.71749345714285,44.102533799999996,46.713926140000005,74.63434219999999,24.04287
2026-02-16,46.564037,0,41,74,2,1,24.166898,24.120932,36.533395,72.509381,45.263102028571424,44.10871251428572,45.91734794,74.63434219999999,24.04287
2026-02-17,24.13103,1,42,73,2,1,46.564037,24.166898,24.120932,60.833896,41.556624314285706,44.11268201428572,45.858126739999996,74.63434219999999,24.04287
2026-02-18,12.438717,2,43,72,2,1,24.13103,46.564037,24.166898,74.63434219999999,36.31335774285713,42.37474487142857,45.04940787333333,74.63434219999999,24.04287
2026-02-19,24.250766,3,44,71,2,1,12.438717,24.13103,46.564037,24.04287,27.42826842857142,41.5360038,43.11000610666667,46.564037,12.438717
2026-02-20,24.166518,4,45,70,2,1,24.250766,12.438717,24.13103,36.533395,27.45796785714285,38.93383194285714,42.70268547333333,46.564037,12.438717
2026-02-21,24.09366,5,46,69,2,1,24.166518,24.250766,12.438717,24.120932,25.691271142857136,37.20466322857143,41.89927787333333,46.564037,12.438717
2026-02-22,24.193107,6,47,68,2,1,24.09366,24.166518,24.250766,24.166898,25.68737514285714,37.2024343,41.067256773333334,46.564037,12.438717
2026-02-23,35.005785,0,48,67,2,1,24.193107,24.09366,24.166518,46.564037,25.69111928571428,35.47711065714286,41.06911490666667,46.564037,12.438717
2026-02-24,24.156646,1,49,66,2,1,35.005785,24.193107,24.09366,24.13103,24.03994042857142,32.79828237142858,39.82061207333333,35.005785,12.438717
2026-02-25,84.973442,2,50,65,2,1,24.156646,35.005785,24.193107,12.438717,24.04359985714285,30.178478799999997,39.019728406666665,35.005785,12.438717
2026-02-26,0.0,3,51,64,2,1,84.973442,24.156646,35.005785,24.250766,34.40570342857142,30.916985928571428,40.24282647333334,84.973442,24.09366
2026-02-27,24.046984,4,52,63,2,1,0.0,84.973442,24.156646,24.166518,30.94130828571428,29.199638071428573,38.221384406666665,84.973442,0.0
2026-02-28,0.0,5,53,62,2,1,24.046984,0.0,84.973442,24.09366,30.924231999999993,28.307751571428575,37.41775360666667,84.973442,0.0
2026-03-01,24.049066,6,54,61,3,1,0.0,24.046984,0.0,24.193107,27.482280571428564,26.58482785714286,35.39988024,84.973442,0.0
2026-03-02,36.426071,0,55,60,3,1,24.049066,0.0,24.046984,35.005785,27.461703285714275,26.576411285714283,34.59302897333334,84.973442,0.0
2026-03-03,24.020469,1,56,59,3,1,36.426071,24.049066,0.0,24.156646,27.664601285714276,25.852270857142855,35.00327334,84.973442,0.0
2026-03-04,48.292227,2,57,58,3,1,24.020469,36.426071,24.049066,84.973442,27.64514742857142,25.844373642857143,35.001275773333326,84.973442,0.0
2026-03-05,24.272145,3,58,57,3,1,48.292227,24.020469,36.426071,0.0,22.404973857142846,28.405338642857142,35.06073454,48.292227,0.0
2026-03-06,0.0,4,59,56,3,1,24.272145,48.292227,24.020469,24.046984,25.872423142857134,28.406865714285715,34.25440104,48.292227,0.0
2026-03-07,24.139326,5,60,55,3,1,0.0,24.272145,48.292227,0.0,22.437139714285703,26.68068585714286,33.44836464,48.292227,0.0
2026-03-08,24.118414,6,61,54,3,1,24.139326,0.0,24.272145,24.049066,25.885614857142848,26.683947714285715,32.23030310666666,48.292227,0.0
2026-03-09,24.028566,0,62,53,3,1,24.118414,24.139326,0.0,36.426071,25.895521714285707,26.678612500000003,31.42175424,48.292227,0.0
2026-03-10,24.007738,1,63,52,3,1,24.028566,24.118414,24.139326,24.020469,24.124449571428563,25.894525428571427,31.418544273333335,48.292227,0.0
2026-03-11,58.868483999999995,2,64,51,3,1,24.007738,24.028566,24.118414,48.292227,24.12263085714285,25.883889142857146,30.607214273333337,48.292227,0.0
2026-03-12,24.246729,3,65,50,3,1,58.868483999999995,24.007738,24.028566,24.272145,25.633524714285706,24.019249285714288,30.152517706666668,58.868483999999995,0.0
2026-03-13,24.279066,4,66,49,3,1,24.246729,58.868483999999995,24.007738,0.0,25.62989385714285,25.7511585,28.932945473333334,58.868483999999995,0.0
2026-03-14,24.05681,5,67,48,3,1,24.279066,24.246729,58.868483999999995,24.139326,29.09833185714285,25.767735785714283,27.25443626666667,58.868483999999995,24.007738
2026-03-15,24.204633,6,68,47,3,1,24.05681,24.279066,24.246729,24.118414,29.08654385714285,27.486079357142852,27.25490093333333,58.868483999999995,24.007738
2026-03-16,84.673187,0,69,46,3,1,24.204633,24.05681,24.279066,24.028566,29.09886085714285,27.497191285714283,26.8439422,58.868483999999995,24.007738
2026-03-17,44.29477825,1,70,45,3,1,84.673187,24.204633,24.05681,24.007738,37.76237814285713,30.943413857142854,28.8623507,84.673187,24.007738
2026-03-18,48.145769,2,71,44,3,1,44.29477825,84.673187,24.204633,58.868483999999995,40.66052674999999,32.39157880357143,29.533280041666668,84.673187,24.05681
2026-03-19,10.13693622,3,72,43,3,1,48.145769,44.29477825,84.673187,24.246729,39.128710321428564,32.38111751785714,29.586004441666667,84.673187,24.05681
2026-03-20,24.251367,4,73,42,3,1,10.13693622,48.145769,44.29477825,24.279066,37.11302563857142,31.37145974785714,29.119534649,84.673187,10.13693622
2026-03-21,24.091895,5,74,41,3,1,24.251367,10.13693622,48.145769,24.05681,37.10906863857142,33.10370024785714,29.513289649,84.673187,10.13693622
2026-03-22,24.060805,6,75,40,3,1,24.091895,24.251367,10.13693622,24.204633,37.11408078142857,33.10031231928571,29.507993949000003,84.673187,10.13693622
2026-03-23,46.492369,0,76,39,3,1,24.060805,24.091895,24.251367,84.673187,37.0935339242857,33.09619739071429,29.504470182333332,84.673187,10.13693622
2026-03-24,0.0,1,77,38,3,1,46.492369,24.060805,24.091895,44.29477825,31.639131352857135,34.70075474785715,30.251093815666664,48.145769,10.13693622
2026-03-25,9.9608466,2,78,37,3,1,0.0,46.492369,24.060805,48.145769,25.31130588857142,32.985916319285714,29.444656915666666,48.145769,0.0
2026-03-26,24.227879,3,79,36,3,1,9.9608466,0.0,46.492369,10.13693622,19.856316974285708,29.492513647857145,28.609825635666667,46.492369,0.0
2026-03-27,36.482337,4,80,35,3,1,24.227879,9.9608466,0.0,24.251367,21.869308799999995,29.491167219285717,28.612200068999996,46.492369,0.0
2026-03-28,0.0,5,81,34,3,1,36.482337,24.227879,9.9608466,24.091895,23.61659022857142,30.362829433571427,26.995829902333334,46.492369,0.0
2026-03-29,0.0,6,82,33,3,1,0.0,36.482337,24.227879,24.060805,20.174890942857132,28.644485862142858,26.995829902333334,46.492369,0.0
2026-03-30,60.61659,0,83,32,3,1,0.0,0.0,36.482337,46.492369,16.737633085714275,26.915583505,26.194263769,46.492369,0.0
2026-03-31,0.0,1,84,31,3,1,60.61659,0.0,0.0,0.0,18.755378942857135,25.197255147857142,28.214816769,60.61659,0.0
2026-04-01,24.004564,2,85,30,4,2,0.0,60.61659,0.0,9.9608466,18.755378942857135,22.033342415714287,27.413181235666666,60.61659,0.0
2026-04-02,24.110953,3,86,29,4,2,24.004564,0.0,60.61659,24.227879,20.761624285714277,20.308970629999997,26.999131002333336,60.61659,0.0
2026-04-03,24.071227,4,87,28,4,2,24.110953,24.004564,0.0,36.482337,20.744920571428565,21.307114685714282,27.002147135666668,60.61659,0.0
2026-04-04,22.37018,5,88,27,4,2,24.071227,24.110953,24.004564,0.0,18.97190485714285,21.294247542857143,26.194780469,60.61659,0.0
2026-04-05,0.0,6,89,26,4,2,22.37018,24.071227,24.110953,0.0,22.16764485714285,21.1712679,26.13138163566667,60.61659,0.0
2026-04-06,48.533471,0,90,25,4,2,0.0,22.37018,24.071227,60.61659,22.16764485714285,19.45263897142857,26.13138163566667,60.61659,0.0
2026-04-07,24.052418,1,91,24,4,2,48.533471,0.0,22.37018,0.0,20.441484999999993,19.59843197142857,26.944519802333335,48.533471,0.0
2026-04-08,0.0,2,92,23,4,2,24.052418,48.533471,0.0,24.004564,23.877544714285705,21.316461828571427,26.942319935666667,48.533471,0.0
2026-04-09,0.0,3,93,22,4,2,0.0,24.052418,48.533471,24.110953,20.44832128571428,20.60497278571429,26.141367735666666,48.533471,0.0
2026-04-10,0.0,4,94,21,4,2,0.0,0.0,24.052418,24.071227,17.003899428571422,18.87441,25.341109802333335,48.533471,0.0
2026-04-11,24.20881,5,95,20,4,2,0.0,0.0,0.0,22.37018,13.565152714285707,16.268528785714288,23.37882700233333,48.533471,0.0
2026-04-12,48.404488,6,96,19,4,2,24.20881,0.0,0.0,0.0,13.827814142857136,17.997729500000002,23.377563035666665,48.533471,0.0
2026-04-13,20.9993623,0,97,18,4,2,48.404488,24.20881,0.0,48.533471,20.74274099999999,21.455192928571428,24.181743768999997,48.533471,0.0
2026-04-14,48.250980999999996,1,98,17,4,2,20.9993623,48.404488,24.20881,24.052418,16.809296899999993,18.62539095,24.07982884566667,48.404488,0.0
2026-04-15,36.727509,2,99,16,4,2,48.250980999999996,20.9993623,48.404488,0.0,20.26623447142856,22.071889592857143,24.881373779,48.404488,0.0
2026-04-16,72.32399,3,100,15,4,2,36.727509,48.250980999999996,20.9993623,0.0,25.513021471428562,22.98067137857143,23.28318451233333,48.404488,0.0
2026-04-17,42.771513999999996,4,101,14,4,2,72.32399,36.727509,48.250980999999996,0.0,35.845020042857136,26.424459735714287,24.217491570666663,72.32399,0.0
2026-04-18,24.285543,5,102,13,4,2,42.771513999999996,72.32399,36.727509,24.20881,41.95523632857142,27.760194521428566,24.03834973733333,72.32399,20.9993623
2026-04-19,46.474288,6,103,12,4,2,24.285543,42.771513999999996,72.32399,48.404488,41.96619818571428,27.89700616428571,24.509969963333333,72.32399,20.9993623
2026-04-20,36.652963,0,104,11,4,2,46.474288,24.285543,42.771513999999996,20.9993623,41.690455328571424,31.21659816428571,25.250733996666664,72.32399,20.9993623
2026-04-21,24.025201,1,105,10,4,2,36.652963,46.474288,24.285543,48.250980999999996,43.92668399999999,30.36799045,25.669436263333335,72.32399,24.285543
2026-04-22,24.89708,2,106,9,4,2,24.025201,36.652963,46.474288,36.727509,40.465858285714276,30.366046378571433,25.668249463333332,72.32399,24.025201
2026-04-23,48.371433,3,107,8,4,2,24.89708,24.025201,36.652963,72.32399,38.775797,32.144409235714285,24.948406496666667,72.32399,24.025201
2026-04-24,24.227994,4,108,7,4,2,48.371433,24.89708,24.025201,42.771513999999996,35.35400314285714,35.59951159285715,26.560787596666668,48.371433,24.025201
2026-04-25,24.251443,5,109,6,4,2,24.227994,48.371433,24.89708,24.285543,32.70492885714285,37.330082592857146,27.036359176666664,48.371433,24.025201
2026-04-26,22.6129419,6,110,5,4,2,24.251443,24.227994,48.371433,46.474288,32.70005742857142,37.33312780714285,27.03714464333333,48.371433,24.025201
2026-04-27,71.027762,0,111,4,4,2,22.6129419,24.251443,24.227994,36.652963,29.29129369999999,35.490874514285714,26.574831473333333,48.371433,22.6129419
2026-04-28,22.324146,1,112,3,4,2,71.027762,22.6129419,24.251443,24.025201,34.20197927142856,39.06433163571428,28.94242354,71.027762,22.6129419
2026-04-29,48.429565,2,113,2,4,2,22.324146,71.027762,22.6129419,24.89708,33.958971414285706,37.21241485,29.686561740000002,71.027762,22.324146
2026-04-30,36.670998999999995,3,114,1,4,2,48.429565,22.324146,71.027762,48.371433,37.32075498571427,38.04827599285714,29.280327573333334,71.027762,22.324146
2026-05-01,24.048428,4,0,0,5,2,36.670998999999995,48.429565,22.324146,24.227994,35.6492644142857,35.501633778571424,30.502694206666668,71.027762,22.324146
2026-05-02,24.028648,5,1,28,5,2,24.048428,36.670998999999995,48.429565,24.251443,35.623612128571416,34.16427049285714,30.504156339999998,71.027762,22.324146
2026-05-03,47.865077,6,2,27,5,2,24.028648,24.048428,36.670998999999995,22.6129419,35.59178427142856,34.145920849999996,30.501412839999997,71.027762,22.324146
2026-05-04,48.288424,0,3,26,5,2,47.865077,24.028648,24.048428,71.027762,39.19923214285713,34.24526292142857,31.294541173333332,71.027762,22.324146
2026-05-05,12.414141,1,4,25,5,2,48.288424,47.865077,24.028648,22.324146,35.95075528571427,35.076367278571425,32.158482639999995,48.429565,22.324146
2026-05-06,60.689785,2,5,24,5,2,12.414141,48.288424,47.865077,48.429565,34.53504028571428,34.24700585,32.572287339999995,48.429565,12.414141
2026-05-07,0.0,3,6,23,5,2,60.689785,12.414141,48.288424,36.670998999999995,36.286500285714276,36.803627635714285,32.97749780666666,60.689785,12.414141
2026-05-08,0.0,4,7,22,5,2,0.0,60.689785,12.414141,24.048428,31.047786142857138,33.34852527857142,32.175750539999996,60.689785,0.0
2026-05-09,48.401625,5,8,21,5,2,0.0,0.0,60.689785,24.028648,27.612296428571423,31.61795427857143,32.175750539999996,60.689785,0.0
2026-05-10,24.043629,6,9,20,5,2,48.401625,0.0,0.0,47.865077,31.094150285714278,33.34296727857143,33.78913804,60.689785,0.0
2026-05-11,46.455867,0,10,19,5,2,24.043629,48.401625,0.0,48.288424,27.691086285714277,33.44515921428572,34.59059233999999,60.689785,0.0
2026-05-12,0.0,1,11,18,5,2,46.455867,24.043629,48.401625,12.414141,27.42929242857142,31.690023857142858,35.332160906666665,60.689785,0.0
2026-05-13,60.853761000000006,2,12,17,5,2,0.0,46.455867,24.043629,60.689785,25.655843714285705,30.095442,33.718677973333335,60.689785,0.0
2026-05-14,24.060215,3,13,16,5,2,60.853761000000006,0.0,46.455867,0.0,25.67926885714285,30.98288457142857,35.04715793,60.853761000000006,0.0
2026-05-15,24.101137,4,14,15,5,2,24.060215,60.853761000000006,0.0,0.0,29.116442428571418,30.082114285714287,34.240799063333334,60.853761000000006,0.0
2026-05-16,24.151094,5,15,14,5,2,24.101137,24.060215,60.853761000000006,48.401625,32.55946199999999,30.085879214285715,33.81991999666666,60.853761000000006,0.0
2026-05-17,22.411984,6,16,13,5,2,24.151094,24.101137,24.060215,24.043629,29.09510042857142,30.09462535714286,32.21415679666667,60.853761000000006,0.0
2026-05-18,48.925551,0,17,12,5,2,22.411984,24.151094,24.101137,46.455867,28.862008285714275,28.276547285714287,31.535505796666666,60.853761000000006,0.0
2026-05-19,0.0,1,18,11,5,2,48.925551,22.411984,24.151094,0.0,29.214820285714275,28.32205635714286,32.35683939666667,60.853761000000006,0.0
2026-05-20,48.106414,2,19,10,5,2,0.0,48.925551,22.411984,60.853761000000006,29.214820285714275,27.435332,30.807696463333336,60.853761000000006,0.0
2026-05-21,0.0,3,20,9,5,2,48.106414,0.0,48.925551,24.060215,27.393770714285704,26.536519785714287,31.189478163333334,48.925551,0.0
2026-05-22,12.471387,4,21,8,5,2,0.0,48.106414,0.0,24.101137,23.956597142857138,26.536519785714287,30.38863813,48.925551,0.0
2026-05-23,48.120536,5,22,7,5,2,12.471387,0.0,48.106414,24.151094,22.295204285714277,27.427333142857144,29.974448363333334,48.925551,0.0
2026-05-24,24.054406,6,23,6,5,2,48.120536,12.471387,0.0,22.411984,25.719410285714275,27.407255357142855,29.96608513,48.925551,0.0
2026-05-25,72.506418,0,24,5,5,2,24.054406,48.120536,12.471387,48.925551,25.95404199999999,27.408025142857145,29.960298863333335,48.925551,0.0
2026-05-26,36.753893000000005,1,25,4,5,2,72.506418,24.054406,48.120536,0.0,29.32273728571428,29.268778785714282,31.56879803,72.506418,0.0
2026-05-27,0.0,2,26,3,5,2,36.753893000000005,72.506418,24.054406,48.106414,34.573293428571425,31.894056857142857,32.040163066666665,72.506418,0.0
2026-05-28,36.755418,3,27,2,5,2,0.0,36.753893000000005,72.506418,0.0,27.70094857142856,27.547359642857145,29.672571,72.506418,0.0
2026-05-29,24.135674,4,28,1,5,2,36.755418,0.0,36.753893000000005,12.471387,32.95172257142856,28.454159857142855,30.1536134,72.506418,0.0
2026-05-30,48.468733,5,0,0,5,2,24.135674,36.755418,0.0,48.120536,34.61804928571428,28.456626785714285,29.343817033333334,72.506418,0.0
2026-05-31,48.14406,6,1,76,5,2,48.468733,24.135674,36.755418,24.054406,34.667791714285705,30.193601,29.737074833333335,72.506418,0.0
2026-06-01,70.71535300000001,0,2,75,6,2,48.14406,48.468733,24.135674,72.506418,38.10917085714285,32.03160642857143,30.54026256666667,72.506418,0.0
2026-06-02,24.123385,1,3,74,6,2,70.71535300000001,48.14406,48.468733,36.753893000000005,37.85330442857143,33.58802085714286,32.09648606666667,70.71535300000001,0.0
2026-06-03,58.3987793,2,4,73,6,2,24.123385,70.71535300000001,48.14406,0.0,36.04894614285713,35.31111978571429,31.305096333333335,70.71535300000001,0.0
2026-06-04,0.0,3,5,72,6,2,58.3987793,24.123385,70.71535300000001,36.755418,44.39162889999999,36.04628873571429,31.64210817666667,70.71535300000001,24.123385
2026-06-05,36.502967,4,6,71,6,2,0.0,58.3987793,24.123385,24.135674,39.14085489999999,36.04628873571429,31.228303476666667,70.71535300000001,0.0
2026-06-06,24.12865,5,7,70,6,2,36.502967,0.0,58.3987793,48.468733,40.907611042857134,37.76283016428572,30.42207621,70.71535300000001,0.0
2026-06-07,24.047059,6,8,69,6,2,24.12865,36.502967,0.0,48.14406,37.430456328571424,36.049124021428575,31.226364543333336,70.71535300000001,0.0
2026-06-08,58.946244,0,9,68,6,2,24.047059,24.12865,36.502967,70.71535300000001,33.98802761428571,36.048599235714285,32.02793317666667,70.71535300000001,0.0
2026-06-09,48.381396,1,10,67,6,2,58.946244,24.047059,24.12865,24.123385,32.30672632857142,35.08001537857143,32.37942047666667,58.946244,0.0
2026-06-10,48.211985,2,11,66,6,2,48.381396,58.946244,24.047059,58.3987793,35.772156471428566,35.91055130714285,33.190679376666665,58.946244,0.0
2026-06-11,24.24307,3,12,65,6,2,48.211985,48.381396,58.946244,0.0,34.316900142857136,39.35426452142857,33.249216643333334,58.946244,0.0
2026-06-12,60.814745,4,13,64,6,2,24.24307,48.211985,48.381396,36.502967,37.78019585714285,38.46052537857143,34.05731897666667,58.946244,24.047059
2026-06-13,25.90862566,5,14,63,6,2,60.814745,24.24307,48.211985,24.12865,41.25330699999999,41.080459021428574,34.056018443333336,60.814745,24.047059
2026-06-14,72.328555,6,15,62,6,2,25.90862566,60.814745,24.24307,24.047059,41.50758923714285,39.469022782857145,34.117632132000004,60.814745,24.047059
2026-06-15,45.972717,0,16,61,6,2,72.328555,25.90862566,60.814745,58.946244,48.40494580857142,41.19648671142857,35.725212732,72.328555,24.24307
2026-06-16,48.425968999999995,1,17,60,6,2,45.972717,72.328555,25.90862566,48.381396,46.55158480857142,39.42915556857143,36.45260016533334,72.328555,24.24307
2026-06-17,73.206299,2,18,59,6,2,48.425968999999995,45.972717,72.328555,48.211985,46.557952379999996,41.16505442571429,37.31973299866666,72.328555,24.24307
2026-06-18,24.126799,3,19,58,6,2,73.206299,48.425968999999995,45.972717,24.24307,50.12856866571428,42.22273440428571,38.12909126533334,73.206299,24.24307
2026-06-19,36.538364,4,20,57,6,2,24.126799,73.206299,48.425968999999995,60.814745,50.11195852285713,43.94607719,38.93331789866667,73.206299,24.126799
2026-06-20,46.44867,5,21,56,6,2,36.538364,24.126799,73.206299,25.90862566,46.6439040942857,43.948605547142854,38.547716232,73.206299,24.126799
2026-06-21,48.274150000000006,6,22,55,6,2,46.44867,36.538364,24.126799,72.328555,49.578196142857124,45.542892689999995,40.096005232,73.206299,24.126799
2026-06-22,48.263092,0,23,54,6,2,48.274150000000006,46.44867,36.538364,45.972717,46.141852571428565,47.27339919,41.289430665333335,73.206299,24.126799
2026-06-23,21.15199,1,24,53,6,2,48.263092,48.274150000000006,46.44867,48.425968999999995,46.46904899999999,46.510316904285716,41.294182532,73.206299,24.126799
2026-06-24,60.693206,2,25,52,6,2,21.15199,48.263092,48.274150000000006,73.206299,42.57276628571428,44.56535933285715,41.197435332000005,73.206299,21.15199
2026-06-25,48.389686999999995,3,26,51,6,2,60.693206,21.15199,48.263092,24.126799,40.785181571428566,45.456875118571425,40.803661598666665,60.693206,21.15199
2026-06-26,24.244514,4,27,50,6,2,48.389686999999995,60.693206,21.15199,36.538364,44.25130842857142,47.181633475714285,41.191521398666666,60.693206,21.15199
2026-06-27,48.390963,5,28,49,6,2,24.244514,48.389686999999995,60.693206,46.44867,42.49504414285713,44.56947411857143,41.99967186533333,60.693206,21.15199
2026-06-28,24.079443,6,29,48,6,2,48.390963,24.244514,48.389686999999995,48.274150000000006,42.772514571428566,46.175355357142855,42.38752336533334,60.693206,21.15199
2026-06-29,42.795594,0,30,47,6,2,24.079443,48.390963,24.244514,48.263092,39.31612785714285,42.728990214285716,42.38564899866667,60.693206,21.15199
2026-06-30,72.397451,1,31,46,6,2,42.795594,24.079443,48.390963,21.15199,38.53505671428571,42.50205285714286,42.19654436533334,60.693206,21.15199
2026-07-01,48.295556000000005,2,32,45,7,3,72.397451,42.795594,24.079443,60.693206,45.85583685714285,44.21430157142858,43.004990732,72.397451,24.079443
2026-07-02,48.50339099999999,3,33,44,7,3,48.295556000000005,72.397451,42.795594,48.389686999999995,44.084744,42.43496278571428,42.25766416533334,72.397451,24.079443
2026-07-03,73.129222,4,34,43,7,3,48.50339099999999,48.295556000000005,72.397451,24.244514,44.10098742857142,44.17614792857143,43.070331032000006,72.397451,24.079443
2026-07-04,48.315126,5,35,42,7,3,73.129222,48.50339099999999,48.295556000000005,48.390963,51.08451714285713,46.78978064285714,43.561345788666664,73.129222,24.079443
2026-07-05,46.474695999999994,6,36,41,7,3,48.315126,73.129222,48.50339099999999,24.079443,51.073683285714274,46.923098928571434,45.171849988666665,73.129222,24.079443
2026-07-06,61.9829836,0,37,40,7,3,46.474695999999994,48.315126,73.129222,42.795594,54.27300514285713,46.79456650000001,45.50424095533334,73.129222,42.795594
2026-07-07,48.22358,1,38,39,7,3,61.9829836,46.474695999999994,48.315126,72.397451,57.01406079999999,47.774558757142856,46.76605207533333,73.129222,46.474695999999994
2026-07-08,84.219833,2,39,38,7,3,48.22358,61.9829836,46.474695999999994,48.295556000000005,53.560650657142844,49.70824375714285,47.57193610866667,73.129222,46.474695999999994
2026-07-09,24.042256,3,40,37,7,3,84.219833,48.22358,61.9829836,48.50339099999999,58.692690228571415,51.38871711428572,48.41438907533333,84.219833,46.474695999999994
2026-07-10,73.000144,4,41,36,7,3,24.042256,84.219833,48.22358,73.129222,55.198242371428556,49.6496149,47.60308440866666,84.219833,24.042256
2026-07-11,48.43295,5,42,35,7,3,73.000144,24.042256,84.219833,48.315126,55.179802657142844,53.13215989999999,48.429356375333334,84.219833,24.042256
2026-07-12,22.457168,6,43,34,7,3,48.43295,73.000144,24.042256,46.474695999999994,55.19663465714285,53.13515897142857,49.23568570866667,84.219833,24.042256
2026-07-13,85.012804,0,44,33,7,3,22.457168,48.43295,73.000144,61.9829836,51.76555922857142,53.01928218571429,47.95709980866666,84.219833,22.457168
2026-07-14,24.109393,1,45,32,7,3,85.012804,22.457168,48.43295,48.22358,55.05553357142856,56.03479718571428,49.92723908666667,85.012804,22.457168
2026-07-15,60.898585000000004,2,46,31,7,3,24.109393,85.012804,22.457168,84.219833,51.610649714285714,52.58565018571428,48.319933686666666,85.012804,22.457168
2026-07-16,73.246967,3,47,30,7,3,60.898585000000004,24.109393,85.012804,24.042256,48.27904285714286,53.485866542857146,48.81746262,85.012804,22.457168
2026-07-17,24.24412,4,48,29,7,3,73.246967,60.898585000000004,24.109393,73.000144,55.308287285714286,55.253264828571425,49.644829220000005,85.012804,22.457168
2026-07-18,24.243287,5,49,28,7,3,24.24412,73.246967,60.898585000000004,48.43295,48.343140999999996,51.76147182857143,48.01275658666667,85.012804,22.457168
2026-07-19,67.60762735,6,50,27,7,3,24.243287,24.24412,73.246967,22.457168,44.88747485714284,50.04205475714286,48.01663952,85.012804,22.457168
2026-07-20,70.61397099999999,0,51,26,7,3,67.60762735,24.243287,24.24412,85.012804,51.33754047857143,51.55154985357142,49.052281631666666,85.012804,24.109393
2026-07-21,72.238656,1,52,25,7,3,70.61397099999999,67.60762735,24.243287,24.109393,49.28056433571428,52.16804895357143,49.857791665,73.246967,24.109393
2026-07-22,36.425098500000004,2,53,24,7,3,72.238656,70.61397099999999,67.60762735,60.898585000000004,56.15617333571428,53.883411525,50.65660853166666,73.246967,24.243287
2026-07-23,72.362984,3,54,23,7,3,36.425098500000004,72.238656,70.61397099999999,73.246967,52.65996097857141,50.469501917857144,50.262008748333336,73.246967,24.243287
2026-07-24,36.828005000000005,4,55,22,7,3,72.362984,36.425098500000004,72.238656,24.24412,52.53367769285713,53.92098248928572,51.96904188166666,72.362984,24.243287
2026-07-25,48.369952999999995,5,56,21,7,3,36.828005000000005,72.362984,36.425098500000004,24.243287,54.33137555,51.337258275,51.17353518166667,72.362984,24.243287
2026-07-26,22.4651563,6,57,20,7,3,48.369952999999995,36.828005000000005,72.362984,67.60762735,57.77804212142856,51.332758489285716,51.172877381666666,72.362984,36.425098500000004
2026-07-27,46.482918,0,58,19,7,3,22.4651563,48.369952999999995,36.828005000000005,70.61397099999999,51.32911768571427,51.33332908214286,51.11356545833333,72.362984,22.4651563
2026-07-28,84.82067,1,59,18,7,3,46.482918,22.4651563,48.369952999999995,72.238656,47.88182439999999,48.581194367857144,51.049963958333336,72.362984,22.4651563
2026-07-29,48.247852,2,60,17,7,3,84.82067,46.482918,22.4651563,36.425098500000004,49.67925497142857,52.917714153571424,53.074671525,84.82067,22.4651563
2026-07-30,72.484122,3,61,16,7,3,48.247852,84.82067,46.482918,72.362984,51.368219757142846,52.01409036785714,53.256413458333334,84.82067,22.4651563
2026-07-31,48.868092000000004,4,62,15,7,3,72.484122,48.247852,84.82067,36.828005000000005,51.38552518571428,51.95960143928572,53.25930249166666,84.82067,22.4651563
2026-08-01,48.657293,5,63,14,8,3,48.868092000000004,72.484122,48.247852,48.369952999999995,53.1055376142857,53.718456582142856,53.278387025,84.82067,22.4651563
2026-08-02,46.801947999999996,6,64,13,8,3,48.657293,48.868092000000004,72.484122,22.4651563,53.146586185714284,55.46231415357143,53.28351709166667,84.82067,22.4651563
2026-08-03,36.82578,0,65,12,8,3,46.801947999999996,48.657293,48.868092000000004,46.482918,56.62327071428571,53.9761942,52.405941291666664,84.82067,46.482918
2026-08-04,70.887911,1,66,11,8,3,36.82578,46.801947999999996,48.657293,84.82067,55.243679571428565,51.56275198571428,52.02296309166666,84.82067,36.82578
2026-08-05,84.899766,2,67,10,8,3,70.887911,36.82578,46.801947999999996,48.247852,53.25328542857142,51.4662702,52.836736925,72.484122,36.82578
2026-08-06,48.392129,3,68,9,8,3,84.899766,70.887911,36.82578,72.484122,58.48927314285714,54.92874645,53.60062967166667,84.899766,36.82578
2026-08-07,59.34590405,4,69,8,8,3,48.392129,84.899766,70.887911,48.868092000000004,55.04755985714285,53.216542521428565,53.60624797166667,84.899766,36.82578
2026-08-08,48.476576,5,70,7,8,3,59.34590405,48.392129,84.899766,48.657293,56.54439014999999,54.82496388214286,52.77711700666667,84.899766,36.82578
2026-08-09,24.195908,6,71,6,8,3,48.476576,59.34590405,48.392129,46.801947999999996,56.51857343571428,54.832579810714286,53.59159434000001,84.899766,36.82578
2026-08-10,84.930567,0,72,5,8,3,24.195908,48.476576,59.34590405,36.82578,53.28913914999999,54.95620493214286,51.964786473333334,84.899766,24.195908
2026-08-11,48.124631,1,73,4,8,3,84.930567,24.195908,48.476576,70.887911,60.16125157857142,57.702465575000005,53.18137370666667,84.930567,24.195908
2026-08-12,48.930662,2,74,3,8,3,48.124631,84.930567,24.195908,84.899766,56.909354435714285,55.081319932142854,54.03695580666667,84.930567,24.195908
2026-08-13,72.502037,3,75,2,8,3,48.930662,48.124631,84.930567,48.392129,51.77091100714285,55.13009207499999,52.83421774,84.930567,24.195908
2026-08-14,60.583915,4,76,1,8,3,72.502037,48.930662,48.124631,59.34590405,55.21518357857143,55.13137171785714,54.447305873333335,84.930567,24.195908
2026-08-15,48.102261999999996,5,0,0,8,3,60.583915,72.502037,48.930662,48.476576,55.39204228571428,55.96821621785714,54.436816873333335,84.930567,24.195908
2026-08-16,46.506868,6,1,57,8,3,48.102261999999996,60.583915,72.502037,24.195908,55.338568857142846,55.92857114642857,53.59866004,84.930567,24.195908
2026-08-17,60.598546,0,2,56,8,3,46.506868,48.102261999999996,60.583915,84.930567,58.525848857142854,55.907494003571436,54.34075164,84.930567,46.506868
2026-08-18,46.821600000000004,1,3,55,8,3,60.598546,46.506868,48.102261999999996,48.124631,55.04984585714285,57.60554871785714,55.55259360666667,72.502037,46.506868
2026-08-19,24.123857,2,4,54,8,3,46.821600000000004,60.598546,46.506868,48.930662,54.863698571428564,55.886526503571424,54.859726028333334,72.502037,46.506868
2026-08-20,48.194978,3,5,53,8,3,24.123857,46.821600000000004,60.598546,72.502037,51.319869285714276,51.54539014642857,53.310055561666665,72.502037,24.123857
2026-08-21,60.71347,4,6,52,8,3,48.194978,24.123857,46.821600000000004,60.583915,47.84743228571428,51.53130793214286,52.50859962833333,60.598546,24.123857
2026-08-22,72.47867,5,7,51,8,3,60.71347,48.194978,24.123857,48.102261999999996,47.865940142857134,51.62899121428571,53.31821201166667,60.71347,24.123857
2026-08-23,42.89870545,6,8,50,8,3,72.47867,60.71347,48.194978,46.506868,51.34828414285713,53.3434265,53.32206821166667,72.47867,24.123857
2026-08-24,46.49131,0,9,49,8,3,42.89870545,72.47867,60.71347,60.598546,50.83283234999999,54.67934060357142,53.52442489333334,72.47867,24.123857
2026-08-25,24.06271,1,10,48,8,3,46.49131,42.89870545,72.47867,46.821600000000004,48.81751292142856,51.933679389285714,53.461803460000006,72.47867,24.123857
2026-08-26,72.287156,2,11,47,8,3,24.06271,46.49131,42.89870545,24.123857,45.56624292142856,50.21497074642857,53.51505525,72.47867,24.06271
2026-08-27,48.226667,3,12,46,8,3,72.287156,24.06271,46.49131,48.194978,52.446714207142854,51.883291746428576,54.37519651666666,72.47867,24.06271
