Fecha,toneladas,dia_semana,dias_desde_festivo,dias_hasta_festivo,mes,trimestre,isla,toneladas_lag_1,toneladas_lag_2,toneladas_lag_3,toneladas_lag_7,toneladas_media_7d,toneladas_media_14d,toneladas_media_30d,toneladas_max_7d,toneladas_min_7d
2024-01-31,24.1128,2,25,58,1,1,TF,48.2256,48.228048,23.888725,96.156216,51.28592871428572,46.20309928571428,43.41381583333334,96.156216,23.888725
2024-02-01,47.778675,3,26,57,2,1,TF,24.1128,48.2256,48.228048,46.941624,40.99401214285714,44.49213171428572,44.21757583333333,48.228048,23.888725
2024-02-02,47.77745,4,27,56,2,1,TF,47.778675,24.1128,48.2256,47.658888,41.11359085714286,44.479267928571424,44.21361273333333,48.228048,23.888725
2024-02-03,24.13495,5,28,55,2,1,TF,47.77745,47.778675,24.1128,47.9024,41.13052828571429,44.487373,44.2220528,48.228048,23.888725
2024-02-04,24.13495,6,29,54,2,1,TF,24.13495,47.77745,47.778675,23.888725,37.73517828571429,41.07014828571429,43.42996553333333,48.228048,23.888725
2024-02-05,72.4024,0,30,53,2,1,TF,24.13495,24.13495,47.77745,48.228048,37.770353285714286,42.79407328571428,42.63653303333333,48.228048,24.1128
2024-02-06,48.229272,1,31,52,2,1,TF,72.4024,24.13495,24.13495,48.2256,41.22383214285714,44.53253757142857,44.24614556666666,72.4024,24.1128
2024-02-07,72.039592,2,32,51,2,1,TF,48.229272,72.4024,24.13495,24.1128,41.22435671428571,46.25514271428572,45.05402636666667,72.4024,24.1128
2024-02-08,47.740896,3,33,50,2,1,TF,72.039592,48.229272,72.4024,47.778675,48.07104128571429,44.53252671428572,46.6515453,72.4024,24.13495
2024-02-09,23.870448,4,34,49,2,1,TF,47.740896,72.039592,48.229272,47.77745,48.06564428571428,44.58961757142857,47.438451,72.4024,24.13495
2024-02-10,0.0,5,35,48,2,1,TF,23.870448,47.740896,72.039592,24.13495,44.65035828571428,42.89044328571429,46.63754926666666,72.4024,23.870448
2024-02-11,24.011225,6,36,47,2,1,TF,0.0,23.870448,47.740896,24.13495,41.20250828571428,39.468843285714286,43.4238026,72.4024,0.0
2024-02-12,24.13495,0,37,46,2,1,TF,24.011225,0.0,23.870448,72.4024,41.18483328571428,39.477593285714285,42.62469436666666,72.4024,0.0
2024-02-13,24.133725,1,38,45,2,1,TF,24.13495,24.011225,0.0,48.229272,34.28948328571428,37.75665771428572,41.83665186666667,72.039592,0.0
2024-02-14,72.401175,2,39,44,2,1,TF,24.133725,24.13495,24.011225,72.039592,30.847262285714287,36.0358095,41.58573103333333,72.039592,0.0
2024-02-15,96.0449,3,40,43,2,1,TF,72.401175,24.133725,24.13495,47.740896,30.898917,39.48497914285714,42.39158353333333,72.401175,0.0
2024-02-16,47.77745,4,41,42,2,1,TF,96.0449,72.401175,24.133725,23.870448,37.799489,42.93256664285714,43.9930266,96.0449,0.0
2024-02-17,47.359008,5,42,41,2,1,TF,47.77745,96.0449,72.401175,0.0,41.214775,42.93256664285715,43.98339673333333,96.0449,0.0
2024-02-18,24.011225,6,43,40,2,1,TF,47.359008,47.77745,96.0449,24.011225,47.980347571428574,44.59142792857143,43.96340473333333,96.0449,24.011225
2024-02-19,95.84532,0,44,39,2,1,TF,24.011225,47.359008,47.77745,24.13495,47.980347571428574,44.58259042857144,43.1749796,96.0449,24.011225
2024-02-20,48.268675,1,45,38,2,1,TF,95.84532,24.011225,47.359008,24.133725,58.224686142857145,46.25708471428571,43.9706204,96.0449,24.011225
2024-02-21,47.073075,2,46,37,2,1,TF,48.268675,95.84532,24.011225,72.401175,61.67253614285715,46.25989921428571,45.57957623333333,96.0449,24.011225
2024-02-22,48.106872,3,47,36,2,1,TF,47.073075,48.268675,95.84532,96.0449,58.05423614285714,44.476576571428566,45.54654873333333,96.0449,24.011225
2024-02-23,47.778675,4,48,35,2,1,TF,48.106872,47.073075,48.268675,47.77745,51.20594642857143,44.50271771428572,46.34635113333333,95.84532,24.011225
2024-02-24,60.27245,5,49,34,2,1,TF,47.778675,48.106872,47.073075,47.359008,51.20612142857143,46.21044821428571,44.73376643333334,95.84532,24.011225
2024-02-25,23.9904,6,50,33,2,1,TF,60.27245,47.778675,48.106872,24.011225,53.050898857142855,50.51562321428572,45.1781273,95.84532,24.011225
2024-02-26,47.983248,0,51,32,2,1,TF,23.9904,60.27245,47.778675,95.84532,53.047923857142855,50.51413571428572,44.389177700000005,95.84532,23.9904
2024-02-27,47.985696,1,52,31,2,1,TF,47.983248,23.9904,60.27245,48.268675,46.210485,52.21758557142857,44.391872633333335,60.27245,23.9904
2024-02-28,47.984472,2,53,30,2,1,TF,47.985696,47.983248,23.9904,47.073075,46.17005942857143,53.92129778571429,45.195105000000005,60.27245,23.9904
2024-02-29,23.748048,3,54,29,2,1,TF,47.984472,47.985696,47.983248,48.106872,46.300259,52.177247571428566,45.1869858,60.27245,23.9904
2024-03-01,71.1786,4,55,28,3,1,TF,23.748048,47.984472,47.985696,47.778675,42.820427,47.01318671428572,44.3710674,60.27245,23.748048
2024-03-02,47.159424,5,56,27,3,1,TF,71.1786,23.748048,47.984472,60.27245,46.16327342857143,48.68469742857143,45.9399274,71.1786,23.748048
2024-03-03,71.12651,6,57,26,3,1,TF,47.159424,71.1786,23.748048,23.9904,44.289984,48.67044142857144,45.9192857,71.1786,23.748048
2024-03-04,71.068305,0,58,25,3,1,TF,71.12651,47.159424,71.1786,47.983248,51.02371399999999,52.03581892857142,46.6975877,71.1786,23.748048
2024-03-05,47.379684,1,59,24,3,1,TF,71.068305,71.12651,47.159424,47.985696,54.32157928571428,50.266032142857135,48.26203286666667,71.1786,23.748048
2024-03-06,47.135484,2,60,23,3,1,TF,47.379684,71.068305,71.12651,47.984472,54.23500614285714,50.20253278571429,49.03685733333334,71.1786,23.748048
2024-03-07,47.134263,3,61,22,3,1,TF,47.135484,47.379684,71.068305,23.748048,54.11372214285715,50.20699057142857,48.1946268,71.1786,23.748048
2024-03-08,47.134263,4,62,21,3,1,TF,47.134263,47.135484,47.379684,71.1786,57.45461,50.1375185,48.1581265,71.1786,47.134263
2024-03-09,70.321212,5,63,20,3,1,TF,47.134263,47.134263,47.135484,47.159424,54.01970471428571,50.09148907142857,47.32794886666667,71.12651,47.134263
2024-03-10,47.134263,6,64,19,3,1,TF,70.321212,47.134263,47.134263,71.12651,57.32853157142857,50.80925778571429,48.08062606666667,71.12651,47.134263
2024-03-11,47.171644,0,65,18,3,1,TF,47.134263,70.321212,47.134263,71.068305,53.90106771428571,52.46239085714285,48.85608656666667,71.068305,47.134263
2024-03-12,47.133042,1,66,17,3,1,TF,47.171644,47.134263,70.321212,47.379684,50.487259,52.40441914285714,50.4284747,70.321212,47.134263
2024-03-13,47.133042,2,67,16,3,1,TF,47.133042,47.171644,47.134263,47.135484,50.45202442857143,52.34351528571428,51.199201933333335,70.321212,47.133042
2024-03-14,47.133042,3,68,15,3,1,TF,47.133042,47.133042,47.171644,47.134263,50.45167557142857,52.28269885714286,51.965805,70.321212,47.133042
2024-03-15,47.133042,4,69,14,3,1,TF,47.133042,47.133042,47.133042,47.134263,50.45150114285714,53.95305557142857,52.7324489,70.321212,47.133042
2024-03-16,47.172866,5,70,13,3,1,TF,47.133042,47.133042,47.133042,70.321212,50.45132671428571,52.23551571428572,51.8901778,70.321212,47.133042
2024-03-17,47.171644,6,71,12,3,1,TF,47.172866,47.133042,47.133042,47.134263,47.14442014285714,52.23647585714286,50.26111,47.172866,47.133042
2024-03-18,46.825818,0,72,11,3,1,TF,47.171644,47.172866,47.133042,47.171644,47.14976028571429,50.525414000000005,50.24091646666668,47.172866,47.133042
2024-03-19,47.135484,1,73,10,3,1,TF,46.825818,47.171644,47.172866,47.133042,47.10035657142857,48.793807785714286,50.22314346666666,47.172866,46.825818
2024-03-20,47.171644,2,74,9,3,1,TF,47.135484,46.825818,47.171644,47.133042,47.10070542857142,48.77636492857143,50.9939521,47.172866,46.825818
2024-03-21,47.172866,3,75,8,3,1,TF,47.171644,47.135484,46.825818,47.133042,47.10622,48.77894778571429,49.37149623333333,47.172866,46.825818
2024-03-22,47.171644,4,76,7,3,1,TF,47.172866,47.171644,47.135484,47.133042,47.11190914285714,48.78170514285714,49.33496926666667,47.172866,46.825818
2024-03-23,46.75983,5,77,6,3,1,TF,47.171644,47.172866,47.171644,47.172866,47.117423714285714,48.78437521428572,49.3382549,47.172866,46.825818
2024-03-24,23.585822,6,78,5,3,1,TF,46.75983,47.171644,47.172866,47.171644,47.05841857142857,47.10141935714285,49.2933535,47.172866,46.75983
2024-03-25,47.134263,0,79,4,3,1,TF,23.585822,46.75983,47.171644,46.825818,43.68901542857144,45.41938785714286,48.48692506666666,47.172866,23.585822
2024-03-26,70.476406,1,80,3,3,1,TF,47.134263,23.585822,46.75983,47.135484,43.733079,45.41671778571429,48.0489855,47.172866,23.585822
2024-03-27,23.585822,2,81,2,3,1,TF,70.476406,47.134263,23.585822,47.171644,47.06749642857143,47.08410092857143,49.59851903333333,70.476406,23.585822
2024-03-28,23.587044,3,82,1,3,1,TF,23.585822,70.476406,47.134263,47.172866,43.698093285714286,45.40215664285714,48.7852715,70.476406,23.585822
2024-03-29,23.6039,4,0,0,3,1,TF,23.587044,23.585822,70.476406,47.171644,40.32869014285715,43.72029964285714,47.9719831,70.476406,23.585822
2024-03-30,23.606346,5,1,32,3,1,TF,23.6039,23.587044,23.585822,46.75983,36.96186957142857,42.039646642857136,47.15929736666667,70.476406,23.585822
2024-03-31,0.0,6,2,31,3,1,TF,23.606346,23.6039,23.587044,23.585822,33.654229,40.35632378571428,47.15457396666667,70.476406,23.585822
2024-04-01,48.188646,0,3,30,4,2,TF,0.0,23.606346,23.6039,47.134263,30.28482585714286,36.986920642857136,44.78195396666667,70.476406,0.0
2024-04-02,23.271244,1,4,29,4,2,TF,48.188646,0.0,23.606346,70.476406,30.435452,37.0842655,44.81626136666667,70.476406,0.0
2024-04-03,71.37702,2,5,28,4,2,TF,23.271244,48.188646,0.0,23.585822,23.691857428571428,35.37967692857143,43.221085833333326,48.188646,0.0
2024-04-04,24.075844,3,6,27,4,2,TF,71.37702,23.271244,48.188646,23.587044,30.51917142857143,37.10863235714286,43.23137633333333,71.37702,0.0
2024-04-05,47.38916,4,7,26,4,2,TF,24.075844,71.37702,23.271244,23.6039,30.589,35.45884507142857,42.45458166666666,71.37702,0.0
2024-04-06,23.932821,5,8,25,4,2,TF,47.38916,24.075844,71.37702,23.606346,33.986894285714286,35.474381928571425,42.463037533333335,71.37702,0.0
2024-04-07,23.953644,6,9,24,4,2,TF,23.932821,47.38916,24.075844,0.0,34.03353357142857,33.84388128571428,41.68965613333333,71.37702,0.0
2024-04-08,24.054921,0,10,23,4,2,TF,23.953644,23.932821,47.38916,48.188646,37.45548271428572,33.870154285714285,40.916968833333335,71.37702,23.271244
2024-04-09,24.054921,1,11,22,4,2,TF,24.054921,23.953644,23.932821,23.271244,34.00780771428571,32.22162985714286,39.37475913333333,71.37702,23.271244
2024-04-10,47.28529,2,12,21,4,2,TF,24.054921,24.054921,23.953644,71.37702,34.119761571428576,28.9058095,38.605447733333335,71.37702,23.932821
2024-04-11,47.988963,3,13,20,4,2,TF,47.28529,24.054921,24.054921,24.075844,30.678085857142857,30.598628642857143,38.60923593333334,47.38916,23.932821
2024-04-12,24.074622,4,14,19,4,2,TF,47.988963,47.28529,24.054921,47.38916,34.09424571428571,32.34162285714286,38.637766633333335,47.988963,23.932821
2024-04-13,46.5582,5,15,18,4,2,TF,24.074622,47.988963,47.28529,23.932821,30.763597428571423,32.37524585714286,37.86915263333333,47.988963,23.932821
2024-04-14,23.11353,6,16,17,4,2,TF,46.5582,24.074622,47.988963,23.953644,33.99579442857144,34.014664,37.84999123333333,47.988963,23.953644
2024-04-15,48.150466,0,17,16,4,2,TF,23.11353,46.5582,24.074622,24.054921,33.87577814285715,35.665630428571426,37.04934083333333,47.988963,23.11353
2024-04-16,24.056142,1,18,15,4,2,TF,48.150466,23.11353,46.5582,24.054921,37.31799885714286,35.662903285714286,37.0819275,48.150466,23.11353
2024-04-17,48.111063,2,19,14,4,2,TF,24.056142,48.150466,23.11353,47.28529,37.31817328571429,35.718967428571425,36.31141076666666,48.150466,23.11353
2024-04-18,24.075844,3,20,13,4,2,TF,48.111063,24.056142,48.150466,47.988963,37.43614085714286,34.05711335714286,36.35425226666667,48.150466,23.11353
2024-04-19,24.074622,4,21,12,4,2,TF,24.075844,48.111063,24.056142,24.074622,34.019981,34.05711335714286,35.5855976,48.150466,23.11353
2024-04-20,47.051888,5,22,11,4,2,TF,24.074622,24.075844,48.111063,46.5582,34.01998100000001,32.39178921428572,34.81569686666667,48.150466,23.11353
2024-04-21,24.0734,6,23,10,4,2,TF,47.051888,24.074622,24.075844,23.11353,34.09050785714286,34.04315114285715,34.81166426666666,48.150466,23.11353
2024-04-22,47.8632,0,24,9,4,2,TF,24.0734,47.051888,24.074622,48.150466,34.22763214285714,34.051705142857145,34.041722799999995,48.150466,24.056142
2024-04-23,95.188912,1,25,8,4,2,TF,47.8632,24.0734,47.051888,24.056142,34.186594142857146,35.7522965,34.0785018,48.111063,24.056142
2024-04-24,47.16642,2,26,7,4,2,TF,95.188912,47.8632,24.0734,48.111063,44.34841842857144,40.83329585714286,36.46527146666666,95.188912,24.0734
2024-04-25,24.17513,3,110,6,4,2,GC,23.13893,46.221448,23.950188,0.0,29.91748457142857,23.319455214285718,19.1518133,47.05208,0.0
2024-04-25,47.16642,3,27,6,4,2,TF,47.16642,95.188912,47.8632,24.075844,44.21346942857143,40.82480514285714,36.46634336666667,95.188912,24.0734
2024-04-26,0.0,4,111,5,4,2,GC,24.17513,23.13893,46.221448,47.05208,33.37107457142857,23.32913428571429,19.251153166666665,47.05208,23.01549
2024-04-26,47.782644,4,28,5,4,2,TF,47.16642,47.16642,95.188912,24.074622,47.51212314285714,40.766052071428575,35.68934383333333,95.188912,24.0734
2024-04-27,0.0,5,112,4,4,2,GC,0.0,24.17513,23.13893,46.044256,26.649348857142854,23.32913428571429,19.251153166666665,46.221448,0.0
2024-04-27,24.074622,5,29,4,4,2,TF,47.782644,47.16642,47.16642,47.051888,50.89898342857144,42.45948221428571,36.49590456666667,95.188912,24.0734
2024-04-28,46.162319,6,113,3,4,2,GC,0.0,0.0,24.17513,23.01549,20.071598,21.690299714285715,17.810145166666665,46.221448,0.0
2024-04-28,47.23641,6,30,3,4,2,TF,24.074622,47.782644,47.16642,24.0734,47.616516857142855,40.85351235714286,36.51215716666666,95.188912,24.0734
2024-04-29,23.003432,0,114,2,4,2,GC,46.162319,0.0,0.0,23.950188,23.37828785714285,23.340918214285715,18.593756966666668,46.221448,0.0
2024-04-29,23.952422,0,31,2,4,2,TF,47.23641,24.074622,47.782644,47.8632,50.92551828571429,42.57657521428571,37.2999075,95.188912,24.074622
2024-04-30,24.095781,1,115,1,4,2,GC,23.003432,46.162319,0.0,46.221448,23.243037,23.264090785714284,18.59501283333333,46.221448,0.0
2024-04-30,24.054921,1,32,1,4,2,TF,23.952422,47.23641,24.074622,95.188912,47.50969285714286,40.8481435,37.31144336666667,95.188912,23.952422
2024-05-01,23.002705,2,0,0,5,2,GC,24.095781,23.003432,46.162319,23.13893,20.08222742857143,23.347075285714286,19.39820553333333,46.162319,0.0
2024-05-01,24.074622,2,0,0,5,2,TF,24.054921,23.952422,47.23641,47.16642,37.34769414285714,40.848056285714286,38.11327406666667,47.782644,23.952422
2024-05-02,0.0,3,1,28,5,2,GC,23.002705,24.095781,23.003432,24.17513,20.062766714285715,24.990125642857144,19.399197366666662,46.162319,0.0
2024-05-02,24.095546,3,1,28,5,2,TF,24.074622,24.054921,23.952422,47.16642,34.04886585714286,39.131167642857136,37.30947326666667,47.782644,23.952422
2024-05-03,0.0,4,2,27,5,2,GC,0.0,23.002705,24.095781,0.0,16.609176714285713,24.990125642857144,18.628291966666666,46.162319,0.0
2024-05-03,24.094323,4,2,27,5,2,TF,24.095546,24.074622,24.054921,47.782644,30.753026714285717,39.13257492857143,37.33695,47.782644,23.952422
2024-05-04,22.999854,5,3,26,5,2,GC,0.0,0.0,23.002705,0.0,16.609176714285713,21.629262785714285,18.628291966666666,46.162319,0.0
2024-05-04,48.188646,5,3,26,5,2,TF,24.094323,24.095546,24.074622,24.074622,27.36898085714285,39.13398214285714,35.76086010000001,47.23641,23.952422
2024-05-05,47.19,6,4,25,5,2,GC,22.999854,0.0,0.0,46.162319,19.894870142857144,19.98323407142857,18.62969443333333,46.162319,0.0
2024-05-05,24.114024,6,4,25,5,2,TF,48.188646,24.094323,24.095546,47.23641,30.81384142857143,39.215179142857146,36.56462016666666,48.188646,23.952422
2024-05-06,23.036984,0,5,24,5,2,GC,47.19,22.999854,0.0,23.003432,20.041681714285712,21.709984785714287,19.43502343333333,47.19,0.0
2024-05-06,0.0,0,5,24,5,2,TF,24.114024,48.188646,24.094323,23.952422,27.51064342857143,39.21808085714286,35.788782299999994,48.188646,23.952422
2024-05-07,23.00521,1,6,23,5,2,GC,23.036984,47.19,22.999854,24.095781,20.046474857142854,21.644755928571424,20.2029229,47.19,0.0
2024-05-07,0.0,1,6,23,5,2,TF,0.0,24.114024,48.188646,24.054921,24.08886885714286,35.799280857142854,34.9910216,48.188646,0.0
2024-05-08,24.153844,2,7,22,5,2,GC,23.00521,23.036984,47.19,23.002705,19.890679,19.986453214285717,20.20050413333333,47.19,0.0
2024-05-08,0.0,2,7,22,5,2,TF,0.0,0.0,24.114024,24.074622,20.65245157142857,29.00007285714286,34.192566799999994,48.188646,0.0
2024-05-09,0.0,3,8,21,5,2,GC,24.153844,23.00521,23.036984,0.0,20.05512742857143,20.058947071428573,21.00563226666667,47.19,0.0
2024-05-09,0.0,3,8,21,5,2,TF,0.0,0.0,0.0,24.095546,17.213219857142857,25.63104285714286,33.3907361,48.188646,0.0
2024-05-10,46.051245,4,9,20,5,2,GC,0.0,24.153844,23.00521,0.0,20.05512742857143,18.33215207142857,21.00563226666667,47.19,0.0
2024-05-10,24.094323,4,9,20,5,2,TF,0.0,0.0,0.0,24.094323,13.770999000000002,22.262012857142857,32.5889054,48.188646,0.0
2024-05-11,0.0,5,10,19,5,2,GC,46.051245,0.0,24.153844,22.999854,26.63387671428572,21.621526714285714,21.7782959,47.19,0.0
2024-05-11,23.868,5,10,19,5,2,TF,24.094323,0.0,0.0,48.188646,13.770999,20.569989928571427,31.81587316666667,48.188646,0.0
2024-05-12,0.0,6,11,18,5,2,GC,0.0,46.051245,0.0,47.19,23.34818328571428,21.621526714285714,20.976975133333333,47.19,0.0
2024-05-12,23.991624,6,11,18,5,2,TF,23.868,24.094323,0.0,24.114024,10.296621,20.555231214285715,31.011841066666666,24.114024,0.0
2024-05-13,45.87074,0,12,17,5,2,GC,0.0,0.0,46.051245,23.036984,16.606754714285714,18.324218214285715,20.976975133333333,46.051245,0.0
2024-05-13,48.175416,0,12,17,5,2,TF,23.991624,23.868,24.094323,0.0,10.279135285714286,18.89488935714285,31.009074466666668,24.094323,0.0
2024-05-14,23.047564,1,13,16,5,2,GC,45.87074,0.0,0.0,23.00521,19.868719857142853,19.957597357142856,21.74121033333333,46.051245,0.0
2024-05-14,23.935333,1,13,16,5,2,TF,48.175416,23.991624,23.868,0.0,17.16133757142857,20.625103214285712,31.062981666666666,48.175416,0.0
2024-05-15,24.044373,2,14,15,5,2,GC,23.047564,45.87074,0.0,24.153844,19.874770428571427,19.88272471428571,21.741007133333333,46.051245,0.0
2024-05-15,24.115248,2,14,15,5,2,TF,23.935333,48.175416,23.991624,0.0,20.580670857142856,20.61656121428572,31.090375100000003,48.175416,0.0
2024-05-16,0.0,3,15,14,5,2,GC,24.044373,23.047564,45.87074,0.0,19.859131714285716,19.95712957142857,21.739852366666664,46.051245,0.0
2024-05-16,48.067569,3,15,14,5,2,TF,24.115248,23.935333,48.175416,0.0,24.02570628571429,20.619463071428573,30.289201166666665,48.175416,0.0
2024-05-17,0.0,4,16,13,5,2,GC,0.0,24.044373,23.047564,46.051245,19.859131714285716,19.95712957142857,20.975385766666665,46.051245,0.0
2024-05-17,24.075844,4,16,13,5,2,TF,48.067569,24.115248,23.935333,24.094323,30.892501857142857,22.33175042857143,31.089582066666665,48.175416,23.868
2024-05-18,23.09119,5,17,12,5,2,GC,0.0,0.0,24.044373,0.0,13.280382428571428,19.95712957142857,20.975385766666665,45.87074,0.0
2024-05-18,23.973246,5,17,12,5,2,TF,24.075844,48.067569,24.115248,23.868,30.889862,22.3304305,30.2884081,48.175416,23.868
2024-05-19,0.0,6,18,11,5,2,GC,23.09119,0.0,0.0,0.0,16.579123857142857,19.96365357142857,21.7450921,45.87074,0.0
2024-05-19,47.9416,6,18,11,5,2,TF,23.973246,24.075844,48.067569,23.991624,30.904897142857145,20.60075907142857,30.28498816666667,48.175416,23.935333
2024-05-20,24.237396,0,19,10,5,2,GC,0.0,23.09119,0.0,45.87074,16.579123857142857,16.592939285714287,20.17668943333333,45.87074,0.0
2024-05-20,47.9416,0,19,10,5,2,TF,47.9416,23.973246,24.075844,48.175416,34.326322285714284,22.302728785714287,31.0805541,48.175416,23.935333
2024-05-21,23.17098,1,20,9,5,2,GC,24.237396,0.0,23.09119,23.047564,13.488646142857144,16.678683,19.4497941,24.237396,0.0
2024-05-21,72.038369,1,20,9,5,2,TF,47.9416,47.9416,23.973246,23.935333,34.292919999999995,25.727128785714285,31.110211166666662,48.067569,23.935333
2024-05-22,46.141529,2,21,8,5,2,GC,23.17098,24.237396,0.0,24.044373,13.506277,16.690523714285714,19.4549771,24.237396,0.0
2024-05-22,24.075844,2,21,8,5,2,TF,72.038369,47.9416,47.9416,24.115248,41.16478228571429,30.872726571428576,32.709043466666664,72.038369,23.973246
2024-05-23,24.220271,3,22,7,5,2,GC,46.141529,23.17098,24.237396,0.0,16.66301357142857,18.261072642857144,20.194688466666666,46.141529,0.0
2024-05-23,71.920563,3,22,7,5,2,TF,24.075844,72.038369,47.9416,48.067569,41.15915314285714,32.592429714285714,31.9161316,72.038369,23.973246
2024-05-24,0.0,4,23,6,5,2,GC,24.220271,46.141529,23.17098,0.0,20.123052285714287,19.991092,19.4613159,46.141529,0.0
2024-05-24,23.850946,4,23,6,5,2,TF,71.920563,24.075844,72.038369,24.075844,44.56672371428572,37.72961278571429,31.140519966666663,72.038369,23.973246
2024-05-25,0.0,5,24,5,5,2,GC,0.0,24.220271,46.141529,23.09119,20.123052285714287,16.701717357142858,18.69001823333333,46.141529,0.0
2024-05-25,24.094323,5,24,5,5,2,TF,23.850946,71.920563,24.075844,23.973246,44.53459542857143,37.71222871428571,30.3633375,72.038369,23.850946
2024-05-26,23.039145,6,25,4,5,2,GC,0.0,0.0,24.220271,0.0,16.82431085714286,16.701717357142858,17.884180566666664,46.141529,0.0
2024-05-26,47.032911,6,25,4,5,2,TF,24.094323,23.850946,71.920563,47.9416,44.55189214285715,37.72839464285715,29.5942676,72.038369,23.850946
2024-05-27,0.0,0,26,3,5,2,GC,23.039145,0.0,0.0,24.237396,20.115617285714286,18.347370571428574,18.652152066666662,46.141529,0.0
2024-05-27,0.0,0,26,3,5,2,TF,47.032911,24.094323,23.850946,47.9416,44.42207942857142,39.37420085714286,29.5692765,72.038369,23.850946
2024-05-28,23.17584,1,27,2,5,2,GC,0.0,23.039145,0.0,23.17098,16.653132142857142,15.070889142857142,18.652152066666662,46.141529,0.0
2024-05-28,24.094323,1,27,2,5,2,TF,0.0,47.032911,24.094323,72.038369,37.57327942857143,35.93309971428572,28.7667891,72.038369,0.0
2024-05-29,47.099781,2,28,1,5,2,GC,23.17584,0.0,23.039145,46.141529,16.653826428571428,15.080051714285714,17.8859361,46.141529,0.0
2024-05-29,49.984688,2,28,1,5,2,TF,24.094323,0.0,47.032911,24.075844,30.72413,35.94445614285714,27.9953862,71.920563,0.0
2024-05-30,23.103678,3,0,0,5,2,GC,47.099781,23.17584,0.0,24.220271,16.790719571428575,16.72686657142857,18.689147733333336,47.099781,0.0
2024-05-30,0.0,3,0,0,5,2,TF,49.984688,24.094323,0.0,71.920563,34.42539342857143,37.79227328571428,28.8631284,71.920563,0.0
2024-05-31,23.094838,4,1,76,5,2,GC,23.103678,47.099781,23.17584,0.0,16.631206285714285,18.37712928571429,18.65607763333333,47.099781,0.0
2024-05-31,24.094323,4,1,76,5,2,TF,0.0,49.984688,24.094323,23.850946,24.151027285714285,34.3588755,28.0612977,49.984688,0.0
2024-06-01,1.7373593,5,2,75,6,2,GC,23.094838,23.103678,47.099781,0.0,19.93046885714286,20.02676057142857,18.65914873333333,47.099781,0.0
2024-06-01,24.095546,5,2,75,6,2,TF,24.094323,0.0,49.984688,24.094323,24.185795428571428,34.36019542857143,28.0619544,49.984688,0.0
2024-06-02,23.03084,6,3,74,6,2,GC,1.7373593,23.094838,23.103678,23.039145,20.178663042857146,18.501486950000004,18.71706071,47.099781,0.0
2024-06-02,22.978947,6,3,74,6,2,TF,24.095546,24.094323,0.0,47.032911,24.18597014285714,34.36893114285714,28.0619544,49.984688,0.0
2024-06-03,45.905682,0,4,73,6,2,GC,23.03084,1.7373593,23.094838,0.0,20.17747661428572,20.146546950000005,19.484755376666666,47.099781,0.0
2024-06-03,23.830222,0,4,73,6,2,TF,22.978947,24.095546,24.094323,0.0,20.74968957142857,32.5858845,28.0247752,49.984688,0.0
2024-06-04,24.151451,1,5,72,6,2,GC,45.905682,23.03084,1.7373593,23.17584,26.735431185714283,21.69428166428571,20.248282976666665,47.099781,1.7373593
2024-06-04,23.606346,1,5,72,6,2,TF,23.830222,22.978947,24.095546,24.094323,24.154007,30.863643214285712,27.21282773333333,49.984688,0.0
2024-06-05,22.940512,2,6,71,6,2,GC,24.151451,45.905682,23.03084,47.099781,26.87480418571429,21.76431530714285,19.480331343333333,47.099781,1.7373593
2024-06-05,47.172866,2,6,71,6,2,TF,23.606346,23.830222,22.978947,49.984688,24.084296,27.404213,27.195905133333333,49.984688,0.0
2024-06-06,47.261079,3,7,70,6,2,GC,22.940512,24.151451,45.905682,23.103678,23.423480042857143,20.107099807142852,19.47711561,45.905682,1.7373593
2024-06-06,23.605123,3,7,70,6,2,TF,47.172866,23.606346,23.830222,0.0,23.682607142857144,29.054000285714288,28.768334,47.172866,0.0
2024-06-07,23.000887,4,8,69,6,2,GC,47.261079,22.940512,24.151451,23.094838,26.874537328571428,21.75287180714286,20.285644576666662,47.261079,1.7373593
2024-06-07,23.587044,4,8,69,6,2,TF,23.605123,47.172866,23.606346,24.094323,27.05476757142857,25.602897428571428,29.55517143333333,47.172866,22.978947
2024-06-08,24.263756,5,9,68,6,2,GC,23.000887,47.261079,22.940512,1.7373593,26.86111575714286,23.39579230714286,20.247212676666667,47.261079,1.7373593
2024-06-08,23.606346,5,9,68,6,2,TF,23.587044,23.605123,47.172866,24.095546,26.98229914285714,25.584047285714284,30.34140623333333,47.172866,22.978947
2024-06-09,0.0,6,10,67,6,2,GC,24.263756,23.000887,47.261079,23.03084,30.079172428571432,25.128917735714285,21.056004543333334,47.261079,22.940512
2024-06-09,23.11524,6,10,67,6,2,TF,23.606346,23.587044,23.605123,22.978947,26.91241342857143,25.54919178571429,31.12828443333333,47.172866,22.978947
2024-06-10,23.057166,0,11,66,6,2,GC,0.0,24.263756,23.000887,45.905682,26.78905242857143,23.48326452142857,19.52096304333333,47.261079,0.0
2024-06-10,23.585822,0,11,66,6,2,TF,23.11524,23.606346,23.587044,23.830222,26.931883857142857,23.840786714285716,31.09564833333333,47.172866,23.11524
2024-06-11,23.08188,1,12,65,6,2,GC,23.057166,0.0,24.263756,24.151451,23.524978714285712,25.13020495,20.289535243333333,47.261079,0.0
2024-06-11,24.074622,1,12,65,6,2,TF,23.585822,23.11524,23.606346,23.606346,26.89696957142857,25.525488285714285,31.0862424,47.172866,23.11524
2024-06-12,0.0,2,13,64,6,2,GC,23.08188,23.057166,0.0,22.940512,23.372182857142857,25.12349352142857,21.058931243333333,47.261079,0.0
2024-06-12,24.074622,2,13,64,6,2,TF,24.074622,23.585822,23.11524,47.172866,26.963866142857142,25.52408107142857,31.089009,47.172866,23.11524
2024-06-13,24.039643,3,14,63,6,2,GC,0.0,23.08188,23.057166,47.261079,20.09496685714285,21.75922345,19.52990657666667,47.261079,0.0
2024-06-13,0.0,3,14,63,6,2,TF,24.074622,24.074622,23.585822,23.605123,23.664117,23.67336207142857,30.2856492,24.074622,23.11524
2024-06-14,47.171359,4,15,62,6,2,GC,24.039643,0.0,23.08188,23.000887,16.77761885714286,21.82607809285714,19.562975876666663,24.263756,0.0
2024-06-14,0.0,4,15,62,6,2,TF,0.0,24.074622,24.074622,23.587044,20.291956571428567,23.67336207142857,29.487804766666667,24.074622,0.0
2024-06-15,23.015623,5,16,61,6,2,GC,47.171359,24.039643,0.0,24.263756,20.23054342857143,23.545829592857142,20.33387541,47.171359,0.0
2024-06-15,23.643725,5,16,61,6,2,TF,0.0,0.0,24.074622,23.606346,16.922378857142856,21.952339,28.68396316666667,24.074622,0.0
2024-06-16,22.978795,6,17,60,6,2,GC,23.015623,47.171359,24.039643,0.0,20.052238714285718,25.06570557142857,21.10106284333333,47.171359,0.0
2024-06-16,23.187456,6,17,60,6,2,TF,23.643725,0.0,0.0,23.11524,16.927718714285714,21.92006607142857,27.86983503333333,24.074622,0.0
2024-06-17,24.10908,0,18,59,6,2,GC,22.978795,23.015623,47.171359,23.057166,23.334923714285715,25.06198807142857,21.867022676666668,47.171359,0.0
2024-06-17,23.6618,0,18,59,6,2,TF,23.187456,23.643725,0.0,23.585822,16.938035285714285,21.93495957142857,27.8402221,24.074622,0.0
2024-06-18,47.12867,1,19,58,6,2,GC,24.10908,22.978795,23.015623,23.08188,23.485197142857142,23.50508792857143,21.900952343333334,47.171359,0.0
2024-06-18,0.0,1,19,58,6,2,TF,23.6618,23.187456,23.643725,24.074622,16.948889285714287,21.92292942857143,27.829840566666668,24.074622,0.0
2024-06-19,46.107354,2,20,57,6,2,GC,47.12867,24.10908,22.978795,0.0,26.92045285714286,25.146317857142854,23.47190801,47.171359,0.0
2024-06-19,47.251296,2,20,57,6,2,TF,0.0,23.6618,23.187456,24.074622,13.509657571428573,20.236761857142856,26.23178723333333,24.074622,0.0
2024-06-20,0.0,3,21,56,6,2,GC,46.107354,47.12867,24.10908,24.039643,33.50721771428572,26.801092285714283,24.20090661,47.171359,22.978795
2024-06-20,47.2899,3,21,56,6,2,TF,47.251296,0.0,23.6618,0.0,16.820611,20.242364,26.2087771,47.251296,0.0
2024-06-21,22.974047,4,22,55,6,2,GC,0.0,46.107354,47.12867,47.171359,30.072983,23.425300928571428,23.42854061,47.171359,0.0
2024-06-21,23.624424,4,22,55,6,2,TF,47.2899,47.251296,0.0,0.0,23.576311,21.934133785714288,25.38382813333333,47.2899,0.0
2024-06-22,22.974469,5,23,54,6,2,GC,22.974047,0.0,46.107354,23.015623,26.61622414285714,23.42338378571429,22.656291210000003,47.12867,0.0
2024-06-22,47.250072,5,23,54,6,2,TF,23.624424,47.2899,47.251296,23.643725,26.951228714285715,21.93680378571429,25.368780800000003,47.2899,0.0
2024-06-23,46.965374,6,24,53,6,2,GC,22.974469,22.974047,0.0,22.978795,26.610345,23.331291857142865,22.614764476666668,47.12867,0.0
2024-06-23,0.0,6,24,53,6,2,TF,47.250072,23.624424,47.2899,23.187456,30.323564,23.625641357142857,24.546431100000003,47.2899,0.0
2024-06-24,27.44992707,0,25,52,6,2,GC,46.965374,22.974469,22.974047,24.10908,30.036999142857137,26.68596142857143,24.180276943333336,47.12867,0.0
2024-06-24,23.625648,0,25,52,6,2,TF,0.0,47.250072,23.624424,23.6618,27.01107028571429,21.974552785714287,23.75139956666667,47.2899,0.0
2024-06-25,0.0,1,26,51,6,2,GC,27.44992707,46.965374,22.974469,47.12867,30.51426301,26.999730076428573,25.095274512333333,47.12867,0.0
2024-06-25,23.624424,1,26,51,6,2,TF,23.625648,0.0,47.250072,0.0,27.00590571428572,21.9773975,23.735777066666667,47.2899,0.0
2024-06-26,70.179494,2,27,50,6,2,GC,0.0,27.44992707,46.965374,46.107354,23.78159586714285,25.35102436214285,24.32730301233333,46.965374,0.0
2024-06-26,23.643725,2,27,50,6,2,TF,23.624424,23.625648,0.0,47.251296,30.380823428571432,21.945240500000004,22.955494166666664,47.2899,0.0
2024-06-27,47.334117,3,28,49,6,2,GC,70.179494,0.0,27.44992707,0.0,27.220473010000003,30.363845362142857,26.666619479,70.179494,0.0
2024-06-27,0.0,3,28,49,6,2,TF,23.643725,23.624424,23.625648,47.2899,27.008313285714284,21.914462142857143,23.74361833333333,47.2899,0.0
2024-06-28,22.932545,4,29,48,6,2,GC,47.334117,70.179494,0.0,22.974047,33.98248972428571,32.02773636214285,27.471895379,70.179494,0.0
2024-06-28,23.643725,4,29,48,6,2,TF,0.0,23.643725,23.624424,23.624424,20.25261328571429,21.914462142857143,22.940474233333337,47.250072,0.0
2024-06-29,23.013701,5,30,47,6,2,GC,22.932545,47.334117,70.179494,22.974469,33.97656086714286,30.296392505,26.666320845666668,70.179494,0.0
2024-06-29,22.41015,5,30,47,6,2,TF,23.643725,0.0,23.643725,47.250072,20.25537057142857,23.60329964285714,22.06244213333333,47.250072,0.0
2024-06-30,23.001309,6,31,46,6,2,GC,23.013701,22.932545,47.334117,46.965374,33.982165438571435,30.296255219285715,26.66332161233333,70.179494,0.0
2024-06-30,47.2464,6,31,46,6,2,TF,22.41015,23.643725,0.0,0.0,16.706810285714287,23.515187142857144,22.809447133333336,23.643725,0.0
2024-07-01,24.015418,0,32,45,7,3,GC,23.001309,23.013701,22.932545,27.44992707,30.55872758142857,30.29786336214286,26.660203979,70.179494,0.0
2024-07-01,23.64495,0,32,45,7,3,TF,47.2464,22.41015,23.643725,23.625648,23.456296,25.233683142857146,23.581183033333332,47.2464,0.0
2024-07-02,47.173365,1,33,44,7,3,GC,24.015418,23.001309,23.013701,0.0,30.06808342857143,30.29117321928572,27.402805935666667,70.179494,0.0
2024-07-02,23.64495,1,33,44,7,3,TF,23.64495,47.2464,22.41015,23.624424,23.459053428571423,25.232479571428573,23.56616316666667,47.2464,0.0
2024-07-03,0.0,2,34,43,7,3,GC,47.173365,24.015418,23.001309,70.179494,36.80713557142857,30.294365719285715,28.207556769,70.179494,22.932545
2024-07-03,24.133725,2,34,43,7,3,TF,23.64495,23.64495,47.2464,23.643725,23.461985714285717,26.92140457142857,23.58836326666667,47.2464,0.0
2024-07-04,22.943736,3,35,42,7,3,GC,0.0,47.173365,24.015418,47.334117,26.781493571428573,27.000983290714288,26.677367369,47.334117,0.0
2024-07-04,48.268675,3,35,42,7,3,TF,24.133725,23.64495,23.64495,0.0,23.53198571428572,25.2701495,23.59848003333333,47.2464,0.0
2024-07-05,24.163746,4,36,41,7,3,GC,22.943736,0.0,47.173365,22.932545,23.297153428571427,28.639821576428574,26.637110202333336,47.173365,0.0
2024-07-05,24.115248,4,36,41,7,3,TF,48.268675,24.133725,23.64495,23.643725,30.427510714285717,25.340062,24.420557666666664,48.268675,22.41015
2024-07-06,23.11582,5,37,40,7,3,GC,24.163746,22.943736,0.0,23.013701,23.47303928571429,28.72480007642857,26.677884669,47.173365,0.0
2024-07-06,24.115248,5,37,40,7,3,TF,24.115248,48.268675,24.133725,22.41015,30.494871142857143,25.37512085714286,23.6519704,48.268675,22.41015
2024-07-07,22.915814,6,38,39,7,3,GC,23.11582,24.163746,22.943736,23.001309,23.48762771428571,28.73489657642857,25.873042702333333,47.173365,0.0
2024-07-07,23.90465,6,38,39,7,3,TF,24.115248,24.115248,48.268675,47.2464,30.73845657142857,23.72263342857143,23.66897456666667,48.268675,23.64495
2024-07-08,22.34708,0,39,38,7,3,GC,22.915814,23.11582,24.163746,24.015418,23.475414142857144,27.017070862142862,25.870206935666666,47.173365,0.0
2024-07-08,48.2256,0,39,38,7,3,TF,23.90465,24.115248,24.115248,23.64495,27.403920857142857,25.43010842857143,23.679561433333337,48.268675,23.64495
2024-07-09,0.0,1,40,37,7,3,GC,22.34708,22.915814,23.11582,47.173365,23.237080142857145,26.65258178571429,25.806317735666667,47.173365,0.0
2024-07-09,24.114024,1,40,37,7,3,TF,48.2256,23.90465,24.115248,23.64495,30.915442285714285,27.187247857142857,24.50020323333333,48.268675,23.64495
2024-07-10,46.053064000000006,2,41,36,7,3,GC,0.0,22.34708,22.915814,0.0,16.498028,26.65258178571429,25.806317735666667,24.163746,0.0
2024-07-10,24.114024,2,41,36,7,3,TF,24.114024,48.2256,23.90465,24.133725,30.982452857142864,27.22221928571429,24.533496033333336,48.268675,23.90465
2024-07-11,24.099234,3,42,35,7,3,GC,46.053064000000006,0.0,22.34708,22.943736,23.077037142857144,24.92926535714286,26.572847669,46.053064000000006,0.0
2024-07-11,48.268675,3,42,35,7,3,TF,24.114024,24.114024,48.2256,48.268675,30.979638428571427,27.25581207142857,24.551102766666663,48.268675,23.90465
2024-07-12,46.158099,4,43,34,7,3,GC,24.099234,46.053064000000006,0.0,24.163746,23.242108285714288,23.269630857142857,26.606759469,46.053064000000006,0.0
2024-07-12,0.0,4,43,34,7,3,TF,48.268675,24.114024,24.114024,24.115248,30.979638428571437,30.70357457142857,25.3575712,48.268675,23.90465
2024-07-13,0.0,5,44,33,7,3,GC,46.158099,24.099234,46.053064000000006,23.11582,26.384158714285714,24.928599,28.145362769,46.158099,0.0
2024-07-13,48.068792,5,44,33,7,3,TF,0.0,48.268675,24.114024,24.115248,27.534603000000004,29.014737071428574,24.5550838,48.268675,0.0
2024-07-14,71.461855,6,45,32,7,3,GC,0.0,46.158099,24.099234,22.915814,23.08189871428572,23.28476321428571,27.344041335666667,46.158099,0.0
2024-07-14,23.992848,6,45,32,7,3,TF,48.068792,0.0,48.268675,23.90465,30.956537857142852,30.847497214285717,26.157376866666667,48.268675,0.0
2024-07-15,22.321758,0,46,31,7,3,GC,71.461855,0.0,46.158099,22.34708,30.017047428571427,26.746230785714285,28.153724535666665,71.461855,0.0
2024-07-15,47.90491,0,46,31,7,3,TF,23.992848,48.068792,0.0,48.2256,30.96913757142857,29.186529214285716,26.957138466666667,48.268675,0.0
2024-07-16,0.0,1,47,30,7,3,GC,22.321758,71.461855,0.0,0.0,30.01343,26.62525507142857,28.13059570233333,71.461855,0.0
2024-07-16,24.094323,1,47,30,7,3,TF,47.90491,23.992848,48.068792,24.114024,30.923324714285712,30.9193835,27.765844633333334,48.268675,0.0
2024-07-17,46.129630000000006,2,48,29,7,3,GC,0.0,22.321758,71.461855,46.053064000000006,30.01343,23.255729,27.364635869,71.461855,0.0
2024-07-17,47.8975,2,48,29,7,3,TF,24.094323,47.90491,23.992848,24.114024,30.920510285714283,30.95148157142857,27.79607353333333,48.268675,0.0
2024-07-18,22.911453,3,49,28,7,3,GC,46.129630000000006,0.0,22.321758,24.099234,30.024368,26.55070257142857,28.09865420233333,71.461855,0.0
2024-07-18,47.901175,3,49,28,7,3,TF,47.8975,24.094323,47.90491,48.268675,34.31814971428571,32.64889407142857,28.6039302,48.268675,0.0
2024-07-19,23.025736,4,50,27,7,3,GC,22.911453,46.129630000000006,0.0,46.158099,29.854685,26.548396642857146,27.291413635666668,71.461855,0.0
2024-07-19,0.0,4,50,27,7,3,TF,47.901175,47.8975,24.094323,0.0,34.265649714285715,32.622644071428574,30.200636033333332,48.068792,0.0
2024-07-20,0.0,5,51,26,7,3,GC,23.025736,22.911453,46.129630000000006,0.0,26.550061714285714,26.467110214285714,26.522026369,71.461855,0.0
2024-07-20,46.798675,5,51,26,7,3,TF,0.0,47.901175,47.8975,48.068792,34.265649714285715,30.900126357142856,28.62559283333333,48.068792,0.0
2024-07-21,24.057104,6,52,25,7,3,GC,0.0,23.025736,22.911453,71.461855,26.550061714285714,24.815980214285712,26.522026369,71.461855,0.0
2024-07-21,23.991624,6,52,25,7,3,TF,46.798675,0.0,47.901175,23.992848,34.084204428571425,32.520371142857144,28.609218666666667,47.90491,0.0
2024-07-22,47.090221,0,53,24,7,3,GC,24.057104,0.0,23.025736,22.321758,19.77795442857143,24.89750092857143,26.558128269,46.129630000000006,0.0
2024-07-22,24.13495,0,53,24,7,3,TF,23.991624,46.798675,0.0,47.90491,34.08402957142857,32.52658357142857,28.62145866666667,47.90491,0.0
2024-07-23,46.120993,1,54,23,7,3,GC,47.090221,24.057104,0.0,0.0,23.316306285714287,26.66486814285714,27.361986669,47.090221,0.0
2024-07-23,24.075844,1,54,23,7,3,TF,24.13495,23.991624,46.798675,24.094323,30.688321,30.805822857142857,27.8509546,47.901175,0.0
2024-07-24,24.014049,2,55,22,7,3,GC,46.120993,47.090221,24.057104,46.129630000000006,29.90501957142857,29.959224785714287,27.333840635666665,47.090221,0.0
2024-07-24,48.189869,2,55,22,7,3,TF,24.075844,24.13495,23.991624,47.8975,30.685681142857145,30.80309571428572,28.65348273333333,47.901175,0.0
2024-07-25,23.025793,3,56,21,7,3,GC,24.014049,46.120993,47.090221,22.911453,26.74565085714286,28.38500942857143,27.219311366666663,47.090221,0.0
2024-07-25,72.033675,3,56,21,7,3,TF,48.189869,24.075844,24.13495,47.901175,30.72744814285714,32.522798928571426,29.4722901,48.189869,0.0
2024-07-26,46.242936,4,57,20,7,3,GC,23.025793,24.014049,46.120993,23.025736,26.76198514285714,28.30833507142857,27.9868378,47.090221,0.0
2024-07-26,0.0,4,57,20,7,3,TF,72.033675,48.189869,24.075844,0.0,34.17494814285714,34.22029892857143,31.085931800000004,72.033675,0.0
2024-07-27,24.001426,5,58,19,7,3,GC,46.242936,23.025793,24.014049,0.0,30.078728,28.31439485714286,27.18895253333333,47.090221,0.0
2024-07-27,46.803575,5,58,19,7,3,TF,0.0,72.033675,48.189869,46.798675,34.17494814285714,34.22029892857143,30.29780763333333,72.033675,0.0
2024-07-28,24.213643,6,59,18,7,3,GC,24.001426,46.242936,23.025793,24.057104,33.50750314285714,30.02878242857143,26.411196166666667,47.090221,23.025793
2024-07-28,50.02488,6,59,18,7,3,TF,46.803575,0.0,72.033675,23.991624,34.17564814285714,34.12992628571428,31.8579268,72.033675,0.0
2024-07-29,45.31369,0,60,17,7,3,GC,24.213643,24.001426,46.242936,47.090221,33.52986585714286,26.653910142857143,26.453899433333333,47.090221,23.025793
2024-07-29,48.229272,0,60,17,7,3,TF,50.02488,46.803575,0.0,24.13495,37.89468471428571,35.989357142857145,32.73729863333333,72.033675,0.0
2024-07-30,0.0,1,61,16,7,3,GC,45.31369,24.213643,24.001426,46.120993,33.27607571428571,28.296191,27.1972324,46.242936,23.025793
2024-07-30,48.229272,1,61,16,7,3,TF,48.229272,50.02488,46.803575,24.075844,41.336730714285714,36.012525857142855,33.59793603333333,72.033675,0.0
2024-07-31,47.299904,2,62,15,7,3,GC,0.0,45.31369,24.213643,24.014049,26.687362428571426,28.296191,26.4305221,46.242936,0.0
2024-07-31,46.907352,2,62,15,7,3,TF,48.229272,48.229272,50.02488,48.189869,44.78722042857144,37.73645078571429,33.63069843333333,72.033675,0.0
2024-08-01,0.0,3,63,14,8,3,GC,47.299904,0.0,45.31369,23.025793,30.013913142857145,28.379782,27.20667163333333,47.299904,0.0
2024-08-01,48.228048,3,63,14,8,3,TF,46.907352,48.229272,48.229272,72.033675,44.60400371428572,37.66572592857143,34.40611183333333,72.033675,0.0
2024-08-02,23.099635,4,64,13,8,3,GC,0.0,47.299904,0.0,46.242936,26.724514142857146,26.74324964285714,25.634226133333332,47.299904,0.0
2024-08-02,47.736,4,64,13,8,3,TF,48.228048,46.907352,48.229272,0.0,41.20319985714286,37.689074000000005,35.22554843333333,50.02488,0.0
2024-08-03,70.352351,5,65,12,8,3,GC,23.099635,0.0,47.299904,24.001426,23.418328285714285,26.748528142857143,26.404213966666667,47.299904,0.0
2024-08-03,71.975352,5,65,12,8,3,TF,47.736,48.228048,46.907352,46.803575,48.02262842857143,41.09878828571429,36.01229093333334,50.02488,46.803575
2024-08-04,24.147572,6,66,11,8,3,GC,70.352351,23.099635,0.0,24.213643,30.039889,31.77369607142857,27.98450113333333,70.352351,0.0
2024-08-04,23.870448,6,66,11,8,3,TF,71.975352,47.736,48.228048,50.02488,51.61859657142857,42.897122357142855,36.8025135,71.975352,46.907352
2024-08-05,44.715785,0,67,10,8,3,GC,24.147572,70.352351,23.099635,45.31369,30.030450285714284,31.78015807142857,27.983962,70.352351,0.0
2024-08-05,47.863296,0,67,10,8,3,TF,23.870448,71.975352,47.736,48.229272,47.88224914285714,42.88846692857143,36.79435349999999,71.975352,23.870448
2024-08-06,23.09135,1,68,9,8,3,GC,44.715785,24.147572,70.352351,0.0,29.94503528571428,31.6105555,28.703960833333333,70.352351,0.0
2024-08-06,48.188646,1,68,9,8,3,TF,47.863296,23.870448,71.975352,48.229272,47.82996685714286,44.583348785714286,37.5859551,71.975352,23.870448
2024-08-07,23.12904,2,69,8,8,3,GC,23.09135,44.715785,24.147572,47.299904,33.24379957142857,29.965581,28.70981203333333,70.352351,0.0
2024-08-07,47.248848,2,69,8,8,3,TF,48.188646,47.863296,23.870448,46.907352,47.82416314285715,46.305691785714295,38.39542163333333,71.975352,23.870448
2024-08-08,0.0,3,70,7,8,3,GC,23.12904,23.09135,44.715785,0.0,29.790818999999995,29.90236607142857,28.735877366666667,70.352351,0.0
2024-08-08,47.248848,3,70,7,8,3,TF,47.248848,48.188646,47.863296,48.228048,47.87294828571429,46.238476,38.36286323333333,71.975352,23.870448
2024-08-09,47.096119,4,71,6,8,3,GC,0.0,23.12904,23.09135,23.099635,29.790819,28.257666571428576,28.735877366666667,70.352351,0.0
2024-08-09,23.624424,4,71,6,8,3,TF,47.248848,47.248848,48.188646,47.736,47.73306257142858,44.46813121428572,39.13402403333334,71.975352,23.870448
2024-08-10,46.065628,5,72,5,8,3,GC,47.096119,0.0,23.12904,70.352351,33.218888142857146,28.318608214285717,28.770645866666666,70.352351,0.0
2024-08-10,23.625648,5,72,5,8,3,TF,23.624424,47.248848,47.248848,71.975352,44.28855171428571,46.15559007142857,39.11770403333333,71.975352,23.624424
2024-08-11,47.320865,6,73,4,8,3,GC,46.065628,47.096119,0.0,24.147572,29.74935628571429,29.894622642857144,29.502859,47.096119,0.0
2024-08-11,46.720275,6,73,4,8,3,TF,23.625648,23.624424,47.248848,23.870448,37.381451142857145,44.50002385714286,38.2962698,48.188646,23.624424
2024-08-12,46.631455,0,74,3,8,3,GC,47.320865,46.065628,47.096119,44.715785,33.05982671428571,31.5451385,29.54161786666667,47.320865,0.0
2024-08-12,47.248848,0,74,3,8,3,TF,46.720275,23.625648,23.624424,47.863296,40.64571214285714,44.26398064285714,39.8536123,48.188646,23.624424
2024-08-13,70.031559,1,75,2,8,3,GC,46.631455,47.320865,46.065628,23.09135,33.33349385714286,31.639264571428573,31.0959997,47.320865,0.0
2024-08-13,47.251296,1,75,2,8,3,TF,47.248848,46.720275,23.625648,48.188646,40.55793385714286,44.19395035714285,39.826280833333335,48.188646,23.624424
2024-08-14,23.00399,2,76,1,8,3,GC,70.031559,46.631455,47.320865,23.12904,40.039238000000005,36.64151878571429,31.048323166666663,70.031559,0.0
2024-08-14,47.285,2,76,1,8,3,TF,47.251296,47.248848,46.720275,47.248848,40.42402671428572,44.124094928571424,40.60156243333334,47.251296,23.624424
2024-08-15,46.024571,3,0,0,8,3,GC,23.00399,70.031559,46.631455,0.0,40.02137371428571,34.90609635714286,31.07106423333333,70.031559,0.0
2024-08-15,47.288675,3,0,0,8,3,TF,47.285,47.251296,47.248848,47.248848,40.42919128571429,44.15106978571429,40.58089876666666,47.285,23.624424
2024-08-16,23.033451,4,1,57,8,3,GC,46.024571,23.00399,70.031559,47.096119,46.59631242857142,38.19356571428572,32.6052166,70.031559,23.00399
2024-08-16,23.624424,4,1,57,8,3,TF,47.288675,47.285,47.251296,23.624424,40.43488085714286,44.08397171428571,41.354043833333336,47.288675,23.624424
2024-08-17,24.030105,5,2,56,8,3,GC,23.033451,46.024571,23.00399,46.065628,43.15878842857143,38.18883828571428,31.835343966666663,70.031559,23.00399
2024-08-17,23.6232,5,2,56,8,3,TF,23.624424,47.288675,47.285,23.625648,40.43488085714285,42.36171628571429,40.544941300000005,47.288675,23.624424
2024-08-18,43.448272,6,3,55,8,3,GC,24.030105,23.033451,46.024571,47.320865,40.01085657142857,34.88010642857143,31.872632366666668,70.031559,23.00399
2024-08-18,23.6232,6,3,55,8,3,TF,23.6232,23.624424,47.288675,46.720275,40.434531142857146,38.90799114285715,39.73567546666667,47.288675,23.6232
2024-08-19,25.3380907,0,4,54,8,3,GC,43.448272,24.030105,23.033451,46.631455,39.457629,36.25872785714286,32.55338356666667,70.031559,23.00399
2024-08-19,47.251296,0,4,54,8,3,TF,23.6232,23.6232,23.624424,47.248848,37.134949,38.89033057142858,40.523115466666674,47.288675,23.6232
2024-08-20,71.265192,1,5,53,8,3,GC,25.3380907,43.448272,24.030105,70.031559,36.41571981428572,34.87460683571428,33.397986589999995,70.031559,23.00399
2024-08-20,47.25252,1,5,53,8,3,TF,47.251296,23.6232,23.6232,47.251296,37.13529871428572,38.84661628571429,40.53820283333334,47.288675,23.6232
2024-08-21,46.011519,2,6,52,8,3,GC,71.265192,25.3380907,43.448272,23.00399,36.591953100000005,38.315595550000005,34.971589523333336,71.265192,23.00399
2024-08-21,47.248848,2,6,52,8,3,TF,47.25252,47.251296,23.6232,47.285,37.13547357142857,38.77975014285715,41.31356603333334,47.288675,23.6232
2024-08-22,46.009457,3,7,51,8,3,GC,46.011519,71.265192,25.3380907,46.024571,39.878742957142855,39.95005833571428,34.93563279,71.265192,23.033451
2024-08-22,47.250072,3,7,51,8,3,TF,47.248848,47.25252,47.251296,47.288675,37.130309,38.77975014285715,42.0840293,47.288675,23.6232
2024-08-23,22.909422,4,8,50,8,3,GC,46.009457,46.011519,71.265192,23.033451,39.87658381428572,43.236448121428566,34.93191492333334,71.265192,23.033451
2024-08-23,23.625648,4,8,50,8,3,TF,47.250072,47.248848,47.25252,23.624424,37.12479428571429,38.77983757142857,42.85650356666667,47.25252,23.6232
2024-08-24,45.956487,5,9,49,8,3,GC,22.909422,46.009457,46.011519,24.030105,39.85886538571429,41.50882690714286,34.89509402333333,71.265192,22.909422
2024-08-24,23.032008,5,9,49,8,3,TF,23.625648,47.250072,47.248848,23.6232,37.12496914285714,38.779925,42.0376962,47.25252,23.6232
2024-08-25,0.0,6,10,48,8,3,GC,45.956487,22.909422,46.009457,43.448272,42.991205671428574,41.501031121428575,35.659450490000005,71.265192,22.909422
2024-08-25,47.251296,6,10,48,8,3,TF,23.032008,23.625648,47.250072,23.6232,37.04051314285714,38.73752214285714,40.404307300000006,47.25252,23.032008
2024-08-26,45.439842,0,11,47,8,3,GC,0.0,45.956487,22.909422,25.3380907,36.784309671428566,38.120969335714285,34.11801929,71.265192,0.0
2024-08-26,47.210246,0,11,47,8,3,TF,47.251296,23.032008,23.625648,47.251296,40.41595542857143,38.77545221428572,41.9793505,47.25252,23.032008
2024-08-27,70.297023,1,12,46,8,3,GC,45.439842,0.0,45.956487,71.265192,39.65598842857143,38.03585412142858,34.83263315666667,71.265192,0.0
2024-08-27,47.210246,1,12,46,8,3,TF,47.210246,47.251296,23.032008,47.25252,40.41009114285714,38.77269492857143,41.9929062,47.25252,23.032008
2024-08-28,23.057365,2,13,45,8,3,GC,70.297023,45.439842,0.0,46.011519,39.51767857142857,38.05481583571429,36.36874582333333,70.297023,0.0
2024-08-28,47.210246,2,13,45,8,3,TF,47.210246,47.210246,47.251296,47.248848,40.404052,38.769762785714285,41.899085066666665,47.251296,23.032008
2024-08-29,23.11233,3,14,44,8,3,GC,23.057365,70.297023,45.439842,46.009457,36.23851371428571,38.05862833571428,35.62686832333333,70.297023,0.0
2024-08-29,47.2078,3,14,44,8,3,TF,47.210246,47.210246,47.210246,47.250072,40.39853742857143,38.76442321428571,41.86511753333333,47.251296,23.032008
2024-08-30,46.068423,4,15,43,8,3,GC,23.11233,23.057365,70.297023,22.909422,32.967495571428564,36.42203969285715,36.397279323333336,70.297023,0.0
2024-08-30,23.624424,4,15,43,8,3,TF,47.2078,47.210246,47.210246,23.625648,40.39249857142857,38.758646428571424,41.831068466666665,47.251296,23.032008
2024-08-31,23.076871,5,16,42,8,3,GC,46.068423,23.11233,23.057365,45.956487,36.27592428571428,38.06739483571429,36.35622995666667,70.297023,0.0
2024-08-31,47.250072,5,16,42,8,3,TF,23.624424,47.2078,47.210246,23.032008,40.39232371428572,38.758646428571424,41.054970866666665,47.251296,23.032008
2024-09-01,22.941883,6,17,41,9,3,GC,23.076871,46.068423,23.11233,0.0,33.00740771428571,37.99930669285715,37.12545899,70.297023,0.0
2024-09-01,0.0,6,17,41,9,3,TF,47.250072,23.624424,47.2078,47.251296,43.85204714285714,40.44628014285714,41.02237166666667,47.251296,23.624424
2024-09-02,0.0,0,18,40,9,3,GC,22.941883,23.076871,46.068423,45.439842,36.28481957142857,36.53456462142857,37.12020059,70.297023,22.941883
2024-09-02,23.624424,0,18,40,9,3,TF,0.0,47.250072,23.624424,47.210246,37.101862,38.75890871428572,39.43117166666666,47.250072,0.0
2024-09-03,23.141148,1,19,39,9,3,GC,0.0,22.941883,23.076871,70.297023,29.793413571428573,34.724701,34.775122223333334,70.297023,0.0
2024-09-03,47.250072,1,19,39,9,3,TF,23.624424,0.0,47.250072,47.210246,33.73245885714285,37.071275,37.819474066666665,47.250072,0.0
2024-09-04,45.992262,2,20,38,9,3,GC,23.141148,0.0,22.941883,23.057365,23.05686,31.287269285714284,34.741574756666665,46.068423,0.0
2024-09-04,47.250072,2,20,38,9,3,TF,47.250072,23.624424,0.0,47.210246,33.73814828571429,37.07110014285714,38.59879486666667,47.250072,0.0
2024-09-05,23.126783,3,21,37,9,3,GC,45.992262,23.141148,0.0,23.11233,26.33327385714286,31.285893785714283,34.784123990000005,46.068423,0.0
2024-09-05,23.625648,3,21,37,9,3,TF,47.250072,47.250072,23.624424,47.2078,33.74383771428571,37.071187571428574,38.57835406666667,47.250072,0.0
2024-09-06,46.092815,4,22,36,9,3,GC,23.126783,45.992262,23.141148,46.068423,26.33533857142857,29.65141707142857,34.785305089999994,46.068423,0.0
2024-09-06,47.20356,4,22,36,9,3,TF,23.625648,47.250072,47.250072,23.624424,30.37495885714286,35.38372871428572,37.759587466666666,47.250072,0.0
2024-09-07,24.045705,5,23,35,9,3,GC,46.092815,23.126783,45.992262,23.076871,26.338823142857144,31.307373714285717,35.55076425666666,46.092815,0.0
2024-09-07,47.13012,5,23,35,9,3,TF,47.20356,23.625648,47.250072,47.250072,33.74340685714286,37.06786528571429,37.75807786666668,47.250072,0.0
2024-09-08,24.0513,6,24,34,9,3,GC,24.045705,46.092815,23.126783,22.941883,26.477228,29.742317857142854,36.35228775666667,46.092815,0.0
2024-09-08,0.0,6,24,34,9,3,TF,47.13012,47.20356,23.625648,0.0,33.72627085714286,38.789159,37.75412026666666,47.250072,0.0
2024-09-09,21.136344,0,25,33,9,3,GC,24.0513,24.045705,46.092815,0.0,26.63571614285714,31.46026785714286,35.58412712333333,46.092815,0.0
2024-09-09,70.873272,0,25,33,9,3,TF,0.0,47.13012,47.20356,23.624424,33.726270857142865,35.41406642857143,36.96663946666667,47.250072,0.0
2024-09-10,46.262641,1,26,32,9,3,GC,21.136344,24.0513,24.045705,23.141148,29.65519385714286,29.72430371428572,34.75315099,46.092815,21.136344
2024-09-10,23.624424,1,26,32,9,3,TF,70.873272,0.0,47.13012,47.250072,40.476106285714295,37.10428257142858,38.54156026666667,70.873272,0.0
2024-09-11,0.0,2,27,31,9,3,GC,46.262641,21.136344,24.0513,45.992262,32.958264285714286,28.007562142857147,34.71787685666666,46.262641,21.136344
2024-09-11,47.248848,2,27,31,9,3,TF,23.624424,70.873272,0.0,47.250072,37.10101371428571,35.419581,37.77169856666667,70.873272,0.0
2024-09-12,23.139521,3,28,30,9,3,GC,0.0,46.262641,21.136344,23.126783,26.387941142857148,26.360607500000004,33.16349502333333,46.262641,0.0
2024-09-12,47.2464,3,28,30,9,3,TF,47.248848,23.624424,70.873272,23.625648,37.10083885714285,35.42233828571428,37.77169856666667,70.873272,0.0
2024-09-13,23.158516,4,29,29,9,3,GC,23.139521,0.0,46.262641,46.092815,26.389760857142857,26.362549714285716,31.60042709,46.262641,0.0
2024-09-13,0.0,4,29,29,9,3,TF,47.2464,47.248848,23.624424,47.20356,40.475232,35.425095428571424,37.77153536666666,70.873272,0.0
2024-09-14,46.081252,5,30,28,9,3,GC,23.158516,23.139521,0.0,24.045705,23.11343242857143,24.726127785714286,31.605577956666664,46.262641,0.0
2024-09-14,46.975896,5,30,28,9,3,TF,0.0,47.2464,47.248848,47.13012,33.73186628571428,33.737636571428574,36.1953687,70.873272,0.0
2024-09-15,23.09713,6,31,27,9,3,GC,46.081252,23.158516,23.139521,24.0513,26.261367714285715,26.369297857142858,31.60746732333333,46.262641,0.0
2024-09-15,0.0,6,31,27,9,3,TF,46.975896,0.0,47.2464,0.0,33.70983428571429,33.71805257142857,36.18494273333333,70.873272,0.0
2024-09-16,23.344107,0,32,26,9,3,GC,23.09713,46.081252,23.158516,21.136344,26.125057714285717,26.38038692857143,31.609589956666664,46.262641,0.0
2024-09-16,48.2868,0,32,26,9,3,TF,0.0,46.975896,0.0,70.873272,33.70983428571429,33.71805257142857,35.39746193333333,70.873272,0.0
2024-09-17,68.298347,1,33,25,9,3,GC,23.344107,23.09713,46.081252,46.262641,26.44045242857143,28.047823142857144,31.586723356666663,46.262641,0.0
2024-09-17,24.114024,1,33,25,9,3,TF,48.2868,0.0,46.975896,23.624424,30.483195428571427,35.47965085714286,36.21958193333333,48.2868,0.0
2024-09-18,0.0,2,34,24,9,3,GC,68.298347,23.344107,23.09713,0.0,29.58841042857143,31.273337357142857,32.41505919,68.298347,0.0
2024-09-18,48.228048,2,34,24,9,3,TF,24.114024,48.2868,0.0,47.248848,30.553138285714283,33.827076,36.23594273333333,48.2868,0.0
2024-09-19,46.03353,3,35,23,9,3,GC,0.0,68.298347,23.344107,23.139521,29.58841042857143,27.988175785714287,31.570456166666663,68.298347,0.0
2024-09-19,24.133725,3,35,23,9,3,TF,48.228048,24.114024,48.2868,47.2464,30.693024,33.89693142857143,36.26850113333333,48.2868,0.0
2024-09-20,46.127041000000006,4,36,22,9,3,GC,46.03353,0.0,68.298347,23.158516,32.85898314285714,29.624372,30.729400766666668,68.298347,0.0
2024-09-20,0.0,4,36,22,9,3,TF,24.133725,48.228048,24.114024,0.0,27.391213285714286,33.93322264285714,35.49787463333334,48.2868,0.0
2024-09-21,23.097826,5,37,21,9,3,GC,46.127041000000006,46.03353,0.0,46.081252,36.140201000000005,29.62681671428572,30.7332515,68.298347,0.0
2024-09-21,48.26745,5,37,21,9,3,TF,0.0,24.133725,48.228048,46.975896,27.391213285714286,30.56153978571428,33.92291303333333,48.2868,0.0
2024-09-22,47.121893,6,38,20,9,3,GC,23.097826,46.127041000000006,46.03353,23.09713,32.85685442857143,29.55911107142857,29.969530466666672,68.298347,0.0
2024-09-22,0.0,6,38,20,9,3,TF,48.26745,0.0,24.133725,0.0,27.575721000000005,30.64277764285714,33.95682563333334,48.2868,0.0
2024-09-23,46.202452,0,39,19,9,3,GC,47.121893,23.097826,46.127041000000006,23.344107,36.28896342857143,31.20701057142857,30.77661283333333,68.298347,0.0
2024-09-23,23.2848,0,39,19,9,3,TF,0.0,48.26745,0.0,48.2868,27.575721000000005,30.64277764285714,33.16930403333333,48.2868,0.0
2024-09-24,21.87454,1,40,18,9,3,GC,46.202452,47.121893,23.097826,68.298347,39.55444128571428,32.997446857142855,30.784811666666663,68.298347,0.0
2024-09-24,48.229272,1,40,18,9,3,TF,23.2848,0.0,48.26745,24.114024,24.004006714285712,27.24360107142857,33.17773043333334,48.26745,0.0
2024-09-25,22.966125,2,41,17,9,3,GC,21.87454,46.202452,47.121893,0.0,32.92246885714285,31.255439642857144,31.513963,47.121893,0.0
2024-09-25,24.1128,2,41,17,9,3,TF,48.229272,23.2848,0.0,48.228048,27.449042142857135,29.001090214285718,33.21032963333333,48.26745,0.0
2024-09-26,22.994854,3,42,16,9,3,GC,22.966125,21.87454,46.202452,46.03353,36.203343857142855,32.895877142857145,30.7648391,47.121893,21.87454
2024-09-26,24.114024,3,42,16,9,3,TF,24.1128,48.229272,23.2848,24.133725,24.004006714285712,27.34851535714285,32.44041476666667,48.26745,0.0
2024-09-27,22.993473,4,43,15,9,3,GC,22.994854,22.966125,21.87454,46.127041000000006,32.91210442857143,32.88554378571428,29.18810013333333,47.121893,21.87454
2024-09-27,24.114024,4,43,15,9,3,TF,24.114024,24.1128,48.229272,0.0,24.00119228571429,25.696202785714288,31.6705407,48.26745,0.0
2024-09-28,46.077353,5,44,14,9,3,GC,22.993473,22.994854,22.966125,23.097826,29.607309,32.873755,29.1859704,47.121893,21.87454
2024-09-28,48.26745,5,44,14,9,3,TF,24.114024,24.114024,24.1128,48.26745,27.44605285714286,27.41863307142857,30.900666633333334,48.26745,0.0
2024-09-29,22.979281,6,45,13,9,3,GC,46.077353,22.993473,22.994854,47.121893,32.89009857142857,32.8734765,29.95147116666667,47.121893,21.87454
2024-09-29,24.01,6,45,13,9,3,TF,48.26745,24.114024,24.114024,0.0,27.446052857142856,27.510886928571427,30.9359883,48.26745,0.0
2024-09-30,46.45352,0,46,12,9,3,GC,22.979281,46.077353,22.993473,46.202452,29.441154,32.86505871428572,29.1818331,46.202452,21.87454
2024-09-30,0.0,0,46,12,9,3,TF,24.01,48.26745,24.114024,23.2848,30.876052857142856,29.22588692857143,30.948840833333332,48.26745,23.2848
2024-10-01,0.0,1,47,11,10,4,GC,46.45352,22.979281,46.077353,21.87454,29.477020857142858,34.51573107142857,29.96105473333333,46.45352,21.87454
2024-10-01,48.14495,1,47,11,10,4,TF,0.0,24.01,48.26745,48.229272,27.549652857142856,25.776829785714288,29.373838433333336,48.26745,0.0
2024-10-02,23.012133,2,48,10,10,4,GC,0.0,46.45352,22.979281,22.966125,26.35208657142857,29.637277714285712,29.1963253,46.45352,0.0
2024-10-02,24.1128,2,48,10,10,4,TF,48.14495,0.0,24.01,24.1128,27.53760685714285,27.4933245,30.9786701,48.26745,0.0
2024-10-03,22.917953,3,49,9,10,4,GC,23.012133,0.0,46.45352,22.994854,26.358659142857142,31.2810015,29.963396400000004,46.45352,0.0
2024-10-03,23.882688,3,49,9,10,4,TF,24.1128,48.14495,0.0,24.114024,27.53760685714286,25.770806785714285,30.9949493,48.26745,0.0
2024-10-04,23.154152,4,50,8,10,4,GC,22.917953,23.012133,0.0,22.993473,26.347673285714283,29.629888857142856,29.955956566666668,46.45352,0.0
2024-10-04,24.114024,4,50,8,10,4,TF,23.882688,24.1128,48.14495,24.114024,27.504558857142857,25.75287557142857,30.2160365,48.26745,0.0
2024-10-05,46.201553,5,51,7,10,4,GC,23.154152,22.917953,23.012133,46.077353,26.370627428571428,27.988968214285716,29.194686233333336,46.45352,0.0
2024-10-05,23.991624,5,51,7,10,4,TF,24.114024,23.882688,24.1128,48.26745,27.504558857142857,27.47530585714286,29.4448349,48.26745,0.0
2024-10-06,23.01695,6,52,6,10,4,GC,46.201553,23.154152,22.917953,22.979281,26.388370285714284,29.639234428571427,29.96384523333333,46.45352,0.0
2024-10-06,23.9904,6,52,6,10,4,TF,23.991624,24.114024,23.882688,24.01,24.036583714285715,25.74131828571429,29.4570341,48.14495,0.0
2024-10-07,23.121844,0,53,5,10,4,GC,23.01695,46.201553,23.154152,46.45352,26.39375157142857,27.91745278571429,29.194649733333332,46.45352,0.0
2024-10-07,48.2256,0,53,5,10,4,TF,23.9904,23.991624,24.114024,0.0,24.033783714285715,27.45491828571429,28.6832621,48.14495,0.0
2024-10-08,41.634174,1,54,4,10,4,GC,23.121844,23.01695,46.201553,0.0,23.060655,26.26883792857143,29.163854366666666,46.201553,0.0
2024-10-08,24.133725,1,54,4,10,4,TF,48.2256,23.9904,23.991624,48.14495,30.923155142857144,29.236404,28.7197781,48.2256,23.882688
2024-10-09,42.929557,2,55,3,10,4,GC,41.634174,23.121844,23.01695,23.012133,29.008394142857146,27.680240357142857,29.749950166666668,46.201553,22.917953
2024-10-09,24.153426,2,55,3,10,4,TF,24.133725,48.2256,23.9904,24.1128,27.492980142857142,27.5152935,29.5242356,48.2256,23.882688
2024-10-10,0.0,3,56,2,10,4,GC,42.929557,41.634174,23.121844,22.917953,31.853740428571427,29.10619978571429,30.4763906,46.201553,22.917953
2024-10-10,48.306852,3,56,2,10,4,TF,24.153426,24.133725,48.2256,23.882688,27.498783857142858,27.51819535714286,27.966907400000004,48.2256,23.882688
2024-10-11,23.082332,4,57,1,10,4,GC,0.0,42.929557,41.634174,23.154152,28.579747142857148,27.46371021428572,28.934302566666663,46.201553,0.0
2024-10-11,0.0,4,57,1,10,4,TF,48.306852,24.153426,24.133725,24.114024,30.98795014285714,29.2462545,28.789655,48.306852,23.9904
2024-10-12,23.022129,5,0,0,10,4,GC,23.082332,0.0,42.929557,46.201553,28.569487142857145,27.470057285714287,29.703713633333333,46.201553,0.0
2024-10-12,24.114024,5,0,0,10,4,TF,0.0,48.306852,24.153426,23.991624,27.54308957142857,27.52382421428572,27.2146934,48.306852,0.0
2024-10-13,23.073023,6,1,19,10,4,GC,23.022129,23.082332,0.0,23.01695,25.258140857142852,25.82325557142857,29.69980056666667,42.929557,0.0
2024-10-13,24.115248,6,1,19,10,4,TF,24.114024,0.0,48.306852,23.9904,27.56057528571429,25.7985795,26.443614200000003,48.306852,0.0
2024-10-14,46.427135,0,2,18,10,4,GC,23.073023,23.022129,23.082332,23.121844,25.26615128571429,25.82995142857143,29.6969508,42.929557,0.0
2024-10-14,47.983248,0,2,18,10,4,TF,24.115248,24.114024,0.0,48.2256,27.57841071428572,25.80609721428571,27.2474558,48.306852,0.0
2024-10-15,45.977043,1,3,17,10,4,GC,46.427135,23.073023,23.022129,41.634174,28.59547857142857,25.828066785714288,29.708480233333333,46.427135,0.0
2024-10-15,24.1128,1,3,17,10,4,TF,47.983248,24.115248,24.114024,24.133725,27.543789000000004,29.23347207142857,27.2810342,48.306852,0.0
2024-10-16,45.946332,2,4,16,10,4,GC,45.977043,46.427135,23.073023,42.929557,29.215888428571425,29.112141285714284,30.471144,46.427135,0.0
2024-10-16,0.0,2,4,16,10,4,TF,24.1128,47.983248,24.115248,24.153426,27.540799714285715,27.516889928571427,28.0847942,48.306852,0.0
2024-10-17,22.970285,3,5,15,10,4,GC,45.946332,45.977043,46.427135,0.0,29.64685628571429,30.75029835714286,31.2245515,46.427135,0.0
2024-10-17,24.133725,3,5,15,10,4,TF,0.0,24.1128,47.983248,48.306852,24.090310285714285,25.79454707142857,26.4752342,48.306852,0.0
2024-10-18,46.100326,4,6,14,10,4,GC,22.970285,45.946332,45.977043,23.082332,32.928325571428566,30.75403635714286,29.713616100000003,46.427135,22.970285
2024-10-18,24.133725,4,6,14,10,4,TF,24.133725,0.0,24.1128,0.0,20.63700642857143,25.81247828571429,26.475890900000003,47.983248,0.0
2024-10-19,0.0,5,7,13,10,4,GC,46.100326,22.970285,45.946332,23.022129,36.21661042857143,32.393048785714285,31.25029363333333,46.427135,22.970285
2024-10-19,24.133725,5,7,13,10,4,TF,24.133725,24.133725,0.0,24.114024,24.08468142857143,25.8138855,25.672746799999995,47.983248,0.0
2024-10-20,22.940924,6,8,12,10,4,GC,0.0,46.100326,22.970285,23.073023,32.92773485714286,29.092937857142857,29.71584263333333,46.427135,0.0
2024-10-20,23.433025,6,8,12,10,4,TF,24.133725,24.133725,24.133725,24.115248,24.08749585714286,25.82403557142857,25.6727468,47.983248,0.0
2024-10-21,67.648999,0,9,11,10,4,GC,22.940924,0.0,46.100326,46.427135,32.90886357142857,29.087507428571428,28.942972066666663,46.427135,0.0
2024-10-21,24.133725,0,9,11,10,4,TF,23.433025,24.133725,24.133725,47.983248,23.990035428571428,25.78422307142857,26.453847633333336,47.983248,0.0
2024-10-22,0.0,1,10,10,10,4,GC,67.648999,22.940924,0.0,45.977043,35.94055842857143,32.2680185,30.428011166666668,67.648999,0.0
2024-10-22,24.13495,1,10,10,10,4,TF,24.133725,23.433025,24.133725,24.1128,20.58296071428571,24.063374857142858,25.64939013333333,24.133725,0.0
2024-10-23,0.0,2,11,9,10,4,GC,0.0,67.648999,22.940924,45.946332,29.372409428571437,29.294148928571424,28.8572814,67.648999,0.0
2024-10-23,24.1325,2,11,9,10,4,TF,24.13495,24.133725,23.433025,0.0,20.586125,24.06346235714286,26.45388846666667,24.13495,0.0
2024-10-24,24.112123,3,12,8,10,4,GC,0.0,0.0,67.648999,22.970285,22.808647714285712,26.227752,27.31719966666667,67.648999,0.0
2024-10-24,48.268675,3,12,8,10,4,TF,24.1325,24.13495,24.133725,24.133725,24.033625,24.061967642857145,26.482145133333333,24.13495,23.433025
2024-10-25,22.928076,4,13,7,10,4,GC,24.112123,0.0,0.0,46.100326,22.971767428571432,27.9500465,27.39178576666667,67.648999,0.0
2024-10-25,0.0,4,13,7,10,4,TF,48.268675,24.1325,24.13495,24.133725,27.481475,24.059240714285718,26.48345856666667,48.268675,23.433025
2024-10-26,0.0,5,14,6,10,4,GC,22.928076,24.112123,0.0,0.0,19.661446,27.939028214285717,27.390517466666665,67.648999,0.0
2024-10-26,47.236,5,14,6,10,4,TF,0.0,48.268675,24.1325,24.133725,24.033800000000003,24.059240714285718,25.67969856666667,48.268675,0.0
2024-10-27,47.010049,6,15,5,10,4,GC,0.0,22.928076,24.112123,22.940924,19.661446,26.294590428571432,26.624022333333333,67.648999,0.0
2024-10-27,24.011225,6,15,5,10,4,TF,47.236,0.0,48.268675,23.433025,27.334125,25.710810428571424,26.4504311,48.268675,0.0
2024-10-28,46.971948,0,16,4,10,4,GC,47.010049,0.0,22.928076,67.648999,23.09989242857143,28.004378,27.424574866666667,67.648999,0.0
2024-10-28,48.305626,0,16,4,10,4,TF,24.011225,47.236,0.0,24.133725,27.416725,25.70338021428572,26.447004466666662,48.268675,0.0
2024-10-29,24.012428,1,17,3,10,4,GC,46.971948,47.010049,0.0,0.0,20.146028,28.04329321428571,27.4543947,47.010049,0.0
2024-10-29,0.0,1,17,3,10,4,TF,48.305626,24.011225,47.236,24.13495,30.86985371428571,25.72640721428572,26.448277,48.305626,0.0
2024-10-30,24.081389,2,18,2,10,4,GC,24.012428,46.971948,47.010049,0.0,23.57637485714286,26.47439214285714,27.48883293333333,47.010049,0.0
2024-10-30,24.154652,2,18,2,10,4,TF,0.0,48.305626,24.011225,24.1325,27.422003714285715,24.00406435714286,25.647943666666663,48.305626,0.0
2024-10-31,24.007541,3,19,1,10,4,GC,24.081389,24.012428,46.971948,24.112123,27.016573285714287,24.9126105,26.74309523333333,47.010049,0.0
2024-10-31,0.0,3,19,1,10,4,TF,24.154652,0.0,48.305626,48.268675,27.42516828571428,25.729396642857143,26.45309873333333,48.305626,0.0
2024-11-01,0.0,4,0,0,11,4,GC,24.007541,24.081389,24.012428,22.928076,27.001633,24.986700214285715,27.543346600000003,47.010049,0.0
2024-11-01,24.153426,4,0,0,11,4,TF,0.0,24.154652,0.0,0.0,20.529643285714283,24.00555914285714,24.848267066666665,48.305626,0.0
2024-11-02,22.948834,5,1,34,11,4,GC,0.0,24.007541,24.081389,0.0,23.72619357142857,21.69381978571429,26.7762755,47.010049,0.0
2024-11-02,24.153426,5,1,34,11,4,TF,24.153426,0.0,24.154652,47.236,23.98013271428571,24.00696635714285,24.849621266666663,48.305626,0.0
2024-11-03,23.064143,6,2,33,11,4,GC,22.948834,0.0,24.007541,47.010049,27.00459842857143,23.33302221428572,26.777304866666665,47.010049,0.0
2024-11-03,24.024696,6,2,33,11,4,TF,24.153426,24.153426,0.0,24.011225,20.682622142857134,24.00837357142857,24.85864586666667,48.305626,0.0
2024-11-04,21.1412079,0,3,32,11,4,GC,23.064143,22.948834,0.0,46.971948,23.58375471428571,23.34182357142857,26.774304566666668,46.971948,0.0
2024-11-04,24.153426,0,3,32,11,4,TF,24.024696,24.153426,24.153426,48.305626,20.68454657142857,24.050635785714285,24.855668266666665,48.305626,0.0
2024-11-05,22.326256,1,4,31,11,4,GC,21.1412079,23.064143,22.948834,24.012428,19.89364898571429,20.019838492857144,25.93895973,24.081389,0.0
2024-11-05,24.154652,1,4,31,11,4,TF,24.153426,24.024696,24.153426,0.0,17.234232285714285,24.052043,24.861061666666664,24.154652,0.0
2024-11-06,24.23506,2,5,30,11,4,GC,22.326256,21.1412079,23.064143,24.081389,19.65276727142857,21.61457106428572,25.915936596666665,24.081389,0.0
2024-11-06,24.133725,2,5,30,11,4,TF,24.154652,24.153426,24.024696,24.154652,20.684896857142856,24.053450285714284,24.86653673333333,24.154652,0.0
2024-11-07,23.427184,3,6,29,11,4,GC,24.23506,22.326256,21.1412079,24.007541,19.674720271428573,23.345646778571428,25.95304379666667,24.23506,0.0
2024-11-07,24.133725,3,6,29,11,4,TF,24.133725,24.154652,24.153426,0.0,20.681907285714285,24.053537785714287,24.06347423333333,24.154652,0.0
2024-11-08,21.270303,4,7,28,11,4,GC,23.427184,24.23506,22.326256,0.0,19.59181212857143,23.29672256428572,25.346144130000003,24.23506,0.0
2024-11-08,23.8875,4,7,28,11,4,TF,24.133725,24.133725,24.154652,24.153426,24.129582285714285,22.32961278571429,24.06347423333333,24.154652,24.024696
2024-11-09,0.0,5,8,27,11,4,GC,21.270303,23.427184,24.23506,22.948834,22.630426842857144,23.178310207142857,24.624168996666665,24.23506,21.1412079
2024-11-09,24.10923,5,8,27,11,4,TF,23.8875,24.133725,24.133725,24.153426,24.091592857142853,24.035862785714283,24.054610033333333,24.154652,23.8875
2024-11-10,24.13243,6,9,26,11,4,GC,0.0,21.270303,23.427184,23.064143,19.352021985714288,23.178310207142857,24.624168996666665,24.23506,0.0
2024-11-10,24.23223,6,9,26,11,4,TF,24.10923,23.8875,24.133725,24.024696,24.085279142857143,22.383950642857144,23.24802263333333,24.154652,23.8875
2024-11-11,23.153352,0,10,25,11,4,GC,24.13243,0.0,21.270303,21.1412079,19.504634414285714,21.544194564285718,24.659172263333332,24.23506,0.0
2024-11-11,23.720929,0,10,25,11,4,TF,24.23223,24.10923,23.8875,24.153426,24.11492685714285,22.39973671428572,24.05576363333333,24.23223,23.8875
2024-11-12,47.310848,1,11,24,11,4,GC,23.153352,24.13243,0.0,22.326256,19.792083571428574,19.842866278571428,24.66354636333333,24.23506,0.0
2024-11-12,0.0,1,11,24,11,4,TF,23.720929,24.23223,24.10923,24.154652,24.05314157142857,20.64368692857143,24.042660466666664,24.23223,23.720929
2024-11-13,47.31016,2,12,23,11,4,GC,47.310848,23.153352,24.13243,24.23506,23.361311,21.507039135714287,25.471473863333337,47.310848,0.0
2024-11-13,47.364654,2,12,23,11,4,TF,0.0,23.720929,24.23223,24.133725,20.602477,20.64368692857143,23.238818866666666,24.23223,0.0
2024-11-14,24.14541,3,13,22,11,4,GC,47.31016,47.310848,23.153352,23.427184,26.657753857142858,23.16623706428572,25.50090803,47.310848,0.0
2024-11-14,47.327278,3,13,22,11,4,TF,47.364654,0.0,23.720929,24.133725,23.921181142857144,22.301544214285716,23.218199066666667,47.364654,0.0
2024-11-15,23.095752,4,14,21,11,4,GC,24.14541,47.31016,47.310848,21.270303,26.760357571428568,23.17608485,24.77318693,47.310848,0.0
2024-11-15,47.3236,4,14,21,11,4,TF,47.327278,47.364654,0.0,23.8875,27.23454585714285,25.682064071428574,23.992015,47.364654,0.0
2024-11-16,47.263338000000005,5,15,20,11,4,GC,23.095752,24.14541,47.31016,0.0,27.021136,24.82578142142857,24.01150093,47.310848,0.0
2024-11-16,47.3236,5,15,20,11,4,TF,47.3236,47.327278,47.364654,24.10923,30.582560142857144,27.3370765,25.56946833333333,47.364654,0.0
2024-11-17,0.0,6,16,19,11,4,GC,47.263338000000005,23.095752,24.14541,24.13243,33.77304142857143,26.562531707142856,24.82126936333333,47.310848,23.095752
2024-11-17,0.0,6,16,19,11,4,TF,47.3236,47.3236,47.327278,24.23223,33.898898714285714,28.992088928571427,26.342464166666662,47.364654,0.0
2024-11-18,67.6430306,0,17,18,11,4,GC,0.0,47.263338000000005,23.095752,23.153352,30.32555142857143,24.91509292142857,23.28459183,47.310848,0.0
2024-11-18,0.0,0,17,18,11,4,TF,0.0,47.3236,47.3236,23.720929,30.437151571428576,27.276039214285717,25.538006666666668,47.364654,0.0
2024-11-19,48.156395,1,18,17,11,4,GC,67.6430306,0.0,47.263338000000005,47.310848,36.6812198,28.23665168571429,25.539359516666664,67.6430306,0.0
2024-11-19,0.0,1,18,17,11,4,TF,0.0,0.0,47.3236,0.0,27.04844742857143,25.5507945,24.733549166666663,47.364654,0.0
2024-11-20,0.0,2,19,16,11,4,GC,48.156395,67.6430306,0.0,47.31016,36.80201222857143,30.081661614285714,26.379875216666665,67.6430306,0.0
2024-11-20,0.0,2,19,16,11,4,TF,0.0,0.0,0.0,47.364654,27.04844742857143,23.825462214285714,23.952448333333333,47.364654,0.0
2024-11-21,0.0,3,20,15,11,4,GC,0.0,48.156395,67.6430306,24.14541,30.043417942857143,28.3505859,24.12490858333333,67.6430306,0.0
2024-11-21,23.673903,3,20,15,11,4,TF,0.0,0.0,0.0,47.327278,20.28206828571428,22.101624714285716,23.14799083333333,47.327278,0.0
2024-11-22,47.08318,4,21,14,11,4,GC,0.0,0.0,48.156395,23.095752,26.59407365714286,26.67721561428572,24.12490858333333,67.6430306,0.0
2024-11-22,23.664252,4,21,14,11,4,TF,23.673903,0.0,0.0,47.3236,16.903014714285714,22.068780285714286,23.1326226,47.3236,0.0
2024-11-23,24.075018,5,22,13,11,4,GC,47.08318,0.0,0.0,47.263338000000005,30.02084908571429,28.52099254285714,25.69434791666667,67.6430306,0.0
2024-11-23,0.0,5,22,13,11,4,TF,23.664252,23.673903,0.0,47.3236,13.523107857142858,22.052834,23.117014333333334,47.3236,0.0
2024-11-24,24.241986,6,23,12,11,4,GC,24.075018,47.08318,0.0,0.0,26.708231942857143,30.24063668571429,25.69311108333333,67.6430306,0.0
2024-11-24,23.587044,6,23,12,11,4,TF,0.0,23.664252,23.673903,0.0,6.762593571428572,20.330746142857144,21.5080585,23.673903,0.0
2024-11-25,24.084232,0,24,11,11,4,GC,24.241986,24.075018,47.08318,67.6430306,30.1713728,30.24846211428571,25.736908083333336,67.6430306,0.0
2024-11-25,23.643725,0,24,11,11,4,TF,23.587044,0.0,23.664252,0.0,10.132171285714284,20.28466142857143,22.2942933,23.673903,0.0
2024-11-26,45.209596,1,25,10,11,4,GC,24.084232,24.241986,24.075018,48.156395,23.94868728571429,30.314953542857147,26.539715816666668,48.156395,0.0
2024-11-26,23.643725,1,25,10,11,4,TF,23.643725,23.587044,0.0,0.0,13.509846285714286,20.27914685714286,21.50788413333333,23.673903,0.0
2024-11-27,47.392984,2,26,9,11,4,GC,45.209596,24.084232,24.241986,0.0,23.527716,30.164864114285717,26.479700716666667,47.08318,0.0
2024-11-27,23.643725,2,26,9,11,4,TF,23.643725,23.643725,23.587044,0.0,16.887521285714286,21.967984357142857,21.495634133333333,23.673903,0.0
2024-11-28,23.162607,3,27,8,11,4,GC,47.392984,45.209596,24.084232,0.0,30.298142285714285,30.17078011428572,26.49373525,47.392984,0.0
2024-11-28,23.643725,3,27,8,11,4,TF,23.643725,23.643725,23.643725,23.673903,20.26519628571429,20.273632285714285,20.673570766666668,23.673903,0.0
2024-11-29,23.19279,4,28,7,11,4,GC,23.162607,47.392984,45.209596,47.08318,33.60708614285714,30.100579900000003,26.46540788333333,47.392984,23.162607
2024-11-29,23.643725,4,28,7,11,4,TF,23.643725,23.643725,23.643725,23.664252,20.260885142857145,18.58194992857143,21.46169493333333,23.664252,0.0
2024-11-30,23.9985,5,29,6,11,4,GC,23.19279,23.162607,47.392984,24.075018,30.19417328571429,30.107511185714287,26.435787916666666,47.392984,23.162607
2024-11-30,23.605123,5,29,6,11,4,TF,23.643725,23.643725,23.643725,0.0,20.257952714285715,16.890530285714288,21.44466403333333,23.643725,0.0
2024-12-01,22.869793,6,30,5,12,4,GC,23.9985,23.19279,23.162607,24.241986,30.183242142857143,28.44573704285714,26.43548655,47.392984,23.162607
2024-12-01,23.643725,6,30,5,12,4,TF,23.605123,23.643725,23.643725,23.587044,23.63011314285714,15.196353357142856,22.231501466666664,23.643725,23.587044
2024-12-02,23.096861,0,31,4,12,4,GC,22.869793,23.9985,23.19279,24.084232,29.987214571428574,30.079293685714283,27.19781298333333,47.392984,22.869793
2024-12-02,23.663026,0,31,4,12,4,TF,23.643725,23.605123,23.643725,23.643725,23.63821042857143,16.885190857142856,22.21451143333333,23.643725,23.605123
2024-12-03,23.036848,1,32,3,12,4,GC,23.096861,22.869793,23.9985,45.209596,29.84616157142857,26.89742442857143,27.20274721666667,47.392984,22.869793
2024-12-03,24.13495,1,32,3,12,4,TF,23.663026,23.643725,23.605123,23.643725,23.640967714285715,18.575407,22.198164766666665,23.663026,23.605123
2024-12-04,23.092582,2,33,2,12,4,GC,23.036848,23.096861,22.869793,47.392984,26.678626142857144,25.10317107142857,27.20183738333333,47.392984,22.869793
2024-12-04,23.864225,2,33,2,12,4,TF,24.13495,23.663026,23.643725,23.643725,23.71114271428572,20.299332,22.2018399,24.13495,23.605123
2024-12-05,24.161344,3,34,1,12,4,GC,23.092582,23.036848,23.096861,23.162607,23.207140142857146,26.752641214285717,27.26688318666667,23.9985,22.869793
2024-12-05,24.153426,3,34,1,12,4,TF,23.864225,24.13495,23.663026,23.643725,23.742642714285715,22.0039195,22.192199866666662,24.13495,23.605123
2024-12-06,23.084748,4,0,0,12,4,GC,24.161344,23.092582,23.036848,23.19279,23.34981685714285,28.4784515,27.328052786666667,24.161344,22.869793
2024-12-06,24.173127,4,0,0,12,4,TF,24.153426,23.864225,24.13495,23.643725,23.815457142857134,22.038171142857145,22.192159,24.153426,23.605123
2024-12-07,23.164174,5,1,18,12,4,GC,23.084748,24.161344,23.092582,23.9985,23.334382285714288,26.764277785714288,27.289709053333336,24.161344,22.869793
2024-12-07,24.03573,5,1,18,12,4,TF,24.173127,24.153426,23.864225,23.605123,23.891086,22.074519357142854,22.1934724,24.173127,23.605123
2024-12-08,24.09167,6,2,17,12,4,GC,23.164174,23.084748,24.161344,22.869793,23.215192857142856,26.6992175,27.280942053333334,24.161344,22.869793
2024-12-08,24.153426,6,2,17,12,4,TF,24.03573,24.173127,24.153426,23.643725,23.952601285714287,23.791357214285718,22.1902059,24.173127,23.643725
2024-12-09,0.0,0,3,16,12,4,GC,24.09167,23.164174,23.084748,23.096861,23.389746714285717,26.688480642857144,27.37498762,24.161344,23.036848
2024-12-09,24.133725,0,3,16,12,4,TF,24.153426,24.03573,24.173127,23.663026,24.025415714285717,23.83181307142857,22.1990701,24.173127,23.663026
2024-12-10,23.16548,1,4,15,12,4,GC,0.0,24.09167,23.164174,23.036848,20.090195142857144,24.96817835714285,27.37498762,24.161344,0.0
2024-12-10,0.0,1,4,15,12,4,TF,24.133725,24.153426,24.03573,24.13495,24.09265842857143,23.86681307142857,22.1998866,24.173127,23.864225
2024-12-11,24.128033,2,5,14,12,4,GC,23.16548,0.0,24.09167,23.092582,20.10857114285714,23.393598642857143,27.34275595333333,24.161344,0.0
2024-12-11,24.153426,2,5,14,12,4,TF,0.0,24.133725,24.153426,23.864225,20.64480842857143,22.17797557142857,21.3921456,24.173127,0.0
2024-12-12,23.110113,3,6,13,12,4,GC,24.128033,23.16548,0.0,24.161344,20.25649271428572,21.731816428571427,27.37524532,24.161344,0.0
2024-12-12,24.154652,3,6,13,12,4,TF,24.153426,0.0,24.133725,24.153426,20.68612285714286,22.214382785714285,21.406562166666667,24.173127,0.0
2024-12-13,23.006873,4,7,12,12,4,GC,23.110113,24.128033,23.16548,23.084748,20.10631685714285,21.72806685714286,26.56855415333333,24.128033,0.0
2024-12-13,23.785626,4,7,12,12,4,TF,24.154652,24.153426,0.0,24.173127,20.686298,22.250877571428568,22.21171723333333,24.173127,0.0
2024-12-14,23.987197,5,8,11,12,4,GC,23.006873,23.110113,24.128033,23.164174,20.09519185714285,21.71478707142857,25.758444586666663,24.128033,0.0
2024-12-14,24.339778,5,8,11,12,4,TF,23.785626,24.154652,24.153426,24.03573,20.630940714285718,22.26101335714286,21.42574963333333,24.154652,0.0
2024-12-15,22.801615,6,9,10,12,4,GC,23.987197,23.006873,23.110113,24.09167,20.21276657142857,21.71397971428572,25.75317082,24.128033,0.0
2024-12-15,22.39902,6,9,10,12,4,TF,24.339778,23.785626,24.154652,24.153426,20.67437614285714,22.313488714285715,20.659499633333333,24.339778,0.0
2024-12-16,23.005201,0,10,9,12,4,GC,22.801615,23.987197,23.006873,0.0,20.028473,21.70910985714286,25.74336625333333,24.128033,0.0
2024-12-16,24.153426,0,10,9,12,4,TF,22.39902,24.339778,23.785626,24.133725,20.42374671428572,22.224581214285717,19.8286803,24.339778,0.0
2024-12-17,24.243193,1,11,8,12,4,GC,23.005201,22.801615,23.987197,23.16548,23.314930285714286,21.702562714285715,24.934761686666665,24.128033,22.801615
2024-12-17,24.133725,1,11,8,12,4,TF,24.153426,22.39902,24.339778,0.0,20.426561142857143,22.25960978571429,19.056341166666662,24.339778,0.0
2024-12-18,23.132104,2,12,7,12,4,GC,24.243193,23.005201,22.801615,24.128033,23.468889285714287,21.788730214285717,25.74286812,24.243193,22.801615
2024-12-18,24.154652,2,12,7,12,4,TF,24.133725,24.153426,22.39902,24.153426,23.874236142857143,22.259522285714286,19.860798666666664,24.339778,22.39902
2024-12-19,24.22546,3,13,6,12,4,GC,23.132104,24.243193,23.005201,23.110113,23.32661371428572,21.79155321428572,24.25917056666667,24.243193,22.801615
2024-12-19,24.153426,3,13,6,12,4,TF,24.154652,24.133725,24.153426,24.154652,23.874411285714285,22.28026707142857,20.66595373333333,24.339778,22.39902
2024-12-20,23.19483,4,14,5,12,4,GC,24.22546,23.132104,24.243193,23.006873,23.485949,21.79613292857143,23.46147273333333,24.243193,22.801615
2024-12-20,0.0,4,14,5,12,4,TF,24.153426,24.154652,24.133725,23.785626,23.874236142857143,22.28026707142857,21.47106793333333,24.339778,22.39902
2024-12-21,0.0,5,15,4,12,4,GC,23.19483,24.22546,23.132104,23.987197,23.5128,21.803995928571428,24.234633733333336,24.243193,22.801615
2024-12-21,23.75988,5,15,4,12,4,TF,0.0,24.153426,24.154652,24.339778,20.47628957142857,20.553615142857144,21.47106793333333,24.339778,0.0
2024-12-22,23.140395,6,16,3,12,4,GC,0.0,23.19483,24.22546,22.801615,20.08605757142857,20.14941207142857,24.234633733333336,24.243193,0.0
2024-12-22,24.153426,6,16,3,12,4,TF,23.75988,0.0,24.153426,22.39902,20.393447,20.53391157142857,21.47393383333333,24.154652,0.0
2024-12-23,24.198658,0,17,2,12,4,GC,23.140395,0.0,23.19483,23.005201,20.13445471428572,20.081463857142857,23.4365409,24.243193,0.0
2024-12-23,23.89474,0,17,2,12,4,TF,24.153426,23.75988,0.0,24.153426,20.644076428571427,20.53391157142857,21.49023963333333,24.154652,0.0
2024-12-24,24.205242,1,18,1,12,4,GC,24.198658,23.140395,0.0,24.243193,20.30494857142857,21.80993942857143,23.44066223333333,24.243193,0.0
2024-12-24,24.153426,1,18,1,12,4,TF,23.89474,24.153426,23.75988,24.133725,20.60712128571429,20.516841214285712,22.286730966666664,24.154652,0.0
2024-12-25,22.819992,2,0,0,12,4,GC,24.205242,24.198658,23.140395,23.132104,20.299527,21.884208142857144,23.43943743333333,24.22546,0.0
2024-12-25,24.153426,2,0,0,12,4,TF,24.153426,23.89474,24.153426,24.154652,20.609935714285715,22.242085928571424,22.305610366666663,24.154652,0.0
2024-12-26,24.047912,3,1,6,12,4,GC,22.819992,24.205242,24.198658,24.22546,20.25493957142857,21.790776642857143,23.3972961,24.22546,0.0
2024-12-26,24.153426,3,1,6,12,4,TF,24.153426,24.153426,23.89474,24.153426,20.609760571428573,22.24208592857143,22.3226004,24.153426,0.0
2024-12-27,0.0,4,2,5,12,4,GC,24.047912,22.819992,24.205242,23.19483,20.22957557142857,21.85776228571429,22.691906633333332,24.205242,0.0
2024-12-27,24.174354,4,2,5,12,4,TF,24.153426,24.153426,24.153426,0.0,20.609760571428573,22.24199835714285,22.33959043333333,24.153426,0.0
2024-12-28,0.0,5,3,4,12,4,GC,0.0,24.047912,22.819992,0.0,16.91602842857143,20.214414214285718,21.1121405,24.205242,0.0
2024-12-28,0.0,5,3,4,12,4,TF,24.174354,24.153426,24.153426,23.75988,24.063239714285714,22.269764642857144,22.357278066666662,24.174354,23.75988
2024-12-29,0.0,6,4,3,12,4,GC,0.0,0.0,24.047912,23.140395,16.91602842857143,18.501043000000003,20.3400536,24.205242,0.0
2024-12-29,23.843829,6,4,3,12,4,TF,0.0,24.174354,24.153426,24.153426,20.668971142857146,20.531209071428574,21.5691539,24.174354,0.0
2024-12-30,48.343217,0,5,2,12,4,GC,0.0,0.0,0.0,24.198658,13.610257714285714,16.872356214285713,19.5669606,24.205242,0.0
2024-12-30,0.0,0,5,2,12,4,TF,23.843829,0.0,24.174354,23.89474,20.624743,20.634409714285717,21.575824033333333,24.174354,0.0
2024-12-31,23.00965,1,6,1,12,4,GC,48.343217,0.0,0.0,24.205242,17.05948042857143,18.682214500000004,20.378451166666665,48.343217,0.0
2024-12-31,24.192828,1,6,1,12,4,TF,0.0,23.843829,0.0,24.153426,17.211208714285714,18.909165,20.7889866,24.174354,0.0
2025-01-01,23.031643,2,0,0,1,1,GC,23.00965,48.343217,0.0,22.819992,16.88868157142857,18.594104285714284,20.383113066666667,48.343217,0.0
2025-01-01,24.1916,2,0,0,1,1,TF,24.192828,0.0,23.843829,24.153426,17.216837571428574,18.913386642857144,20.80729003333333,24.192828,0.0
2025-01-02,24.036408,3,1,4,1,1,GC,23.031643,23.00965,48.343217,24.047912,16.91891742857143,18.5869285,20.38093913333333,48.343217,0.0
2025-01-02,24.194056,3,1,4,1,1,TF,24.1916,24.192828,0.0,24.153426,17.222291000000002,18.91602578571429,20.824909166666664,24.192828,0.0
2025-01-03,23.204732,4,2,3,1,1,GC,24.036408,23.031643,23.00965,0.0,16.917274,18.573424785714284,20.4142578,48.343217,0.0
2025-01-03,24.173127,4,2,3,1,1,TF,24.194056,24.1916,24.192828,24.174354,17.228095285714286,18.91892792857143,20.826879366666667,24.194056,0.0
2025-01-04,0.0,5,3,2,1,1,GC,23.204732,24.036408,23.031643,0.0,20.232235714285714,18.57413207142857,20.41799613333333,48.343217,0.0
2025-01-04,0.0,5,3,2,1,1,TF,24.173127,24.194056,24.1916,0.0,17.22792,20.645579857142856,20.837176100000004,24.194056,0.0
2025-01-05,23.240928,6,4,1,1,1,GC,0.0,23.204732,24.036408,0.0,20.232235714285714,18.57413207142857,19.612618,48.343217,0.0
2025-01-05,22.473628,6,4,1,1,1,TF,0.0,24.173127,24.194056,23.843829,17.22792,18.94844557142857,20.0320619,24.194056,0.0
2025-01-06,70.183106,0,0,0,1,1,GC,23.240928,0.0,23.204732,48.343217,23.552368285714287,18.581313,19.617824,48.343217,0.0
2025-01-06,24.192828,0,0,0,1,1,TF,22.473628,0.0,24.173127,0.0,17.032176999999997,18.82846,19.97541193333333,24.194056,0.0
2025-01-07,23.98475,1,1,114,1,1,GC,70.183106,23.240928,0.0,23.00965,26.672352428571426,21.86591642857143,21.18512173333333,70.183106,0.0
2025-01-07,24.192828,1,1,101,1,1,TF,24.192828,22.473628,0.0,24.192828,20.488295285714287,18.849752,19.980648533333333,24.194056,0.0
2025-01-08,24.196947,2,2,113,1,1,GC,23.98475,70.183106,23.240928,23.031643,26.811652428571428,21.850167,21.18155773333333,70.183106,0.0
2025-01-08,0.0,2,2,100,1,1,TF,24.192828,24.192828,22.473628,24.1916,20.488295285714287,18.85256642857143,19.98196193333333,24.194056,0.0
2025-01-09,0.0,3,3,112,1,1,GC,24.196947,23.98475,70.183106,24.036408,26.978124428571427,21.94852092857143,21.98812263333333,70.183106,0.0
2025-01-09,24.174354,3,3,99,1,1,TF,0.0,24.192828,24.192828,24.194056,17.032352428571432,17.127321714285713,19.177504433333336,24.194056,0.0
2025-01-10,47.334264000000005,4,4,111,1,1,GC,0.0,24.196947,23.98475,23.204732,23.544351857142857,20.230812928571428,21.215939966666664,70.183106,0.0
2025-01-10,0.0,4,4,98,1,1,TF,24.174354,0.0,24.192828,24.173127,17.02953785714286,17.12881657142857,19.983316233333333,24.192828,0.0
2025-01-11,0.0,5,5,110,1,1,GC,47.334264000000005,0.0,24.196947,0.0,26.99142785714286,23.611831785714287,21.989481,70.183106,0.0
2025-01-11,23.921712,5,5,97,1,1,TF,0.0,24.174354,0.0,0.0,13.576234,15.402077,19.17820203333333,24.192828,0.0
2025-01-12,23.032293,6,6,109,1,1,GC,0.0,47.334264000000005,0.0,23.240928,26.99142785714286,23.611831785714287,21.2191439,70.183106,0.0
2025-01-12,22.2999,6,6,96,1,1,TF,23.921712,0.0,24.174354,22.473628,16.993621428571426,17.110770714285714,19.170437366666665,24.192828,0.0
2025-01-13,23.20895,0,7,108,1,1,GC,23.032293,0.0,47.334264000000005,70.183106,26.961622857142856,25.25699557142857,21.21999123333333,70.183106,0.0
2025-01-13,24.1325,0,7,95,1,1,TF,22.2999,23.921712,0.0,24.192828,16.968803142857144,17.000490071428572,19.120913166666664,24.192828,0.0
2025-01-14,22.755557,1,8,107,1,1,GC,23.20895,23.032293,0.0,23.98475,20.251029142857146,23.46169078571429,21.194049666666665,47.334264000000005,0.0
2025-01-14,24.153426,1,8,94,1,1,TF,24.1325,22.2999,23.921712,24.192828,16.960184857142856,18.72424007142857,19.1140039,24.192828,0.0
2025-01-15,24.061684,2,9,106,1,1,GC,22.755557,23.20895,23.032293,24.196947,20.07543014285714,23.44354128571428,21.1925144,47.334264000000005,0.0
2025-01-15,24.154652,2,9,93,1,1,TF,24.153426,24.1325,22.2999,0.0,16.954556,18.721425642857145,19.1724841,24.174354,0.0
2025-01-16,23.056436,3,10,105,1,1,GC,24.061684,22.755557,23.20895,0.0,20.05610685714285,23.517115642857146,21.227730500000003,47.334264000000005,0.0
2025-01-16,48.268675,3,10,92,1,1,TF,24.154652,24.153426,24.1325,24.174354,20.40522057142857,18.7187865,19.172524966666668,24.174354,0.0
2025-01-17,23.068416,4,11,104,1,1,GC,23.056436,24.061684,22.755557,47.334264000000005,23.349883428571427,23.447117642857144,21.188171933333333,47.334264000000005,0.0
2025-01-17,0.0,4,11,91,1,1,TF,48.268675,24.154652,24.153426,0.0,23.847266428571427,20.438402142857143,19.9770233,48.268675,0.0
2025-01-18,0.0,5,12,103,1,1,GC,23.068416,23.056436,24.061684,0.0,19.883333714285715,23.43738078571429,21.186049,24.061684,0.0
2025-01-18,24.133725,5,12,90,1,1,TF,0.0,48.268675,24.154652,23.921712,23.847266428571427,18.71175021428571,19.17186823333333,48.268675,0.0
2025-01-19,47.171458,6,13,102,1,1,GC,0.0,23.068416,23.056436,23.032293,19.883333714285715,23.43738078571429,20.378533666666662,24.061684,0.0
2025-01-19,23.7258,6,13,89,1,1,TF,24.133725,0.0,48.268675,22.2999,23.877554,20.43558771428571,19.17121153333333,48.268675,0.0
2025-01-20,47.170442,0,14,101,1,1,GC,47.171458,0.0,23.068416,23.20895,23.33178585714285,25.146704357142852,21.1777546,47.171458,0.0
2025-01-20,24.133725,0,14,88,1,1,TF,23.7258,24.133725,0.0,24.1325,24.081254,20.52502857142857,19.962071533333337,48.268675,0.0
2025-01-21,11.2115105,1,15,100,1,1,GC,47.170442,47.171458,0.0,22.755557,26.75485614285714,23.502942642857143,22.750102666666667,47.171458,0.0
2025-01-21,48.26745,1,15,87,1,1,TF,24.133725,23.7258,24.133725,24.153426,24.081429000000004,20.520806928571428,19.974533033333334,48.268675,0.0
2025-01-22,47.10783,2,16,99,1,1,GC,11.2115105,47.170442,47.171458,24.061684,25.105706642857143,22.590568392857143,22.35247318333333,47.171458,0.0
2025-01-22,24.133725,2,16,86,1,1,TF,48.26745,24.133725,23.7258,24.154652,27.52628957142857,22.240422785714284,20.77833383333333,48.268675,0.0
2025-01-23,24.13374,3,17,98,1,1,GC,47.10783,11.2115105,47.170442,23.056436,28.398013214285715,24.227060035714285,23.116112250000004,47.171458,0.0
2025-01-23,24.133725,3,17,85,1,1,TF,24.133725,48.26745,24.133725,48.268675,27.5233,23.964260285714285,20.7863,48.268675,0.0
2025-01-24,23.170012,4,18,97,1,1,GC,24.13374,47.10783,11.2115105,23.068416,28.551913785714284,25.95089860714285,23.113728850000005,47.171458,0.0
2025-01-24,24.133725,4,18,84,1,1,TF,24.133725,24.133725,48.26745,0.0,24.07545,23.961358214285717,20.7856433,48.26745,0.0
2025-01-25,0.0,5,19,96,1,1,GC,23.170012,24.13374,47.10783,0.0,28.5664275,24.22488060714286,23.125396183333333,47.171458,0.0
2025-01-25,23.765,5,19,83,1,1,TF,24.133725,24.133725,24.133725,24.133725,27.523125,25.685195714285715,20.7849866,48.26745,23.7258
2025-01-26,23.157906,6,20,95,1,1,GC,0.0,23.170012,24.13374,47.171458,28.5664275,24.22488060714286,22.323799116666667,47.171458,0.0
2025-01-26,22.393,6,20,82,1,1,TF,23.765,24.133725,24.133725,23.7258,27.47045,25.674002,20.772039066666665,48.26745,23.7258
2025-01-27,43.86031846,0,21,94,1,1,GC,23.157906,0.0,23.170012,47.170442,25.13592007142857,24.233852964285717,23.095729316666667,47.170442,0.0
2025-01-27,24.133725,0,21,81,1,1,TF,22.393,23.765,24.133725,24.133725,27.28005,25.680652,20.7126606,48.26745,22.393
2025-01-28,23.001621,1,22,93,1,1,GC,43.86031846,23.157906,0.0,11.2115105,24.66304528,25.70895071142857,24.557739932,47.10783,0.0
2025-01-28,0.0,1,22,80,1,1,TF,24.133725,22.393,23.765,48.26745,27.28005,25.6807395,21.5171181,48.26745,22.393
2025-01-29,24.115705,2,23,92,1,1,GC,23.001621,43.86031846,23.157906,47.10783,26.34734678,25.726526711428573,25.324460632,47.10783,0.0
2025-01-29,24.212529,2,23,79,1,1,TF,0.0,24.133725,22.393,24.133725,20.3847,23.955494785714283,20.7223238,24.133725,0.0
2025-01-30,34.194063400000005,3,24,91,1,1,GC,24.115705,23.001621,43.86031846,24.13374,23.062757494285712,25.730385354285715,24.516876898666663,43.86031846,0.0
2025-01-30,0.0,3,24,78,1,1,TF,24.212529,0.0,24.133725,24.133725,20.395957714285714,23.959628857142857,21.5294081,24.212529,0.0
2025-01-31,0.0,4,25,90,1,1,GC,34.194063400000005,24.115705,23.001621,23.170012,24.49994655142857,26.525930168571428,24.889690678666668,43.86031846,0.0
2025-01-31,48.055129,4,25,77,1,1,TF,0.0,24.212529,0.0,24.133725,16.948282714285714,20.511866357142857,20.7229805,24.212529,0.0
2025-02-01,23.221467,5,26,89,2,1,GC,0.0,34.194063400000005,24.115705,0.0,21.189944837142857,24.87818616857143,24.12196924533333,43.86031846,0.0
2025-02-01,0.0,5,26,76,2,1,TF,48.055129,0.0,24.212529,23.765,20.365626142857145,23.94437557142857,21.518431466666662,48.055129,0.0
2025-02-02,23.88430295,6,27,88,2,1,GC,23.221467,0.0,34.194063400000005,23.157906,24.50729726571428,26.536862382857144,24.09480454533333,43.86031846,0.0
2025-02-02,24.1916,6,27,75,2,1,TF,0.0,48.055129,0.0,22.393,16.970626142857142,22.22053807142857,20.71196293333333,48.055129,0.0
2025-02-03,24.201074,0,28,87,2,1,GC,23.88430295,23.221467,0.0,43.86031846,24.61106825857143,24.873494165,24.11745691033333,43.86031846,0.0
2025-02-03,24.192828,0,28,74,2,1,TF,24.1916,0.0,48.055129,24.133725,17.227569,22.2538095,20.7125787,48.055129,0.0
2025-02-04,34.3220325,1,29,86,2,1,GC,24.201074,23.88430295,23.221467,23.001621,21.802604764285714,23.23282502214286,24.924159377,34.194063400000005,0.0
2025-02-04,24.173127,1,29,73,2,1,TF,24.192828,24.1916,0.0,0.0,17.23601228571429,22.258031142857146,21.5190063,48.055129,0.0
2025-02-05,23.211295,2,30,85,2,1,GC,34.3220325,24.201074,23.88430295,24.115705,23.419806407142858,24.88357659357143,25.293529527,34.3220325,0.0
2025-02-05,24.174354,2,30,72,2,1,TF,24.173127,24.192828,24.1916,24.212529,20.68931614285714,20.537008071428573,21.575656266666662,48.055129,0.0
2025-02-06,24.012924,3,31,84,2,1,GC,23.211295,34.3220325,24.201074,34.194063400000005,23.290604978571427,23.17668123642857,23.72780249366667,34.3220325,0.0
2025-02-06,48.346254,3,31,71,2,1,TF,24.174354,24.173127,24.192828,0.0,20.68386257142857,20.539910142857146,21.575040466666668,48.055129,0.0
2025-02-07,23.165959,4,32,83,2,1,GC,24.012924,23.211295,34.3220325,0.0,21.83615649285714,23.16805152214286,23.728741627,34.3220325,0.0
2025-02-07,23.766225,4,32,70,2,1,TF,48.346254,24.174354,24.173127,48.055129,27.59047028571429,22.2693765,22.380154666666662,48.346254,0.0
2025-02-08,23.018705,5,33,82,2,1,GC,23.165959,24.012924,23.211295,23.221467,25.145579207142852,23.167762022142856,23.69437536033333,34.3220325,23.165959
2025-02-08,0.0,5,33,69,2,1,TF,23.766225,48.346254,24.174354,0.0,24.12062685714286,22.2431265,23.172362166666662,48.346254,0.0
2025-02-09,22.825605,6,34,81,2,1,GC,23.018705,23.165959,24.012924,23.88430295,25.11661320714285,24.81195523642857,24.461665527,34.3220325,23.018705
2025-02-09,24.1325,6,34,68,2,1,TF,0.0,23.766225,48.346254,24.1916,24.120626857142856,20.5456265,22.366550366666665,48.346254,0.0
2025-02-10,58.3524037,0,35,80,2,1,GC,22.825605,23.018705,23.165959,24.201074,24.965370642857145,24.788219450714287,23.644710227,34.3220325,22.825605
2025-02-10,27.8075,0,35,67,2,1,TF,24.1325,0.0,23.766225,24.192828,24.112184,20.669876500000004,23.170967033333334,48.346254,0.0
2025-02-11,23.070033,1,36,79,2,1,GC,58.3524037,22.825605,23.018705,34.3220325,29.84413202857143,25.82336839642857,25.58979035033333,58.3524037,22.825605
2025-02-11,23.76745,1,36,66,2,1,TF,27.8075,24.1325,0.0,24.173127,24.628565714285717,20.932289,23.300493300000003,48.346254,0.0
2025-02-12,24.207176,2,37,78,2,1,GC,23.070033,58.3524037,22.825605,23.211295,28.23670352857143,25.82825496785714,25.59104835033333,58.3524037,22.825605
2025-02-12,24.115248,2,37,65,2,1,TF,23.76745,27.8075,24.1325,24.174354,24.570611857142858,22.629964,23.34941163333333,48.346254,0.0
2025-02-13,0.0,3,38,77,2,1,GC,24.207176,23.070033,58.3524037,24.012924,28.37897224285714,25.834788610714288,25.62432255033333,58.3524037,22.825605
2025-02-13,24.115248,3,38,64,2,1,TF,24.115248,23.76745,27.8075,48.346254,24.562168142857143,22.623015357142854,23.348836566666662,48.346254,0.0
2025-02-14,47.511575,4,39,76,2,1,GC,0.0,24.207176,23.070033,23.165959,24.948554528571428,23.392355510714285,24.865803983666662,58.3524037,0.0
2025-02-14,0.0,4,39,63,2,1,TF,24.115248,24.115248,23.76745,23.766225,21.100595857142856,24.34553307142857,23.347563966666662,27.8075,0.0
2025-02-15,23.029186,5,40,75,2,1,GC,47.511575,0.0,24.207176,23.018705,28.42649967142857,26.786039439285712,25.647467017,58.3524037,0.0
2025-02-15,23.766225,5,40,62,2,1,TF,0.0,24.115248,24.115248,0.0,17.705420857142858,20.913023857142857,22.5424089,27.8075,0.0
2025-02-16,23.23843,6,41,74,2,1,GC,23.029186,47.511575,0.0,22.825605,28.42799695714285,26.772305082142854,25.64655868366667,58.3524037,0.0
2025-02-16,24.153426,6,41,61,2,1,TF,23.766225,0.0,24.115248,24.1325,21.100595857142856,22.610611357142854,21.725660566666665,27.8075,0.0
2025-02-17,23.048121,0,42,73,2,1,GC,23.23843,23.029186,47.511575,58.3524037,28.486971957142856,26.7261713,25.652225817,58.3524037,0.0
2025-02-17,24.154652,0,42,60,2,1,TF,24.153426,23.766225,0.0,27.8075,21.103585285714285,22.607884642857147,22.53077476666667,27.8075,0.0
2025-02-18,22.65595,1,43,72,2,1,GC,23.048121,23.23843,23.029186,23.070033,23.443503,26.64381751428572,26.420496517,47.511575,0.0
2025-02-18,24.1325,1,43,59,2,1,TF,24.154652,24.153426,23.766225,23.76745,20.581749857142857,22.605157785714287,22.531472333333333,24.154652,0.0
2025-02-19,35.2043689,2,44,71,2,1,GC,22.65595,23.048121,23.23843,24.207176,23.384348285714285,25.810525907142853,25.603312917,47.511575,0.0
2025-02-19,24.133725,2,44,58,2,1,TF,24.1325,24.154652,24.153426,24.115248,20.633899857142858,22.602255857142858,22.545029,24.154652,0.0
2025-02-20,0.0,3,45,70,2,1,GC,35.2043689,22.65595,23.048121,0.0,24.95537584285714,26.66717404285714,25.204443813666668,47.511575,0.0
2025-02-20,0.0,3,45,57,2,1,TF,24.133725,24.1325,24.154652,24.115248,20.636539428571428,22.59935378571428,22.545029,24.154652,0.0
2025-02-21,0.0,4,46,69,2,1,GC,0.0,35.2043689,22.65595,47.511575,24.95537584285714,24.951965185714283,24.830726797,47.511575,0.0
2025-02-21,24.133725,4,46,56,2,1,TF,0.0,24.133725,24.1325,0.0,17.191504,19.146049928571426,20.936114,24.154652,0.0
2025-02-22,23.232973,5,47,68,2,1,GC,0.0,0.0,35.2043689,23.029186,18.168007985714286,23.297253828571428,23.260465797,35.2043689,0.0
2025-02-22,23.785626,5,47,55,2,1,TF,24.133725,0.0,24.133725,23.766225,20.639179,19.172299928571427,20.936114,24.154652,0.0
2025-02-23,24.223723,6,48,67,2,1,GC,23.232973,0.0,0.0,23.23843,18.197120414285717,23.312558685714286,23.230440230333333,35.2043689,0.0
2025-02-23,22.66495,6,48,54,2,1,TF,23.785626,24.133725,0.0,24.153426,20.64195057142857,20.871273214285715,20.9245107,24.154652,0.0
2025-02-24,24.048951,0,49,66,2,1,GC,24.223723,23.232973,0.0,23.048121,18.337876557142856,23.412424257142856,23.26556393033333,35.2043689,0.0
2025-02-24,24.133725,0,49,53,2,1,TF,22.66495,23.785626,24.133725,24.154652,20.42931114285714,20.766448214285717,20.875551533333336,24.154652,0.0
2025-02-25,0.0,1,50,65,2,1,GC,24.048951,24.223723,23.232973,22.65595,18.48085227142857,20.962177635714287,24.06719563033333,35.2043689,0.0
2025-02-25,24.133725,1,50,52,2,1,TF,24.133725,22.66495,23.785626,24.1325,20.42632157142857,20.50403571428572,20.887842366666668,24.133725,0.0
2025-02-26,24.07606,2,51,64,2,1,GC,0.0,24.048951,24.223723,35.2043689,15.244287985714283,19.314318135714284,23.29526543033333,35.2043689,0.0
2025-02-26,24.1325,2,51,51,2,1,TF,24.133725,24.133725,22.66495,24.133725,20.42649657142857,20.530198214285715,20.945866533333334,24.133725,0.0
2025-02-27,24.116643,3,52,63,2,1,GC,24.07606,0.0,24.048951,0.0,13.654529571428569,19.304952707142856,22.63579014833333,24.223723,0.0
2025-02-27,24.1325,3,52,50,2,1,TF,24.1325,24.133725,24.133725,0.0,20.42632157142857,20.5314305,20.9458257,24.133725,0.0
2025-02-28,23.242016,4,53,62,2,1,GC,24.116643,24.07606,0.0,0.0,17.099764285714283,21.027570064285715,22.672957548333333,24.223723,0.0
2025-02-28,24.114024,4,53,49,2,1,TF,24.1325,24.1325,24.133725,24.133725,23.87382157142857,20.532662785714283,21.750242366666665,24.133725,22.66495
2025-03-01,23.229285,5,54,61,3,1,GC,23.242016,24.116643,24.07606,23.232973,20.420052285714284,19.294030135714284,22.64383458166667,24.223723,0.0
2025-03-02,23.058164,6,55,60,3,1,GC,23.229285,23.242016,24.116643,24.223723,20.419525428571426,19.308322921428573,22.278341968333336,24.223723,0.0
2025-03-03,24.05328,0,56,59,3,1,GC,23.058164,23.229285,23.242016,24.048951,20.253017,19.295446778571428,23.046947435,24.116643,0.0
2025-03-04,23.20086,1,57,58,3,1,GC,24.05328,23.058164,23.229285,0.0,20.253635428571425,19.36724385,23.074674535,24.116643,0.0
2025-03-05,24.229291,2,58,57,3,1,GC,23.20086,24.05328,23.058164,24.07606,23.568044,19.406165992857144,23.05189310333333,24.116643,23.058164
2025-03-06,23.031398,3,59,56,3,1,GC,24.229291,23.20086,24.05328,24.116643,23.58993414285714,18.622231857142857,23.05283367,24.229291,23.058164
2025-03-07,0.0,4,60,55,3,1,GC,23.031398,24.229291,23.20086,23.242016,23.43489914285714,20.267331714285717,22.67647918666667,24.229291,23.031398
2025-03-08,47.29197,5,61,54,3,1,GC,0.0,23.031398,24.229291,23.229285,20.114611142857143,20.267331714285717,21.902769353333333,24.229291,0.0
2025-03-09,0.0,6,62,53,3,1,GC,47.29197,0.0,23.031398,23.058164,23.55213757142857,21.9858315,22.67873755333333,47.29197,0.0
2025-03-10,34.0253355,0,63,52,3,1,GC,0.0,47.29197,0.0,24.05328,20.258114142857146,20.25556557142857,21.906538920000003,47.29197,0.0
2025-03-11,23.101197,1,64,51,3,1,GC,34.0253355,0.0,47.29197,23.20086,21.6826935,20.968164464285717,22.27342660333333,47.29197,0.0
2025-03-12,47.492184,2,65,50,3,1,GC,23.101197,34.0253355,0.0,24.229291,21.66845592857143,22.618249964285717,22.28261300333333,47.29197,0.0
2025-03-13,24.114693,3,66,49,3,1,GC,47.492184,23.101197,34.0253355,23.031398,24.99172635714285,24.29083025,21.92060568,47.492184,0.0
2025-03-14,24.082256,4,67,48,3,1,GC,24.114693,47.492184,23.101197,0.0,25.146482785714284,24.290690964285712,21.955427680000003,47.492184,0.0
2025-03-15,24.166957,5,68,47,3,1,GC,24.082256,24.114693,47.492184,47.29197,28.586805071428568,24.350708107142857,21.95126368,47.492184,0.0
2025-03-16,23.262904,6,69,46,3,1,GC,24.166957,24.082256,24.114693,0.0,25.283231785714285,24.417684678571423,22.756828913333333,47.492184,0.0
2025-03-17,58.3005495,0,70,45,3,1,GC,23.262904,24.166957,24.082256,34.0253355,28.606503785714285,24.43230896428571,21.94853988,47.492184,23.101197
2025-03-18,47.344887,1,71,44,3,1,GC,58.3005495,23.262904,24.166957,23.101197,32.0743915,26.8785425,23.124251996666665,58.3005495,23.101197
2025-03-19,47.239986,2,72,43,3,1,GC,47.344887,58.3005495,23.262904,47.492184,35.53777578571429,28.603115857142857,23.92780056333333,58.3005495,23.262904
2025-03-20,11.203003,3,73,42,3,1,GC,47.239986,47.344887,58.3005495,24.114693,35.5017475,30.246736928571423,24.734196063333336,58.3005495,23.262904
2025-03-21,47.130836,4,74,41,3,1,GC,11.203003,47.239986,47.344887,24.082256,33.657220357142855,29.401851571428573,24.35243116333333,58.3005495,11.203003
2025-03-22,23.195885,5,75,40,3,1,GC,47.130836,11.203003,47.239986,24.166957,36.94987464285714,32.768339857142855,24.74998006666667,58.3005495,11.203003
2025-03-23,24.105713,6,76,39,3,1,GC,23.195885,47.130836,11.203003,23.262904,36.81115007142857,31.047190928571432,25.52317623333333,58.3005495,11.203003
2025-03-24,30.406644,0,77,38,3,1,GC,24.105713,23.195885,47.130836,58.3005495,36.93155135714286,32.76902757142857,26.3267,58.3005495,11.203003
2025-03-25,46.068364,1,78,37,3,1,GC,30.406644,24.105713,23.195885,47.344887,32.946707714285715,32.510549607142856,26.565822366666666,47.344887,11.203003
2025-03-26,28.126297,2,79,36,3,1,GC,46.068364,30.406644,24.105713,47.239986,32.76434728571429,34.151061535714284,27.29397706666667,47.239986,11.203003
2025-03-27,47.545447,3,80,35,3,1,GC,28.126297,46.068364,30.406644,11.203003,30.03382028571428,32.767783892857146,27.4298886,47.130836,11.203003
2025-03-28,0.0,4,81,34,3,1,GC,47.545447,28.126297,46.068364,47.130836,35.225598,34.441409178571426,29.014736833333338,47.545447,23.195885
2025-03-29,23.13377,5,82,33,3,1,GC,0.0,47.545447,28.126297,23.195885,28.492621428571425,32.72124803571428,28.2122015,47.545447,0.0
2025-03-30,0.0,6,83,32,3,1,GC,23.13377,0.0,47.545447,24.105713,28.48374785714285,32.647448964285715,28.179439066666664,47.545447,0.0
2025-03-31,82.45002769999999,0,84,31,3,1,GC,0.0,23.13377,0.0,30.406644,25.04007457142857,30.98581296428572,27.4047052,47.545447,0.0
2025-04-01,0.0,1,85,30,4,2,GC,82.45002769999999,0.0,23.13377,46.068364,32.474843671428566,32.71077569285714,29.378729956666668,82.45002769999999,0.0
2025-04-01,0.0,1,85,17,4,2,TF,48.266225,22.5302,24.114024,24.1128,23.898321285714285,24.00898707142857,23.9260225,48.266225,0.0
2025-04-02,59.4613799,2,86,29,4,2,GC,0.0,82.45002769999999,0.0,28.126297,25.89364881428571,29.32899805,28.61012449,82.45002769999999,0.0
2025-04-02,24.115248,2,86,16,4,2,TF,0.0,48.266225,22.5302,24.1325,20.45363557142857,22.28664421428572,23.150189166666667,48.266225,0.0
2025-04-03,24.005395,3,87,28,4,2,GC,59.4613799,0.0,82.45002769999999,47.545447,30.370089228571423,30.201954757142857,29.790394486666667,82.45002769999999,0.0
2025-04-04,23.227172,4,88,27,4,2,GC,24.005395,59.4613799,0.0,0.0,27.00722465714285,31.116411328571427,29.81721232,82.45002769999999,0.0
2025-04-05,23.178469,5,89,26,4,2,GC,23.227172,24.005395,59.4613799,23.13377,30.32539208571428,29.40900675714286,29.78380835333333,82.45002769999999,0.0
2025-04-06,23.216082,6,90,25,4,2,GC,23.178469,23.227172,24.005395,0.0,30.33177765714285,29.40776275714285,29.78871072,82.45002769999999,0.0
2025-04-07,47.17142200000001,0,91,24,4,2,GC,23.216082,23.178469,23.227172,82.45002769999999,33.64836079999999,29.344217685714284,30.56258012,82.45002769999999,0.0
2025-04-08,61.0392172,1,92,23,4,2,GC,47.17142200000001,23.216082,23.178469,0.0,28.608559985714283,30.541701828571423,30.55856185333333,59.4613799,0.0
2025-04-09,47.192815,2,93,22,4,2,GC,61.0392172,47.17142200000001,23.216082,59.4613799,37.32844815714285,31.611048485714285,32.593202426666664,61.0392172,23.178469
2025-04-10,23.126807,3,94,21,4,2,GC,47.192815,61.0392172,47.17142200000001,24.005395,35.575796028571425,32.972942628571424,33.032118409999995,61.0392172,23.178469
2025-04-11,24.125703,4,95,20,4,2,GC,23.126807,47.192815,61.0392172,23.227172,35.45028345714285,31.22875405714285,33.03297207666667,61.0392172,23.126807
2025-04-12,47.316924,5,96,19,4,2,GC,24.125703,23.126807,47.192815,23.178469,35.57864502857142,32.95201855714286,32.25408937666666,61.0392172,23.126807
2025-04-13,23.166129,6,97,18,4,2,GC,47.316924,24.125703,23.126807,23.216082,39.02699574285714,34.679386699999995,33.02749707666666,61.0392172,23.126807
2025-04-14,24.016922,0,98,17,4,2,GC,23.166129,47.316924,24.125703,47.17142200000001,39.0198596,36.3341102,32.99695951,61.0392172,23.126807
2025-04-15,58.4096185,1,99,16,4,2,GC,24.016922,23.166129,47.316924,61.0392172,35.71207388571428,32.160316935714285,32.99195834333333,61.0392172,23.126807
2025-04-16,24.230445,2,100,15,4,2,GC,58.4096185,24.016922,23.166129,47.192815,35.336416928571424,36.33243254285714,34.16351549333333,58.4096185,23.126807
2025-04-17,0.0,3,101,14,4,2,GC,24.230445,58.4096185,24.016922,23.126807,32.05607835714285,33.81593719285714,33.02784534333333,58.4096185,23.126807
2025-04-18,23.146736,4,102,13,4,2,GC,0.0,24.230445,58.4096185,24.125703,28.752248785714283,32.101266121428566,31.449682443333334,58.4096185,0.0
2025-04-19,23.17774,5,103,12,4,2,GC,23.146736,0.0,24.230445,47.316924,28.612396357142853,32.09552069285714,30.64657411,58.4096185,0.0
2025-04-20,46.214331,6,104,11,4,2,GC,23.17774,23.146736,0.0,23.166129,25.1639415,32.095468621428566,31.04573201,58.4096185,0.0
2025-04-21,35.2432879,0,105,10,4,2,GC,46.214331,23.17774,23.146736,24.016922,28.45654178571428,33.73820069285714,31.01518184333333,58.4096185,0.0
2025-04-22,71.21323,1,106,9,4,2,GC,35.2432879,46.214331,23.17774,58.4096185,30.060308342857137,32.886191114285715,31.41676194,58.4096185,0.0
2025-04-23,58.5549697,2,107,8,4,2,GC,71.21323,35.2432879,46.214331,24.230445,31.889395699999994,33.61290631428572,32.987012506666666,71.21323,0.0
2025-04-24,0.0,3,108,7,4,2,GC,58.5549697,71.21323,35.2432879,0.0,36.79289922857142,34.42448879285714,33.92529003,71.21323,0.0
2025-04-25,24.197549,4,109,6,4,2,GC,0.0,58.5549697,71.21323,23.146736,36.79289922857142,32.77257400714286,32.38967789666666,71.21323,0.0
2025-04-26,22.958857,5,110,5,4,2,GC,24.197549,0.0,58.5549697,23.17774,36.943015371428565,32.777705864285714,32.25871963,71.21323,0.0
2025-04-27,23.20091,6,111,4,4,2,GC,22.958857,24.197549,0.0,46.214331,36.91174637142857,31.037843935714285,31.439166629999995,71.21323,0.0
2025-04-28,35.5201298,0,112,3,4,2,GC,23.20091,22.958857,24.197549,35.2432879,33.624114799999994,31.04032829285714,32.212530296666664,71.21323,0.0
2025-04-29,47.211371,1,113,2,4,2,GC,35.5201298,23.20091,22.958857,71.21323,33.66366364285714,31.861985992857143,32.62540895666667,71.21323,0.0
2025-04-30,24.066611,2,114,1,4,2,GC,47.211371,35.5201298,23.20091,58.5549697,30.23482664285714,31.06211117142857,34.19912132333333,58.5549697,0.0
2025-05-01,23.095256,3,0,0,5,2,GC,24.066611,47.211371,35.5201298,0.0,25.30791825714285,31.050408742857144,32.25300743333334,47.211371,0.0
2025-05-02,24.225672,4,1,28,5,2,GC,23.095256,24.066611,47.211371,24.197549,28.60724054285714,32.700069885714285,33.0228493,47.211371,22.958857
2025-05-03,47.261074,5,2,27,5,2,GC,24.225672,23.095256,24.066611,22.958857,28.61125811428571,32.77713674285714,31.84832570333333,47.211371,22.958857
2025-05-04,24.251004,6,3,26,5,2,GC,47.261074,24.225672,23.095256,23.20091,32.0830034,34.49737488571429,32.62351500333333,47.261074,23.095256
2025-05-04,22.5106,6,3,26,5,2,TF,24.0296,0.0,24.1522,45.946802,27.158572142857142,25.232055714285718,26.01298093333333,48.184252,0.0
2025-05-05,81.6443399,0,4,25,5,2,GC,24.251004,47.261074,24.225672,35.5201298,32.23301682857142,32.92856581428571,32.657642736666666,47.261074,23.095256
2025-05-05,47.737224,0,4,25,5,2,TF,22.5106,24.0296,0.0,23.643725,23.81054328571429,25.224625428571425,25.1673226,48.184252,0.0
2025-05-06,24.161348,1,5,24,5,2,GC,81.6443399,24.251004,47.261074,47.211371,38.8221897,36.24292667142857,34.6065051,81.6443399,23.095256
2025-05-06,0.0,1,5,24,5,2,TF,47.737224,22.5106,24.0296,24.153426,27.252471714285715,26.94688085714285,25.9541059,48.184252,0.0
2025-05-07,47.413492,2,6,23,5,2,GC,24.161348,81.6443399,24.251004,24.066611,35.529329271428566,32.88207795714286,34.63801396666666,81.6443399,23.095256
2025-05-07,0.0,2,6,23,5,2,TF,0.0,47.737224,22.5106,48.184252,23.801982285714285,25.25804335714286,25.2002409,48.184252,0.0
2025-05-08,11.2094205,3,7,22,5,2,GC,47.413492,24.161348,81.6443399,23.095256,38.86459798571428,32.08625812142857,34.64608296666667,81.6443399,23.095256
2025-05-08,23.663026,3,7,22,5,2,TF,0.0,0.0,47.737224,24.1522,16.918517714285713,23.56911835714285,23.6060259,47.737224,0.0
2025-05-09,47.184602,4,8,21,5,2,GC,11.2094205,47.413492,24.161348,24.225672,37.16662148571428,32.886931014285715,32.98508974333333,81.6443399,11.2094205
2025-05-09,23.682327,4,8,21,5,2,TF,23.663026,0.0,0.0,0.0,16.848635714285713,21.97742007142857,22.78587843333333,47.737224,0.0
2025-05-10,47.105125,5,9,20,5,2,GC,47.184602,11.2094205,47.413492,47.261074,40.446468628571424,34.52886337142857,32.98481597666667,81.6443399,11.2094205
2025-05-10,23.663026,5,9,20,5,2,TF,23.682327,23.663026,0.0,24.0296,20.231825285714287,21.978798714285716,22.787206000000005,47.737224,0.0
2025-05-11,46.151467,6,10,19,5,2,GC,47.105125,47.184602,11.2094205,24.251004,40.42419019999999,36.2535968,33.78409324333333,81.6443399,11.2094205
2025-05-11,22.345076,6,10,19,5,2,TF,23.663026,23.682327,23.663026,22.5106,20.17945757142857,23.66901485714285,22.787849366666663,47.737224,0.0
2025-05-12,82.358143,0,11,18,5,2,GC,46.151467,47.105125,47.184602,81.6443399,43.55282777142857,37.8929223,34.51828537666666,81.6443399,11.2094205
2025-05-12,24.153426,0,11,18,5,2,TF,22.345076,23.663026,23.682327,47.737224,20.15581128571429,21.983177285714284,22.7446019,47.737224,0.0
2025-05-13,47.738148,1,12,17,5,2,GC,82.358143,46.151467,47.105125,24.161348,43.654799642857135,41.23849467142857,35.68632601,82.358143,11.2094205
2025-05-13,23.664252,1,12,17,5,2,TF,24.153426,22.345076,23.663026,0.0,16.786697285714286,22.0195845,22.76159193333333,24.153426,0.0
2025-05-14,57.2572059,2,13,16,5,2,GC,47.738148,82.358143,46.151467,47.413492,47.02291392857142,41.2761216,36.50539331,82.358143,11.2094205
2025-05-14,23.682327,2,13,16,5,2,TF,23.664252,24.153426,22.345076,0.0,20.167304714285716,21.9846435,22.76223533333333,24.153426,0.0
2025-05-15,57.4884706,3,14,15,5,2,GC,57.2572059,47.738148,82.358143,11.2094205,48.42915877142856,43.64687837857142,37.61340277333333,82.358143,11.2094205
2025-05-15,23.6618,3,14,15,5,2,TF,23.682327,23.664252,24.153426,23.663026,23.550494285714283,20.234506,22.763522066666667,24.153426,22.345076
2025-05-16,46.258024,4,15,14,5,2,GC,57.4884706,57.2572059,47.738148,47.184602,55.040451642857136,46.10353656428571,37.58269784333333,82.358143,46.151467
2025-05-16,23.663026,4,15,14,5,2,TF,23.6618,23.682327,23.664252,23.682327,23.55031914285714,20.19947742857143,22.764083733333333,24.153426,22.345076
2025-05-17,58.8630176,5,16,13,5,2,GC,46.258024,57.4884706,57.2572059,47.105125,54.90808335714285,47.67727599285713,38.31695047666666,82.358143,46.151467
2025-05-17,23.663026,5,16,13,5,2,TF,23.663026,23.6618,23.682327,23.663026,23.547561857142856,21.889693571428573,22.76476793333333,24.153426,22.345076
2025-05-18,46.079522,6,17,12,5,2,GC,58.8630176,46.258024,57.4884706,46.151467,56.58778229999999,48.50598624999999,40.27905106333333,82.358143,46.151467
2025-05-18,21.12398,6,17,12,5,2,TF,23.663026,23.663026,23.6618,22.345076,23.547561857142856,21.86350971428571,22.765452133333334,24.153426,22.345076
2025-05-19,46.28134,0,18,11,5,2,GC,46.079522,58.8630176,46.258024,82.358143,56.57750444285714,50.06516610714285,41.04347726333334,82.358143,46.079522
2025-05-19,24.99,0,18,11,5,2,TF,21.12398,23.663026,23.663026,24.153426,23.373119571428568,21.76446542857143,23.4695848,24.153426,21.12398
2025-05-20,45.704442,1,19,10,5,2,GC,46.28134,46.079522,58.8630176,47.738148,51.42367544285714,47.53923754285714,41.813597263333335,58.8630176,46.079522
2025-05-20,23.663026,1,19,10,5,2,TF,24.99,21.12398,23.663026,23.664252,23.49263014285714,20.139663714285717,23.5150632,24.99,21.12398
2025-05-21,45.715438000000006,2,20,9,5,2,GC,45.704442,46.28134,46.079522,57.2572059,51.133146014285714,49.07802997142857,41.796600963333326,58.8630176,45.704442
2025-05-21,23.643725,2,20,9,5,2,TF,23.663026,24.99,21.12398,23.682327,23.492455,21.829879857142856,23.55000993333333,24.99,21.12398
2025-05-22,45.685037,3,21,8,5,2,GC,45.715438000000006,45.704442,46.28134,57.4884706,49.48432202857144,48.9567404,42.14567263333333,58.8630176,45.704442
2025-05-22,23.6425,3,21,8,5,2,TF,23.643725,23.663026,24.99,23.6618,23.486940428571423,23.518717357142854,23.5506125,24.99,21.12398
2025-05-23,22.8664,4,22,7,5,2,GC,45.685037,45.715438000000006,45.704442,46.258024,47.79811722857142,51.41928443571429,41.29473286666666,58.8630176,45.685037
2025-05-23,23.6425,4,22,7,5,2,TF,23.6425,23.643725,23.663026,23.663026,23.484183285714288,23.517251214285714,23.550571666666663,24.99,21.12398
2025-05-24,68.186488,5,23,6,5,2,GC,22.8664,45.685037,45.715438000000006,58.8630176,44.45645665714285,49.68227000714285,40.10511387666667,58.8630176,22.8664
2025-05-24,23.663026,5,23,6,5,2,TF,23.6425,23.6425,23.643725,23.663026,23.481251,23.514406428571423,23.550490000000003,24.99,21.12398
2025-05-25,69.075969,6,24,5,5,2,GC,68.186488,22.8664,45.685037,46.079522,45.788381,51.18808165,42.377996810000006,68.186488,22.8664
2025-05-25,22.569434,6,24,5,5,2,TF,23.663026,23.6425,23.6425,21.12398,23.481251,23.514406428571423,22.807697466666664,24.99,21.12398
2025-05-26,45.635852,0,25,4,5,2,GC,69.075969,68.186488,22.8664,46.28134,49.07358771428572,52.82554607857144,43.87394414333333,69.075969,22.8664
2025-05-26,23.6618,0,25,4,5,2,TF,22.569434,23.663026,23.6425,24.99,23.687744428571428,23.530432,22.7712444,24.99,22.569434
2025-05-27,68.650015,1,26,3,5,2,GC,45.635852,69.075969,68.186488,45.704442,48.98137514285714,50.202525292857146,44.62984397666666,69.075969,22.8664
2025-05-27,23.6618,1,26,3,5,2,TF,23.6618,22.569434,23.663026,23.663026,23.49800157142857,23.49531585714286,23.559971066666662,23.663026,22.569434
2025-05-28,68.344094,2,27,2,5,2,GC,68.650015,45.635852,69.075969,45.715438000000006,52.259314142857136,51.69623007857143,46.14481414333333,69.075969,22.8664
2025-05-28,47.326052,2,27,2,5,2,TF,23.6618,23.6618,22.569434,23.643725,23.497826428571425,23.495140714285714,22.817137666666667,23.663026,22.569434
2025-05-29,23.01195,3,28,1,5,2,GC,68.344094,68.650015,45.635852,45.685037,55.49197928571427,52.48815065714286,47.23894628333333,69.075969,22.8664
2025-05-29,0.0,3,28,1,5,2,TF,47.326052,23.6618,23.6618,23.6425,26.881016,25.183978214285712,23.606548566666667,47.326052,22.569434
2025-05-30,23.154355,4,0,0,5,2,GC,23.01195,68.344094,68.650015,22.8664,52.25296685714285,50.02554204285714,46.43229891666667,69.075969,22.8664
2025-05-30,23.6425,4,0,0,5,2,TF,0.0,47.326052,23.6618,23.6425,23.503516,23.49384964285714,22.801434366666665,47.326052,0.0
2025-05-31,46.212676,5,1,76,5,2,GC,23.154355,23.01195,68.344094,68.186488,52.294103285714286,48.375279971428576,46.40189038333333,69.075969,23.01195
2025-05-31,23.6425,5,1,76,5,2,TF,23.6425,0.0,47.326052,23.663026,23.503516,23.492383499999995,21.983375966666664,47.326052,0.0
2025-06-01,23.282162,6,2,75,6,2,GC,46.212676,23.154355,23.01195,69.075969,49.15498728571429,47.47168414285714,47.17247105,69.075969,23.01195
2025-06-01,23.6618,6,2,75,6,2,TF,23.6425,23.6425,0.0,22.569434,23.500583714285717,23.490917357142852,21.966385966666667,47.326052,0.0
2025-06-02,101.6844882,0,3,74,6,2,GC,23.282162,46.212676,23.154355,45.635852,42.61301485714284,45.84330128571428,47.14102071666666,68.650015,23.01195
2025-06-02,23.664252,0,3,74,6,2,TF,23.6618,23.6425,23.6425,23.6618,23.656636,23.672190214285717,22.755112633333333,47.326052,0.0
2025-06-03,23.754408,1,4,73,6,2,GC,101.6844882,23.282162,46.212676,68.650015,50.61996288571428,49.80066901428571,48.95513452333333,101.6844882,23.01195
2025-06-03,23.664252,1,4,73,6,2,TF,23.664252,23.6618,23.6425,23.6618,23.65698628571429,23.577493928571425,22.742934366666667,47.326052,0.0
2025-06-04,0.0,2,5,72,6,2,GC,23.754408,101.6844882,23.282162,68.344094,44.206304742857135,48.232809442857146,48.93858132333333,101.6844882,23.01195
2025-06-04,23.664252,2,5,72,6,2,TF,23.664252,23.664252,23.6618,47.326052,23.657336571428573,23.5775815,22.78138943333333,47.326052,0.0
2025-06-05,46.809629,3,6,71,6,2,GC,0.0,23.754408,101.6844882,23.01195,34.442862742857145,44.96742101428571,46.21710332666667,101.6844882,0.0
2025-06-05,23.663026,3,6,71,6,2,TF,23.664252,23.664252,23.664252,0.0,20.27707942857143,23.57904771428571,21.978957033333334,23.664252,0.0
2025-06-06,23.300832,4,7,70,6,2,GC,46.809629,0.0,23.754408,23.154355,37.84253117142857,45.04774901428571,46.97204602666667,101.6844882,0.0
2025-06-06,23.663026,4,7,70,6,2,TF,23.663026,23.664252,23.664252,23.6425,23.65751171428571,23.58051385714285,22.76772456666667,23.664252,23.6425
2025-06-07,23.267613,5,8,69,6,2,GC,23.300832,46.809629,0.0,46.212676,37.86345645714285,45.07877987142857,46.16829069333333,101.6844882,0.0
2025-06-07,23.6618,5,8,69,6,2,TF,23.663026,23.663026,23.664252,23.6425,23.660444,23.58198,23.5564921,23.664252,23.6425
2025-06-08,46.031626,6,9,68,6,2,GC,23.267613,23.300832,46.809629,23.282162,34.58559031428571,41.87028879999999,46.57023044333334,101.6844882,0.0
2025-06-08,23.294,6,9,68,6,2,TF,23.6618,23.663026,23.663026,23.6618,23.66320114285714,23.58189242857143,23.55645123333333,23.664252,23.6618
2025-06-09,47.214459000000005,0,10,67,6,2,GC,46.031626,23.267613,23.300832,101.6844882,37.83551374285714,40.2242643,46.53179791,101.6844882,0.0
2025-06-09,23.663026,0,10,67,6,2,TF,23.294,23.6618,23.663026,23.664252,23.610658285714287,23.633647142857143,23.543507,23.664252,23.294
2025-06-10,70.189327,1,11,66,6,2,GC,47.214459000000005,46.031626,23.267613,23.754408,30.054081,40.33702194285714,46.535442376666666,47.214459000000005,0.0
2025-06-10,23.663026,1,11,66,6,2,TF,23.663026,23.294,23.6618,23.664252,23.61048314285714,23.633734714285712,23.543507,23.664252,23.294
2025-06-11,23.6347476,2,12,65,6,2,GC,70.189327,47.214459000000005,46.031626,0.0,36.68764085714285,40.446972800000005,47.336704376666674,70.189327,0.0
2025-06-11,23.663026,2,12,65,6,2,TF,23.663026,23.663026,23.294,23.664252,23.610308,23.633822285714285,23.587438666666667,23.664252,23.294
2025-06-12,69.997487,3,13,64,6,2,GC,23.6347476,70.189327,47.214459000000005,46.809629,40.06403337142857,37.253448057142855,45.37925786333333,70.189327,23.267613
2025-06-12,23.663026,3,13,64,6,2,TF,23.663026,23.663026,23.663026,23.663026,23.61013285714285,21.943606142857146,23.571092,23.663026,23.294
2025-06-13,23.01518,4,14,63,6,2,GC,69.997487,23.6347476,70.189327,23.300832,43.37658451428571,40.60955784285715,46.12123583,70.189327,23.267613
2025-06-13,23.664252,4,14,63,6,2,TF,23.663026,23.663026,23.663026,23.663026,23.61013285714286,23.633822285714285,23.57105113333333,23.663026,23.294
2025-06-14,46.297746,5,15,62,6,2,GC,23.01518,69.997487,23.6347476,23.267613,43.33577708571428,40.59961677142858,44.97983496666667,70.189327,23.01518
2025-06-14,23.663026,5,15,62,6,2,TF,23.664252,23.663026,23.663026,23.6618,23.610308,23.635376,23.57044863333333,23.664252,23.294
2025-06-15,47.166932,6,16,61,6,2,GC,46.297746,23.01518,69.997487,46.031626,46.625796085714285,40.605693200000005,44.60681081333334,70.189327,23.01518
2025-06-15,22.44806,6,16,61,6,2,TF,23.663026,23.664252,23.663026,23.294,23.61048314285714,23.63684214285714,23.5704895,23.664252,23.294
2025-06-16,76.52251100000001,0,17,60,6,2,GC,47.166932,46.297746,23.01518,47.214459000000005,46.787982657142855,42.3117482,44.637107746666665,70.189327,23.01518
2025-06-16,23.664252,0,17,60,6,2,TF,22.44806,23.663026,23.664252,23.663026,23.48963457142857,23.550146428571427,23.52999063333333,23.664252,22.44806
2025-06-17,46.711091,1,18,59,6,2,GC,76.52251100000001,47.166932,46.297746,70.189327,50.97484722857144,40.51446411428572,45.22575752666667,76.52251100000001,23.01518
2025-06-17,23.663026,1,18,59,6,2,TF,23.664252,22.44806,23.663026,23.663026,23.489809714285716,23.55014642857143,23.5300315,23.664252,22.44806
2025-06-18,46.216524,2,19,58,6,2,GC,46.711091,76.52251100000001,47.166932,23.6347476,47.62081351428572,42.15422718571429,45.24680982666666,76.52251100000001,23.01518
2025-06-18,23.682327,2,19,58,6,2,TF,23.663026,23.664252,22.44806,23.663026,23.489809714285716,23.550058857142854,23.614666366666665,23.664252,22.44806
2025-06-19,36.9256302,3,20,57,6,2,GC,46.216524,46.711091,76.52251100000001,69.997487,50.84678157142857,45.45540747142858,45.24464929333333,76.52251100000001,23.01518
2025-06-19,0.0,3,20,57,6,2,TF,23.682327,23.663026,23.664252,23.663026,23.492567,23.55134992857143,23.571077266666663,23.682327,22.44806
2025-06-20,46.952807,4,21,56,6,2,GC,36.9256302,46.216524,46.711091,23.01518,46.1222306,44.74940755714287,44.95202223333333,76.52251100000001,23.01518
2025-06-20,23.664252,4,21,56,6,2,TF,0.0,23.682327,23.663026,23.664252,20.112134714285716,21.861133785714287,22.78230973333333,23.682327,0.0
2025-06-21,46.18901,5,22,55,6,2,GC,46.952807,36.9256302,46.216524,46.297746,49.5418916,46.43883434285715,44.99326786666667,76.52251100000001,36.9256302
2025-06-21,0.0,5,22,55,6,2,TF,23.664252,0.0,23.682327,23.663026,20.112134714285716,21.861221357142856,22.782993966666663,23.682327,0.0
2025-06-22,46.789832,6,23,54,6,2,GC,46.18901,46.952807,36.9256302,47.166932,49.52635788571428,48.07607698571429,45.01006696666666,76.52251100000001,36.9256302
2025-06-22,22.347528,6,23,54,6,2,TF,0.0,23.664252,0.0,22.44806,16.731702428571428,20.171092785714283,21.994910633333333,23.682327,0.0
2025-06-23,109.9201227,0,24,53,6,2,GC,46.789832,46.18901,46.952807,76.52251100000001,49.47248645714286,48.130234557142856,45.8075147,76.52251100000001,36.9256302
2025-06-23,47.326052,0,24,53,6,2,TF,22.347528,0.0,23.664252,23.664252,16.717340714285715,20.103487642857143,21.9517449,23.682327,0.0
2025-06-24,47.38443,1,25,52,6,2,GC,109.9201227,46.789832,46.18901,46.711091,54.24357384285714,52.60921053571429,47.19863585666666,109.9201227,36.9256302
2025-06-24,23.6618,1,25,52,6,2,TF,47.326052,22.347528,0.0,23.663026,20.09759785714286,21.793703785714285,22.740512433333333,47.326052,0.0
2025-06-25,24.028145,2,26,51,6,2,GC,47.38443,109.9201227,46.789832,46.216524,54.33976512857142,50.98028932142858,46.47558455666667,109.9201227,36.9256302
2025-06-25,23.663026,2,26,51,6,2,TF,23.6618,47.326052,22.347528,23.682327,20.09742271428572,21.79361621428572,22.776924633333334,47.326052,0.0
2025-06-26,63.2470542,3,27,50,6,2,GC,24.028145,47.38443,109.9201227,36.9256302,51.1699967,51.008389135714296,45.755327656666665,109.9201227,24.028145
2025-06-26,0.0,3,27,50,6,2,TF,23.663026,23.6618,47.326052,0.0,20.094665428571428,21.793616214285716,22.776965500000003,47.326052,0.0
2025-06-27,62.4441519,4,28,49,6,2,GC,63.2470542,24.028145,47.38443,46.952807,54.93020012857143,50.52621536428571,45.57522896333334,109.9201227,24.028145
2025-06-27,23.663026,4,28,49,6,2,TF,0.0,23.663026,23.6618,23.664252,20.094665428571428,20.10340007142857,21.98823883333333,47.326052,0.0
2025-06-28,46.528881,5,29,48,6,2,GC,62.4441519,63.2470542,24.028145,46.18901,57.1432494,53.3425705,45.37856422666667,109.9201227,24.028145
2025-06-28,23.663026,5,29,48,6,2,TF,23.663026,0.0,23.663026,0.0,20.094490285714283,20.1033125,21.199471299999995,47.326052,0.0
2025-06-29,47.302631,6,30,47,6,2,GC,46.528881,62.4441519,63.2470542,46.789832,57.19180239999999,53.359080142857145,46.162461926666666,109.9201227,24.028145
2025-06-29,23.663026,6,30,47,6,2,TF,23.663026,23.663026,0.0,22.347528,23.47492257142857,20.1033125,21.98823883333333,47.326052,0.0
2025-06-30,87.3911782,0,31,46,6,2,GC,47.302631,46.528881,62.4441519,109.9201227,57.2650594,53.36877292857143,46.96740446,109.9201227,24.028145
2025-06-30,23.663026,0,31,46,6,2,TF,23.663026,23.663026,23.663026,47.326052,23.662850857142853,20.190095785714284,21.98892303333333,47.326052,0.0
2025-07-01,70.139203,1,32,45,7,3,GC,87.3911782,47.302631,46.528881,47.38443,54.04663875714285,54.1451063,48.3400212,87.3911782,24.028145
2025-07-01,22.462772,1,32,45,7,3,TF,23.663026,23.663026,23.663026,23.6618,20.28241857142857,20.19000821428571,21.98960723333333,23.663026,0.0
2025-07-02,0.0,2,33,44,7,3,GC,70.139203,87.3911782,47.302631,24.028145,57.2973206142857,55.818542871428576,49.90192256666667,87.3911782,24.028145
2025-07-02,23.663026,2,33,44,7,3,TF,22.462772,23.663026,23.663026,23.663026,20.11112885714285,20.10427578571429,21.949639633333334,23.663026,0.0
2025-07-03,46.426769,3,34,43,7,3,GC,0.0,70.139203,87.3911782,63.2470542,53.86472847142856,52.51736258571429,46.51243962666667,87.3911782,0.0
2025-07-03,23.6618,3,34,43,7,3,TF,23.663026,22.462772,23.663026,0.0,20.11112885714285,20.10289714285714,21.949598766666664,23.663026,0.0
2025-07-04,23.165324,4,35,42,7,3,GC,46.426769,0.0,70.139203,62.4441519,51.46183058571428,53.196015357142855,47.26818499333333,87.3911782,0.0
2025-07-04,23.6618,4,35,42,7,3,TF,23.6618,23.663026,22.462772,23.663026,23.491386,21.79302571428571,21.949517033333336,23.663026,22.462772
2025-07-05,23.115932,5,36,41,7,3,GC,23.165324,46.426769,0.0,46.528881,45.85056945714285,51.49690942857143,48.04036246,87.3911782,0.0
2025-07-05,23.664252,5,36,41,7,3,TF,23.6618,23.6618,23.663026,23.663026,23.491210857142853,21.792850571428573,21.9494353,23.663026,22.462772
2025-07-06,47.335582,6,37,40,7,3,GC,23.115932,23.165324,46.426769,47.302631,42.50586245714285,49.84883242857143,47.25057256,87.3911782,0.0
2025-07-06,22.345076,6,37,40,7,3,TF,23.664252,23.6618,23.6618,23.663026,23.491386,23.483154285714285,21.949476166666667,23.664252,22.462772
2025-07-07,70.427569,0,38,39,7,3,GC,47.335582,23.115932,23.165324,87.3911782,42.510569742857136,49.88781457142857,48.051730893333335,87.3911782,0.0
2025-07-07,23.663026,0,38,39,7,3,TF,22.345076,23.664252,23.6618,23.663026,23.30310742857143,23.482979142857143,21.9055445,23.664252,22.345076
2025-07-08,70.307349,1,39,38,7,3,GC,70.427569,47.335582,23.115932,70.139203,40.087197,47.06691787857143,49.62372942666666,70.427569,0.0
2025-07-08,23.663026,1,39,38,7,3,TF,23.663026,22.345076,23.664252,22.462772,23.30310742857143,21.792763,21.905585366666667,23.664252,22.345076
2025-07-09,103.3129057,2,40,37,7,3,GC,70.307349,70.427569,47.335582,0.0,40.11121785714285,48.70426923571428,50.43292019333333,70.427569,0.0
2025-07-09,23.643725,2,40,37,7,3,TF,23.663026,23.663026,22.345076,23.663026,23.474572285714288,21.79285057142857,21.91788623333333,23.664252,22.345076
2025-07-10,23.285979,3,41,36,7,3,GC,103.3129057,70.307349,70.427569,46.426769,54.870204385714274,54.36746642857143,52.30286841666667,103.3129057,23.115932
2025-07-10,0.0,3,41,36,7,3,TF,23.643725,23.663026,23.663026,23.6618,23.471815,21.79147192857143,21.917242866666665,23.664252,22.345076
2025-07-11,46.276145,4,42,35,7,3,GC,23.285979,103.3129057,70.307349,23.165324,51.56437724285714,51.51310391428571,50.73942348333333,103.3129057,23.115932
2025-07-11,23.6618,4,42,35,7,3,TF,0.0,23.643725,23.663026,23.6618,20.091557857142856,21.79147192857143,21.12847533333333,23.664252,0.0
2025-07-12,46.267574,5,43,34,7,3,GC,46.276145,23.285979,103.3129057,23.115932,54.8659231,50.35824627857143,51.49413673000001,103.3129057,23.115932
2025-07-12,23.6425,5,43,34,7,3,TF,23.6618,0.0,23.643725,23.664252,20.091557857142856,21.791384357142856,21.128434466666665,23.664252,0.0
2025-07-13,48.527239,6,44,33,7,3,GC,46.267574,46.276145,23.285979,47.335582,58.173300528571424,50.339581492857135,50.70313963,103.3129057,23.285979
2025-07-13,23.6618,6,44,33,7,3,TF,23.6425,23.6618,0.0,22.345076,20.088450428571427,21.789918214285716,21.12775026666667,23.663026,0.0
2025-07-14,69.0014469,0,45,32,7,3,GC,48.527239,46.267574,46.276145,70.427569,58.34353724285713,50.42705349285715,51.55354159666667,103.3129057,23.285979
2025-07-14,22.53388,0,45,32,7,3,TF,23.6618,23.6425,23.6618,23.663026,20.276553857142854,21.789830642857144,21.12766853333333,23.663026,0.0
2025-07-15,40.74582335,1,46,31,7,3,GC,69.0014469,48.527239,46.267574,70.307349,58.139805514285705,49.11350125714286,52.31033162666667,103.3129057,23.285979
2025-07-15,23.664252,1,46,31,7,3,TF,22.53388,23.6618,23.6425,23.663026,20.115247285714283,21.70917735714286,21.09003033333333,23.663026,0.0
2025-07-16,71.53890799999999,2,47,30,7,3,GC,40.74582335,69.0014469,48.527239,103.3129057,53.91673042142857,47.01397413928572,52.09629467166667,103.3129057,23.285979
2025-07-16,23.643725,2,47,30,7,3,TF,23.664252,22.53388,23.6618,23.643725,20.115422428571428,21.79499735714285,21.130570066666667,23.664252,0.0
2025-07-17,47.281029,3,48,29,7,3,GC,71.53890799999999,40.74582335,69.0014469,23.285979,49.377587892857136,52.12389613928571,51.93017457166666,71.53890799999999,23.285979
2025-07-17,23.643725,3,48,29,7,3,TF,23.643725,23.664252,22.53388,0.0,20.115422428571428,21.793618714285717,21.129885833333333,23.664252,0.0
2025-07-18,46.39417,4,49,28,7,3,GC,47.281029,71.53890799999999,40.74582335,46.276145,52.80545217857143,52.18491471071429,51.949172505,71.53890799999999,40.74582335
2025-07-18,23.643725,4,49,28,7,3,TF,23.643725,23.643725,23.664252,23.6618,23.493097428571428,21.792327642857146,21.129242466666668,23.664252,22.53388
2025-07-19,46.18257,5,50,27,7,3,GC,46.39417,47.281029,71.53890799999999,46.267574,52.82231289285714,53.84411799642857,51.95509403833333,71.53890799999999,40.74582335
2025-07-19,23.6425,5,50,27,7,3,TF,23.643725,23.643725,23.643725,23.6425,23.490515285714284,21.79103657142857,21.127955733333337,23.664252,22.53388
2025-07-20,47.489994,6,51,26,7,3,GC,46.18257,46.39417,47.281029,48.527239,52.81016946428571,55.491734996428576,52.26365869833333,71.53890799999999,40.74582335
2025-07-20,22.479975,6,51,26,7,3,TF,23.6425,23.643725,23.643725,23.6618,23.490515285714288,21.78948285714285,21.916039066666663,23.664252,22.53388
2025-07-21,45.929799,0,52,25,7,3,GC,47.489994,46.18257,46.39417,69.0014469,52.66199160714285,55.502764425,52.281564931666665,71.53890799999999,40.74582335
2025-07-21,0.0,0,52,25,7,3,TF,22.479975,23.6425,23.643725,22.53388,23.321683142857147,21.7991185,21.876563166666664,23.664252,22.479975
2025-07-22,47.370211,1,53,24,7,3,GC,45.929799,47.489994,46.18257,40.74582335,49.36604190714286,53.752923710714285,52.272924565,71.53890799999999,40.74582335
2025-07-22,47.28745,1,53,24,7,3,TF,0.0,22.479975,23.6425,23.664252,20.10255742857143,20.108902357142856,21.876563166666664,23.664252,0.0
2025-07-23,24.081666,2,54,23,7,3,GC,47.370211,45.929799,47.489994,71.53890799999999,50.312383,52.11455671071428,52.29227053166666,71.53890799999999,45.929799
2025-07-23,23.643725,2,54,23,7,3,TF,47.28745,0.0,22.479975,23.643725,23.4773,21.796361214285717,22.7078939,47.28745,0.0
2025-07-24,93.548336,3,55,22,7,3,GC,24.081666,47.370211,45.929799,47.281029,43.532777,46.45518244642857,49.430988641666666,47.489994,24.081666
2025-07-24,23.64495,3,55,22,7,3,TF,23.643725,47.28745,0.0,23.643725,23.477300000000003,21.796361214285717,21.918483,47.28745,0.0
2025-07-25,69.647092,4,56,21,7,3,GC,93.548336,24.081666,47.370211,46.39417,50.14239228571428,51.47392223214286,50.96978550833333,93.548336,24.081666
2025-07-25,22.6478,4,56,21,7,3,TF,23.64495,23.643725,47.28745,23.643725,23.477475,23.48528621428571,21.91792133333333,47.28745,0.0
2025-07-26,46.831366,5,57,20,7,3,GC,69.647092,93.548336,24.081666,46.18257,53.46423828571427,53.143275589285714,52.490417075,93.548336,24.081666
2025-07-26,23.643725,5,57,20,7,3,TF,22.6478,23.64495,23.643725,23.6425,23.335200000000004,23.412857642857144,21.884080466666664,47.28745,0.0
2025-07-27,46.885508,6,58,19,7,3,GC,46.831366,69.647092,93.548336,47.489994,53.55692342857143,53.18354644642857,51.94322746833333,93.548336,24.081666
2025-07-27,23.275,6,58,19,7,3,TF,23.643725,22.6478,23.64495,22.479975,23.335375,23.412945142857144,22.67220463333333,47.28745,0.0
2025-07-28,103.4131287,0,59,18,7,3,GC,46.885508,46.831366,69.647092,45.929799,53.470568285714286,53.06627994642857,51.424606005,93.548336,24.081666
2025-07-28,23.6425,0,59,18,7,3,TF,23.275,23.643725,22.6478,0.0,23.44895,23.38531657142857,22.659270433333333,47.28745,0.0
2025-07-29,93.656855,1,60,17,7,3,GC,103.4131287,46.885508,46.831366,47.370211,61.68247252857143,55.52425721785715,53.32074759499999,103.4131287,24.081666
2025-07-29,23.64495,1,60,17,7,3,TF,23.6425,23.275,23.643725,47.28745,26.82645,23.464503714285712,22.65858623333333,47.28745,22.6478
2025-07-30,69.973049,2,61,16,7,3,GC,93.656855,103.4131287,46.885508,24.081666,68.29485024285715,59.30361662142857,54.865888395,103.4131287,24.081666
2025-07-30,23.6425,2,61,16,7,3,TF,23.64495,23.6425,23.275,23.643725,23.44895,23.463125,22.6579837,23.64495,22.6478
2025-07-31,58.5228447,3,62,15,7,3,GC,69.973049,93.656855,103.4131287,93.548336,74.8507621,59.19176955,54.28528408833333,103.4131287,46.831366
2025-07-31,23.643725,3,62,15,7,3,TF,23.6425,23.64495,23.6425,23.64495,23.448775,23.463037499999995,22.6572995,23.64495,22.6478
2025-08-01,46.552449,4,63,14,8,3,GC,58.5228447,69.973049,93.656855,69.647092,69.84712048571429,59.99475638571429,53.898072145,103.4131287,46.831366
2025-08-01,22.587775,4,63,14,8,3,TF,23.643725,23.6425,23.64495,22.6478,23.4486,23.4630375,22.6966646,23.64495,22.6478
2025-08-02,46.276806,5,64,13,8,3,GC,46.552449,58.5228447,69.973049,46.831366,66.54788577142857,60.00606202857143,55.449820445,103.4131287,46.552449
2025-08-02,23.27745,5,64,13,8,3,TF,22.587775,23.643725,23.6425,23.643725,23.440025,23.3876125,22.660822900000003,23.64495,22.587775
2025-08-03,46.775674,6,65,12,8,3,GC,46.276806,46.552449,58.5228447,46.885508,66.46866291428572,60.01279317142858,55.44482167833334,103.4131287,46.276806
2025-08-03,23.714775,6,65,12,8,3,TF,23.27745,22.587775,23.643725,23.275,23.3877,23.3615375,22.64801123333333,23.64495,22.587775
2025-08-04,105.9353993,0,66,11,8,3,GC,46.775674,46.276806,46.552449,103.4131287,66.45297234285714,59.96177031428572,56.231833345000005,103.4131287,46.276806
2025-08-04,23.643725,0,66,11,8,3,TF,23.714775,23.27745,22.587775,23.6425,23.450525,23.4497375,22.649777066666665,23.714775,22.587775
2025-08-05,69.63621,1,67,10,8,3,GC,105.9353993,46.775674,46.276806,93.656855,66.81329671428571,64.24788462142858,58.992482255000006,105.9353993,46.276806
2025-08-05,23.6618,1,67,10,8,3,TF,23.643725,23.714775,23.27745,23.64495,23.4507,25.138575,22.64909283333333,23.714775,22.587775
2025-08-06,82.72570379999999,2,68,9,8,3,GC,69.63621,105.9353993,46.775674,69.973049,63.381776,65.83831312142857,59.73583652166667,105.9353993,46.276806
2025-08-06,23.663026,2,68,9,8,3,TF,23.6618,23.643725,23.714775,23.6425,23.453107142857142,23.451028571428573,22.69298363333333,23.714775,22.587775
2025-08-07,69.558048,3,69,8,8,3,GC,82.72570379999999,69.63621,105.9353993,58.5228447,65.20358382857144,70.02717296428571,60.14577434833333,105.9353993,46.276806
2025-08-07,23.663026,3,69,8,8,3,TF,23.663026,23.6618,23.643725,23.643725,23.456039428571422,23.45240721428572,22.69298363333333,23.714775,22.587775
2025-08-08,46.068148,4,70,7,8,3,GC,69.558048,82.72570379999999,69.63621,46.552449,66.78004144285714,68.3135809642857,60.12079764833334,105.9353993,46.276806
2025-08-08,23.616438,4,70,7,8,3,TF,23.663026,23.663026,23.6618,22.587775,23.458796714285715,23.45369835714285,22.69298363333333,23.714775,22.587775
2025-08-09,46.550146,5,71,6,8,3,GC,46.068148,69.558048,82.72570379999999,46.276806,66.71085558571428,66.62937067857143,58.21263905833334,105.9353993,46.068148
2025-08-09,0.0,5,71,6,8,3,TF,23.616438,23.663026,23.663026,23.27745,23.60574857142857,23.522886785714284,22.692074066666667,23.714775,23.27745
2025-08-10,46.313633,6,72,5,8,3,GC,46.550146,46.068148,69.558048,46.775674,66.74990415714285,66.60928353571428,58.98811129166666,105.9353993,46.068148
2025-08-10,23.643725,6,72,5,8,3,TF,0.0,23.616438,23.663026,23.714775,20.28039857142857,21.834049285714286,22.692074066666667,23.714775,0.0
2025-08-11,59.1408023,0,73,4,8,3,GC,46.313633,46.550146,46.068148,105.9353993,66.6838983,66.56843532142857,58.98936089166667,105.9353993,46.068148
2025-08-11,23.6425,0,73,4,8,3,TF,23.643725,0.0,23.616438,23.643725,20.27024857142857,21.860386785714287,22.691471566666667,23.663026,0.0
2025-08-12,46.172212,1,74,3,8,3,GC,59.1408023,46.313633,46.550146,69.63621,59.99895587142857,63.40612629285714,59.418468501666666,82.72570379999999,46.068148
2025-08-12,47.3236,1,74,3,8,3,TF,23.6425,23.643725,0.0,23.6618,20.27007357142857,21.860386785714287,22.691471566666667,23.663026,0.0
2025-08-13,69.686296,2,75,2,8,3,GC,46.172212,59.1408023,46.313633,82.72570379999999,56.64695615714286,60.01436607857143,59.339967601666665,82.72570379999999,46.068148
2025-08-13,23.501194,2,75,2,8,3,TF,47.3236,23.6425,23.643725,23.663026,23.65033071428571,23.55171892857143,23.480198233333333,47.3236,0.0
2025-08-14,46.394924,3,76,1,8,3,GC,69.686296,46.172212,59.1408023,69.558048,54.78418361428571,59.99388372142857,59.362795905,69.686296,46.068148
2025-08-14,0.0,3,76,1,8,3,TF,23.501194,47.3236,23.6425,23.663026,23.627211857142857,23.541625642857145,23.512442033333336,47.3236,0.0
2025-08-15,46.426959,4,0,0,8,3,GC,46.394924,69.686296,46.172212,46.068148,51.47516589999999,59.127603671428574,59.55109926,69.686296,46.068148
2025-08-15,23.663026,4,0,0,8,3,TF,0.0,23.501194,47.3236,23.616438,20.24677957142857,21.852788142857143,22.723633633333336,47.3236,0.0
2025-08-16,69.289019,5,1,57,8,3,GC,46.426959,46.394924,69.686296,46.550146,51.52642461428571,59.11864009999999,58.71403429333333,69.686296,46.172212
2025-08-16,23.664252,5,1,57,8,3,TF,23.663026,0.0,23.501194,0.0,20.253435,21.929591785714283,22.724277,47.3236,0.0
2025-08-17,46.301402,6,2,56,8,3,GC,69.289019,46.426959,46.394924,46.313633,54.77483504285714,60.7623696,59.44763396,69.686296,46.172212
2025-08-17,22.310748,6,2,56,8,3,TF,23.664252,23.663026,0.0,23.643725,23.63404242857143,21.9572205,22.72496123333333,47.3236,0.0
2025-08-18,128.6809757,0,3,55,8,3,GC,46.301402,69.289019,46.426959,59.1408023,54.77308775714285,60.72849302857143,59.444541693333335,69.686296,46.172212
2025-08-18,23.663026,0,3,55,8,3,TF,22.310748,23.664252,23.663026,23.6425,23.443617142857143,21.85693285714286,22.680528666666664,47.3236,0.0
2025-08-19,46.199166000000005,1,4,54,8,3,GC,128.6809757,46.301402,69.289019,46.172212,64.70739824285714,62.35317705714287,62.19448855,128.6809757,46.172212
2025-08-19,0.0,1,4,54,8,3,TF,23.663026,22.310748,23.664252,47.3236,23.446549428571423,21.858311500000003,22.681212866666662,47.3236,0.0
2025-08-20,93.2380835,2,5,53,8,3,GC,46.199166000000005,128.6809757,46.301402,69.686296,64.71124881428571,60.67910248571428,62.15146095,128.6809757,46.199166000000005
2025-08-20,23.6425,2,5,53,8,3,TF,0.0,23.663026,22.310748,23.501194,16.686035142857143,20.16818292857143,21.931880366666668,23.664252,0.0
2025-08-21,69.559547,3,6,52,8,3,GC,93.2380835,46.199166000000005,128.6809757,46.394924,68.07578988571427,61.42998675,63.728403766666666,128.6809757,46.199166000000005
2025-08-21,0.0,3,6,52,8,3,TF,23.6425,0.0,23.663026,0.0,16.706221714285714,20.16671678571428,22.7199637,23.664252,0.0
2025-08-22,93.0747354,4,7,51,8,3,GC,69.559547,93.2380835,46.199166000000005,46.426959,71.38502174285715,61.43009382142857,64.4680483,128.6809757,46.199166000000005
2025-08-22,23.643725,4,7,51,8,3,TF,0.0,23.6425,0.0,23.663026,16.706221714285714,18.476500642857143,21.143715366666665,23.664252,0.0
2025-08-23,46.062371,5,8,50,8,3,GC,93.0747354,69.559547,93.2380835,69.289019,78.04898979999999,64.78770720714286,66.76781728,128.6809757,46.199166000000005
2025-08-23,0.0,5,8,50,8,3,TF,23.643725,0.0,23.6425,23.664252,16.70346442857143,18.47844971428572,21.143715366666665,23.664252,0.0
2025-08-24,46.556533,6,9,49,8,3,GC,46.062371,93.0747354,69.559547,46.301402,74.73089722857142,64.75286613571429,65.18495177999999,128.6809757,46.062371
2025-08-24,22.379525,6,9,49,8,3,TF,0.0,23.643725,0.0,22.310748,13.322857,18.47844971428572,20.355550366666662,23.663026,0.0
2025-08-25,93.1703161,0,10,48,8,3,GC,46.556533,46.062371,93.0747354,128.6809757,74.76734451428571,64.77021613571428,64.41526648,128.6809757,46.062371
2025-08-25,23.643725,0,10,48,8,3,TF,22.379525,0.0,23.643725,23.663026,13.332682285714286,18.388149714285717,20.346607866666663,23.663026,0.0
2025-08-26,69.209422,1,11,47,8,3,GC,93.1703161,46.556533,46.062371,46.199166000000005,69.69439314285714,67.20089569285715,65.95989815,93.2380835,46.062371
2025-08-26,23.663026,1,11,47,8,3,TF,23.643725,22.379525,0.0,0.0,13.329925,18.388237214285716,20.346607866666663,23.643725,0.0
2025-08-27,82.3486448,2,12,46,8,3,GC,69.209422,93.1703161,46.556533,93.2380835,72.98157257142857,68.84641069285713,66.70402861666666,93.2380835,46.062371
2025-08-27,23.663026,2,12,46,8,3,TF,23.663026,23.643725,22.379525,23.6425,16.710357285714284,16.698196214285712,20.35954206666667,23.663026,0.0
2025-08-28,69.503775,3,13,45,8,3,GC,82.3486448,69.209422,93.1703161,69.559547,71.42593847142857,69.75086417857143,66.00187915333332,93.1703161,46.062371
2025-08-28,23.663026,3,13,45,8,3,TF,23.663026,23.663026,23.643725,0.0,16.71328957142857,16.709755642857143,20.360226266666665,23.663026,0.0
2025-08-29,69.423948,4,14,44,8,3,GC,69.503775,82.3486448,69.209422,93.0747354,71.41797104285713,71.40149639285714,65.19677648666666,93.1703161,46.062371
2025-08-29,23.6618,4,14,44,8,3,TF,23.663026,23.663026,23.663026,23.643725,20.093721857142857,18.399971785714285,20.3608288,23.663026,0.0
2025-08-30,46.458433,5,15,43,8,3,GC,69.423948,69.503775,82.3486448,46.062371,68.03928712857142,73.04413846428572,65.17847311999999,93.1703161,46.062371
2025-08-30,23.663026,5,15,43,8,3,TF,23.6618,23.663026,23.663026,0.0,20.096304,18.39988421428572,20.361472133333333,23.663026,0.0
2025-08-31,46.297285,6,16,42,8,3,GC,46.458433,69.423948,69.503775,46.556533,68.0958674142857,71.41338232142857,64.77632606333333,93.1703161,46.458433
2025-08-31,29.560475,6,16,42,8,3,TF,23.663026,23.6618,23.663026,22.379525,23.476736285714285,18.399796642857144,20.3621155,23.663026,22.379525
2025-09-01,69.423281,0,17,41,9,3,GC,46.297285,46.458433,69.423948,93.1703161,68.05883198571428,71.41308825,64.76782059666667,93.1703161,46.297285
2025-09-01,23.64495,0,17,41,9,3,TF,29.560475,23.663026,23.6618,23.643725,24.502586285714283,18.91763428571429,20.59453883333333,29.560475,23.643725
2025-09-02,93.1620309,1,18,40,9,3,GC,69.423281,46.297285,46.458433,69.209422,64.6663984,67.18039577142856,65.53936976333333,82.3486448,46.297285
2025-09-02,22.2068,1,18,40,9,3,TF,23.64495,29.560475,23.663026,23.663026,24.50276128571428,18.91634314285714,20.60678883333333,29.560475,23.64495
2025-09-03,46.245945000000006,2,19,39,9,3,GC,93.1620309,69.423281,46.297285,82.3486448,68.08819967142857,70.53488612142857,67.08558165999999,93.1620309,46.297285
2025-09-03,49.523044,2,19,39,9,3,TF,22.2068,23.64495,29.560475,23.663026,24.294729,20.502543142857142,20.556523,29.560475,22.2068
2025-09-04,69.412265,3,20,38,9,3,GC,46.245945000000006,93.1620309,69.423281,69.503775,62.93067112857143,67.1783048,65.09593318333333,93.1620309,46.245945000000006
2025-09-04,23.663026,3,20,38,9,3,TF,49.523044,22.2068,23.64495,23.663026,27.989017285714286,22.35115342857143,21.41916696666667,49.523044,22.2068
2025-09-05,69.50359399999999,4,21,37,9,3,GC,69.412265,46.245945000000006,93.1620309,69.423948,62.91759827142857,67.16778465714286,65.08846835,93.1620309,46.245945000000006
2025-09-05,23.6618,4,21,37,9,3,TF,23.663026,49.523044,22.2068,23.6618,27.989017285714286,24.04136957142857,21.41920783333333,49.523044,22.2068
2025-09-06,46.481234,5,22,36,9,3,GC,69.50359399999999,69.412265,46.245945000000006,46.458433,62.92897627142856,65.4841317,64.64773135666667,93.1620309,46.245945000000006
2025-09-06,23.663026,5,22,36,9,3,TF,23.6618,23.663026,49.523044,23.663026,27.989017285714286,24.04266064285714,21.419166966666666,49.523044,22.2068
2025-09-07,23.27191,6,23,35,9,3,GC,46.481234,69.50359399999999,69.412265,46.297285,62.93223355714285,65.5140504857143,63.87850422333334,93.1620309,46.245945000000006
2025-09-07,23.6618,6,23,35,9,3,TF,23.663026,23.6618,23.663026,29.560475,27.989017285714286,25.73287678571429,21.41916696666667,49.523044,22.2068
2025-09-08,93.0988813,0,24,34,9,3,GC,23.27191,46.481234,69.50359399999999,69.423281,59.64289427142857,63.85086312857143,63.11862962333333,93.1620309,23.27191
2025-09-08,23.663026,0,24,34,9,3,TF,23.6618,23.663026,23.6618,23.64495,27.14634942857143,25.824467857142857,21.42067903333333,49.523044,22.2068
2025-09-09,92.910826,1,25,33,9,3,GC,93.0988813,23.27191,46.481234,93.1620309,63.02512288571428,63.84576064285714,64.67025413333334,93.1620309,23.27191
2025-09-09,33.743198,1,25,33,9,3,TF,23.663026,23.6618,23.663026,22.2068,27.14893171428572,25.8258465,22.209446566666667,49.523044,22.2068
2025-09-10,69.9854585,2,26,32,9,3,GC,92.910826,93.0988813,23.27191,46.245945000000006,62.98923647142856,65.53871807142858,66.2234939,93.0988813,23.27191
2025-09-10,23.663026,2,26,32,9,3,TF,33.743198,23.663026,23.6618,49.523044,28.796988571428567,26.545858785714284,22.546095666666663,49.523044,23.6618
2025-09-11,52.814783000000006,3,27,31,9,3,GC,69.9854585,92.910826,93.0988813,69.412265,66.38059554285714,64.65563333571428,66.58498244,93.0988813,23.27191
2025-09-11,0.0,3,27,31,9,3,TF,23.663026,33.743198,23.663026,23.663026,25.102700285714285,26.545858785714284,22.546779866666665,33.743198,23.6618
2025-09-12,50.963601,4,28,30,9,3,GC,52.814783000000006,69.9854585,92.910826,69.50359399999999,64.00952668571428,63.46356247857143,66.80640147333334,93.0988813,23.27191
2025-09-12,23.643725,4,28,30,9,3,TF,0.0,23.663026,33.743198,23.6618,21.722268,24.85564264285714,20.969326533333334,33.743198,0.0
2025-09-13,46.26769,5,29,29,9,3,GC,50.963601,52.814783000000006,69.9854585,46.481234,61.360956257142846,62.14496626428571,66.18231164,93.0988813,23.27191
2025-09-13,23.643725,5,29,29,9,3,TF,23.643725,0.0,23.663026,23.663026,21.719685857142856,24.85435157142857,20.974077566666665,33.743198,0.0
2025-09-14,46.277269,6,30,28,9,3,GC,46.26769,50.963601,52.814783000000006,23.27191,61.33044997142856,62.13134176428572,66.17807050666667,93.0988813,23.27191
2025-09-14,23.643725,6,30,28,9,3,TF,23.643725,23.643725,0.0,23.6618,21.71692857142857,24.85297292857143,21.76220173333333,33.743198,0.0
2025-09-15,11.2267596,0,31,27,9,3,GC,46.277269,46.26769,50.963601,93.0988813,64.61692982857143,62.12991205,66.17308084,93.0988813,46.26769
2025-09-15,222.117,0,31,27,9,3,TF,23.643725,23.643725,23.643725,23.663026,21.714346428571428,24.43034792857143,21.76155836666667,33.743198,0.0
2025-09-16,82.119387,1,32,26,9,3,GC,11.2267596,46.277269,46.26769,92.910826,52.92091244285713,57.97301766428571,64.23767219333334,92.910826,11.2267596
2025-09-16,23.643725,1,32,26,9,3,TF,222.117,23.643725,23.643725,33.743198,50.06491414285714,38.60692292857142,28.376649966666665,222.117,0.0
2025-09-17,70.0363318,2,33,25,9,3,GC,82.119387,11.2267596,46.277269,69.9854585,51.3792783,57.18425738571428,65.43160502666666,82.119387,11.2267596
2025-09-17,23.643725,2,33,25,9,3,TF,23.643725,222.117,23.643725,23.663026,48.62213228571428,38.70956042857142,28.421082533333333,222.117,0.0
2025-09-18,46.161203,3,34,24,9,3,GC,70.0363318,82.119387,11.2267596,52.814783000000006,51.38654591428571,58.88357072857144,63.476783563333335,82.119387,11.2267596
2025-09-18,23.643725,3,34,24,9,3,TF,23.643725,23.643725,222.117,0.0,48.61937499999999,36.86103764285714,28.420439166666668,222.117,0.0
2025-09-19,82.1385977,4,35,23,9,3,GC,46.161203,70.0363318,82.119387,50.963601,50.43603448571428,57.22278058571429,63.47551813,82.119387,11.2267596
2025-09-19,23.663026,4,35,23,9,3,TF,23.643725,23.643725,23.643725,23.643725,51.99705,36.859659,29.208563333333338,222.117,23.643725
2025-09-20,46.424111,5,36,22,9,3,GC,82.1385977,46.161203,70.0363318,46.26769,54.88960544285714,58.12528085,63.10553527,82.1385977,11.2267596
2025-09-20,0.0,5,36,22,9,3,TF,23.663026,23.643725,23.643725,23.643725,51.99980728571428,36.85974657142857,29.209247533333333,222.117,23.643725
2025-09-21,69.321111,6,37,21,9,3,GC,46.424111,82.1385977,46.161203,46.277269,54.91195129999999,58.12120063571428,62.33435407,82.1385977,11.2267596
2025-09-21,23.663026,6,37,21,9,3,TF,0.0,23.663026,23.643725,23.643725,48.62213228571428,35.16953042857143,29.209247533333333,222.117,0.0
2025-09-22,93.3606443,0,38,20,9,3,GC,69.321111,46.424111,82.1385977,11.2267596,58.20392872857143,61.41042927857143,61.54256659,82.1385977,11.2267596
2025-09-22,45.90075,0,38,20,9,3,TF,23.663026,0.0,23.663026,222.117,48.62488957142857,35.169618,29.2098909,222.117,0.0
2025-09-23,46.1165,1,39,19,9,3,GC,93.3606443,69.321111,46.424111,82.119387,69.93734082857142,61.42912663571429,63.11917570000001,93.3606443,46.161203
2025-09-23,23.643725,1,39,19,9,3,TF,45.90075,23.663026,0.0,23.643725,23.451139571428573,36.75802685714285,30.7399159,45.90075,0.0
2025-09-24,93.2584285,2,40,18,9,3,GC,46.1165,93.3606443,69.321111,70.0363318,64.79407125714285,58.08667477857143,63.10450793333334,93.3606443,46.1165
2025-09-24,0.0,2,40,18,9,3,TF,23.643725,45.90075,23.663026,23.643725,23.451139571428573,36.03663592857142,30.7820559,45.90075,0.0
2025-09-25,23.161984,3,41,17,9,3,GC,93.2584285,46.1165,93.3606443,46.161203,68.11151364285715,59.74902977857143,63.10744501333333,93.3606443,46.1165
2025-09-25,23.624424,3,41,17,9,3,TF,0.0,23.643725,45.90075,23.643725,20.07346457142857,34.34641978571428,29.993931733333334,45.90075,0.0
2025-09-26,46.39377,4,42,16,9,3,GC,23.161984,93.2584285,46.1165,82.1385977,64.82591092857142,57.63097270714286,61.57253041333333,93.3606443,23.161984
2025-09-26,23.663026,4,42,16,9,3,TF,23.624424,0.0,23.643725,23.663026,20.07070728571429,36.03387864285714,29.992645,45.90075,0.0
2025-09-27,46.161861,5,43,15,9,3,GC,46.39377,23.161984,93.2584285,46.424111,59.719506971428565,57.30455620714286,60.37403458666667,93.3606443,23.161984
2025-09-27,23.663026,5,43,15,9,3,TF,23.663026,23.624424,0.0,0.0,20.07070728571429,36.03525728571429,29.992645,45.90075,0.0
2025-09-28,46.152623,6,44,14,9,3,GC,46.161861,46.39377,23.161984,69.321111,59.68204268571428,57.296996992857146,59.59597078666666,93.3606443,23.161984
2025-09-28,0.0,6,44,14,9,3,TF,23.663026,23.663026,23.624424,23.663026,23.451139571428573,36.03663592857143,29.992645,45.90075,0.0
2025-09-29,70.240905,0,45,13,9,3,GC,46.152623,46.161861,46.39377,93.3606443,56.37225868571427,57.28809370714286,58.82025995333333,93.3606443,23.161984
2025-09-29,23.643725,0,45,13,9,3,TF,0.0,23.663026,23.663026,45.90075,20.07070728571429,34.34779842857143,29.20391833333333,45.90075,0.0
2025-09-30,46.321153,1,46,12,9,3,GC,70.240905,46.152623,46.161861,46.1165,53.06943878571428,61.50338980714286,59.61300902000001,93.2584285,23.161984
2025-09-30,23.624424,1,46,12,9,3,TF,23.643725,0.0,23.663026,23.643725,16.891132285714285,20.171135928571427,29.203274966666665,23.663026,0.0
2025-10-01,93.3348125,2,47,11,10,4,GC,46.321153,70.240905,46.152623,93.2584285,53.09867492857142,58.94637309285714,59.61380462,93.2584285,23.161984
2025-10-01,23.643725,2,47,11,10,4,TF,23.624424,23.643725,0.0,0.0,16.888375,20.169757285714287,29.0054066,23.663026,0.0
2025-10-02,23.075473,3,48,10,10,4,GC,93.3348125,46.321153,70.240905,23.161984,53.109586928571424,60.61055028571428,60.41085567,93.3348125,23.161984
2025-10-02,23.663026,3,48,10,10,4,TF,23.643725,23.624424,23.643725,23.624424,20.26605,20.16975728571429,29.005365766666667,23.663026,0.0
2025-10-03,46.562888,4,49,9,10,4,GC,23.075473,93.3348125,46.321153,46.39377,53.097228214285714,58.96156957142857,58.074637073333335,93.3348125,23.075473
2025-10-03,23.643725,4,49,9,10,4,TF,23.663026,23.643725,23.624424,23.663026,20.27156457142857,20.171135928571427,29.05390663333333,23.663026,0.0
2025-10-04,46.155107,5,50,8,10,4,GC,46.562888,23.075473,93.3348125,46.161861,53.12138792857142,56.42044745,58.08520184,93.3348125,23.075473
2025-10-04,23.643725,5,50,8,10,4,TF,23.643725,23.663026,23.643725,23.663026,20.268807285714285,20.169757285714287,28.191262666666667,23.663026,0.0
2025-10-05,46.24114,6,51,7,10,4,GC,46.155107,46.562888,23.075473,46.152623,53.12042307142856,56.40123287857143,57.30996324,93.3348125,23.075473
2025-10-05,22.406475,6,51,7,10,4,TF,23.643725,23.643725,23.663026,0.0,20.26605,21.858594785714285,28.1906193,23.663026,0.0
2025-10-06,46.6880413,0,52,6,10,4,GC,46.24114,46.155107,46.562888,70.240905,53.13306835714285,54.75266352142857,56.53454810666667,93.3348125,23.075473
2025-10-06,23.643725,0,52,6,10,4,TF,22.406475,23.643725,23.643725,23.643725,23.466975,21.768841142857145,28.14877513333333,23.663026,22.406475
2025-10-07,91.9563964,1,53,5,10,4,GC,46.6880413,46.24114,46.155107,46.321153,49.76837354285714,51.41890616428572,56.54144168333333,93.3348125,23.075473
2025-10-07,23.663026,1,53,5,10,4,TF,23.643725,22.406475,23.643725,23.624424,23.466975,20.179053642857145,28.148131766666665,23.663026,22.406475
2025-10-08,46.245597,2,54,4,10,4,GC,91.9563964,46.6880413,46.24114,93.3348125,56.28769402857142,54.69318447857143,58.83092456333334,93.3348125,23.075473
2025-10-08,23.643725,2,54,4,10,4,TF,23.663026,23.643725,22.406475,23.643725,23.47248957142857,20.18043228571429,28.14817263333333,23.663026,22.406475
2025-10-09,35.539216,3,55,3,10,4,GC,46.245597,91.9563964,46.6880413,23.075473,49.56066324285714,51.33512508571429,57.26914842,91.9563964,23.075473
2025-10-09,47.285,3,55,3,10,4,TF,23.643725,23.663026,23.643725,23.663026,23.47248957142857,21.869269785714287,28.147529266666663,23.663026,22.406475
2025-10-10,59.3979418,4,56,2,10,4,GC,35.539216,46.245597,91.9563964,46.562888,51.34119795714285,52.21921308571429,55.356761420000005,91.9563964,35.539216
2025-10-10,0.0,4,56,2,10,4,TF,47.285,23.643725,23.663026,23.643725,26.84705728571429,23.559310928571428,28.598922666666667,47.285,22.406475
2025-10-11,69.685245,5,57,1,10,4,GC,59.3979418,35.539216,46.245597,46.155107,53.17477707142856,53.1480825,55.00384419666667,91.9563964,35.539216
2025-10-11,23.664252,5,57,1,10,4,TF,0.0,47.285,23.643725,23.643725,23.46938228571429,21.869094785714285,27.810155133333332,47.285,0.0
2025-10-12,69.807578,6,0,0,10,4,GC,69.685245,59.3979418,35.539216,46.24114,56.53622535714285,54.82832421428572,55.56619293000001,91.9563964,35.539216
2025-10-12,23.643725,6,0,0,10,4,TF,23.664252,0.0,47.285,22.406475,23.47231471428572,21.86918235714285,28.598963533333336,47.285,0.0
2025-10-13,46.184561,0,1,19,10,4,GC,69.807578,69.685245,59.3979418,46.6880413,59.90285935714285,56.51796385714285,56.19432549666667,91.9563964,35.539216
2025-10-13,23.64495,0,1,19,10,4,TF,23.643725,23.664252,0.0,23.643725,23.649064714285718,23.558019857142856,28.598963533333333,47.285,0.0
2025-10-14,92.3234754,1,2,18,10,4,GC,46.184561,69.807578,69.685245,91.9563964,59.83093359999999,54.79965357142857,56.19155453,91.9563964,35.539216
2025-10-14,23.64495,1,2,18,10,4,TF,23.64495,23.643725,23.664252,23.663026,23.64923971428571,23.55810735714286,28.59900436666667,47.285,0.0
2025-10-15,69.322686,2,3,17,10,4,GC,92.3234754,46.184561,69.807578,46.245597,59.88337345714285,58.085533742857145,57.72642807666667,92.3234754,35.539216
2025-10-15,23.64495,2,3,17,10,4,TF,23.64495,23.64495,23.643725,23.643725,23.646657428571427,23.5595735,28.5990452,47.285,0.0
2025-10-16,105.516164,3,4,16,10,4,GC,69.322686,92.3234754,46.184561,35.539216,63.18010045714285,56.37038185,59.66295895666667,92.3234754,35.539216
2025-10-16,23.64495,3,4,16,10,4,TF,23.64495,23.64495,23.64495,47.285,23.64683242857143,23.559661,21.9833102,47.285,0.0
2025-10-17,46.457719,4,5,15,10,4,GC,105.516164,69.322686,92.3234754,59.3979418,73.17680731428571,62.25900263571429,60.44285152333333,105.516164,46.184561
2025-10-18,46.350624,5,6,14,10,4,GC,46.457719,105.516164,69.322686,69.685245,71.32820405714286,62.25149056428571,59.656897763333326,105.516164,46.184561
2025-10-19,46.491182,6,7,13,10,4,GC,46.350624,46.457719,105.516164,69.807578,67.99468677142856,62.26545606428572,59.66321179666667,105.516164,46.184561
2025-10-20,69.581391,0,8,12,10,4,GC,46.491182,46.350624,46.457719,46.184561,64.66377305714285,62.28331620714285,58.47496460666667,105.516164,46.184561
2025-10-21,68.971924,1,9,11,10,4,GC,69.581391,46.491182,46.350624,92.3234754,68.00617734285713,63.918555471428576,59.24687394,105.516164,46.350624
2025-10-22,69.316169,2,10,10,10,4,GC,68.971924,69.581391,46.491182,69.322686,64.67024142857142,62.27680744285714,59.23523437333333,105.516164,46.350624
2025-10-23,69.998839,3,11,9,10,4,GC,69.316169,68.971924,69.581391,105.516164,64.66931042857142,63.924705442857146,58.433751863333335,105.516164,46.350624
2025-10-24,46.323607,4,12,8,10,4,GC,69.998839,69.316169,68.971924,46.457719,59.59540685714285,66.38610708571429,59.22982983,69.998839,46.350624
2025-10-25,46.373672,5,13,7,10,4,GC,46.323607,69.998839,69.316169,46.350624,59.57624799999999,65.45222602857143,57.66533578,69.998839,46.323607
2025-10-26,46.25244,6,14,6,10,4,GC,46.373672,46.323607,69.998839,46.491182,59.57954057142856,63.78711367142857,58.43905871333333,69.998839,46.323607
2025-10-27,46.447297000000006,0,15,5,10,4,GC,46.25244,46.373672,46.323607,69.581391,59.545434571428565,62.10460381428572,58.43434771333333,69.998839,46.25244
2025-10-28,68.684058,1,16,4,10,4,GC,46.447297000000006,46.25244,46.373672,68.971924,56.240564,62.123370671428574,58.44386224666667,69.998839,46.25244
2025-10-29,46.331244,2,17,3,10,4,GC,68.684058,46.447297000000006,46.25244,69.316169,56.19944028571428,60.43484085714285,59.19491008,69.998839,46.25244
2025-10-30,92.843652,3,18,2,10,4,GC,46.331244,68.684058,46.447297000000006,69.998839,52.91587957142856,58.792595000000006,58.39792137999999,69.998839,46.25244
2025-10-31,59.1824865,4,19,1,10,4,GC,92.843652,46.331244,68.684058,46.323607,56.17942428571428,57.88741557142857,59.94867134666666,92.843652,46.25244
2025-11-01,46.088908,5,0,0,11,4,GC,59.1824865,92.843652,46.331244,46.373672,58.01640707142856,58.79632753571429,58.81026048,92.843652,46.25244
2025-11-02,47.286875,6,1,34,11,4,GC,46.088908,59.1824865,92.843652,46.25244,57.97572649999999,58.77763353571429,59.57737498,92.843652,46.088908
2025-11-03,46.276963,0,2,33,11,4,GC,47.286875,46.088908,59.1824865,46.447297000000006,58.12350292857143,58.83446875,59.60150788,92.843652,46.088908
2025-11-04,40.712446,1,3,32,11,4,GC,46.276963,47.286875,46.088908,68.684058,58.09916949999998,57.16986675,59.60556974666667,92.843652,46.088908
2025-11-05,87.446876,2,4,31,11,4,GC,40.712446,46.276963,47.286875,46.331244,54.10322492857142,55.15133260714286,59.421279946666665,92.843652,40.712446
2025-11-06,46.159476,3,5,30,11,4,GC,87.446876,40.712446,46.276963,92.843652,59.97688664285714,56.44638310714286,60.77990777,92.843652,40.712446
2025-11-07,46.301365,4,6,29,11,4,GC,46.159476,87.446876,40.712446,59.1824865,53.30771864285713,54.74357146428572,59.253343756666666,87.446876,40.712446
2025-11-08,46.404069,5,7,28,11,4,GC,46.301365,46.159476,87.446876,46.088908,51.46755842857142,54.74198274999999,59.25520269,87.446876,40.712446
2025-11-09,46.265632,6,8,27,11,4,GC,46.404069,46.301365,46.159476,47.286875,51.51258142857142,54.74415396428572,59.61736445666666,87.446876,40.712446
2025-11-10,93.12567,0,9,26,11,4,GC,46.265632,46.404069,46.301365,46.276963,51.36668957142856,54.74509625,59.17962079666667,87.446876,40.712446
2025-11-11,45.69358,1,10,25,11,4,GC,93.12567,46.265632,46.404069,40.712446,58.059362,58.07926575,59.96096829666666,93.12567,40.712446
2025-11-12,93.133055,2,11,24,11,4,GC,45.69358,93.12567,46.265632,87.446876,58.770952571428566,56.43708875,59.15716836333333,93.12567,45.69358
2025-11-13,23.261375,3,12,23,11,4,GC,93.133055,45.69358,93.12567,46.159476,59.58326385714285,59.78007525,60.72211816333333,93.133055,45.69358
2025-11-14,69.8533238,4,13,22,11,4,GC,23.261375,93.133055,45.69358,46.301365,56.312106571428565,54.809912607142856,58.42004815,93.133055,23.261375
2025-11-15,46.089463,5,14,21,11,4,GC,69.8533238,23.261375,93.133055,46.404069,59.6766721142857,55.572115271428565,58.43773607666667,93.133055,23.261375
2025-11-16,46.302031,6,15,20,11,4,GC,46.089463,69.8533238,23.261375,46.265632,59.63172839999999,55.57215491428571,56.456846043333336,93.133055,23.261375
2025-11-17,93.0883906,0,16,19,11,4,GC,46.302031,46.089463,69.8533238,93.12567,59.63692825714285,55.50180891428572,56.45165644333334,93.133055,23.261375
2025-11-18,69.451455,1,17,18,11,4,GC,93.0883906,46.302031,46.089463,45.69358,59.63160262857142,58.84548231428572,58.00958199666666,93.133055,23.261375
2025-11-19,69.485067,2,18,17,11,4,GC,69.451455,93.0883906,46.302031,93.133055,63.02558477142856,60.89826867142857,58.77492442999999,93.133055,23.261375
2025-11-20,23.00195,3,19,16,11,4,GC,69.485067,69.451455,93.0883906,23.261375,59.64730077142856,59.615282314285714,58.77171363,93.0883906,23.261375
2025-11-21,46.153109,4,20,15,11,4,GC,23.00195,69.485067,69.451455,69.8533238,59.610240057142846,57.96117331428571,57.23938116333333,93.0883906,23.00195
2025-11-22,69.457957,5,21,14,11,4,GC,46.153109,23.00195,69.485067,46.089463,56.22449508571428,57.9505836,56.46727916333332,93.0883906,23.00195
2025-11-23,46.068174,6,22,13,11,4,GC,69.457957,46.153109,23.00195,46.302031,59.562851371428565,59.59728988571429,56.44924976333333,93.0883906,23.00195
2025-11-24,92.734187,0,23,12,11,4,GC,46.068174,69.457957,46.153109,93.0883906,59.52944322857142,59.58318574285714,56.44073533,93.0883906,23.00195
2025-11-25,45.7955471,1,24,11,11,4,GC,92.734187,46.068174,69.457957,69.451455,59.478842714285705,59.55522267142857,57.98608583,92.734187,23.00195
2025-11-26,75.52897540000001,2,25,10,11,4,GC,45.7955471,92.734187,46.068174,69.485067,56.09942729999999,59.562506035714286,57.97085606666667,92.734187,23.00195
2025-11-27,69.506,3,26,9,11,4,GC,75.52897540000001,45.7955471,92.734187,23.00195,56.96284278571428,58.305071778571424,58.94024534666666,92.734187,23.00195
2025-11-28,35.575371000000004,4,27,8,11,4,GC,69.506,75.52897540000001,45.7955471,46.153109,63.6062785,61.608259278571424,58.96764341333333,92.734187,45.7955471
2025-11-29,46.330593,5,28,7,11,4,GC,35.575371000000004,69.506,75.52897540000001,69.457957,62.09517307142856,59.15983407857143,58.60911431333333,92.734187,35.575371000000004
2025-11-30,46.017663,6,29,6,11,4,GC,46.330593,35.575371000000004,69.506,46.068174,58.79126392857143,59.17705765,57.05867901333333,92.734187,35.575371000000004
2025-12-01,69.673737,0,30,5,12,4,GC,46.017663,46.330593,35.575371000000004,92.734187,58.784048071428565,59.15674565,56.61985156333333,92.734187,35.575371000000004
2025-12-02,69.509075,1,31,4,12,4,GC,69.673737,46.017663,46.330593,45.7955471,55.48969807142856,57.48427039285715,57.40601253,75.52897540000001,35.575371000000004
2025-12-03,92.564565,2,32,3,12,4,GC,69.509075,69.673737,46.017663,75.52897540000001,58.87734491428571,57.48838610714286,58.14675253,75.52897540000001,35.575371000000004
2025-12-04,68.760231,3,33,2,12,4,GC,92.564565,69.509075,69.673737,69.506,61.311000571428565,59.13692167857143,59.68967259666667,92.564565,35.575371000000004
2025-12-05,46.47516,4,34,1,12,4,GC,68.760231,92.564565,69.509075,35.575371000000004,61.20446214285713,62.40537032142857,60.62459876333333,92.564565,35.575371000000004
2025-12-06,23.250621,5,0,0,12,4,GC,46.47516,68.760231,92.564565,46.330593,62.76157485714285,62.42837396428571,59.25887489666668,92.564565,46.017663
2025-12-07,46.112029,6,1,18,12,4,GC,23.250621,46.47516,68.760231,46.017663,59.46443599999999,59.12784996428571,58.495246396666666,92.564565,23.250621
2025-12-08,46.269586,0,2,17,12,4,GC,46.112029,23.250621,46.47516,69.673737,59.47791685714286,59.13098246428572,58.48893519666667,92.564565,23.250621
2025-12-09,46.36567,1,3,16,12,4,GC,46.269586,46.112029,23.250621,69.509075,56.1344667142857,55.81208239285714,58.484452430000005,92.564565,23.250621
2025-12-10,69.9860951,2,4,15,12,4,GC,46.36567,46.269586,46.112029,92.564565,52.82826599999999,55.85280545714286,58.48778703,92.564565,23.250621
2025-12-11,46.227356,3,5,14,12,4,GC,69.9860951,46.36567,46.269586,68.760231,49.60277029999999,55.45688543571429,57.71646786666667,69.9860951,23.250621
2025-12-12,46.130825,4,6,13,12,4,GC,46.227356,69.9860951,46.36567,46.47516,46.38378815714285,53.794125150000006,57.7342604,69.9860951,23.250621
2025-12-13,46.162065,5,7,12,12,4,GC,46.130825,46.227356,69.9860951,23.250621,46.33459744285714,54.54808615,56.1675194,69.9860951,23.250621
2025-12-14,46.157437,6,8,11,12,4,GC,46.162065,46.130825,46.227356,46.112029,49.60766087142856,54.536048435714285,56.93087573333334,69.9860951,46.112029
2025-12-15,46.294684,0,9,10,12,4,GC,46.157437,46.162065,46.130825,46.269586,49.61414772857142,54.54603229285715,56.14101284,69.9860951,46.130825
2025-12-16,0.0,1,10,9,12,4,GC,46.294684,46.157437,46.162065,46.36567,49.61773315714286,52.87609993571429,56.14785354000001,69.9860951,46.130825
2025-12-17,23.15107,2,11,8,12,4,GC,0.0,46.294684,46.157437,69.9860951,42.99406601428571,47.91116600714286,54.60445250666667,69.9860951,0.0
2025-12-18,23.197312,3,12,7,12,4,GC,23.15107,0.0,46.294684,46.227356,36.30334814285713,42.953059221428575,52.27320848666667,46.294684,0.0
2025-12-19,46.260039,4,13,6,12,4,GC,23.197312,23.15107,0.0,46.130825,33.01334185714285,39.69856500714286,50.73140372,46.294684,0.0
2025-12-20,46.407088,5,14,5,12,4,GC,46.260039,23.197312,23.15107,46.162065,33.031800999999994,39.68319922142857,49.95723612,46.294684,0.0
2025-12-21,46.355434,6,15,4,12,4,GC,46.407088,46.260039,23.197312,46.157437,33.06680428571428,41.33723257857143,50.73740738666666,46.407088,0.0
2025-12-22,46.413769,0,16,3,12,4,GC,46.355434,46.407088,46.260039,46.294684,33.095089571428566,41.35461865,50.74415155333334,46.407088,0.0
2025-12-23,117.9778205,1,17,2,12,4,GC,46.413769,46.355434,46.407088,0.0,33.11210171428571,41.36491743571428,49.97601195333333,46.413769,0.0
2025-12-24,0.0,2,18,1,12,4,GC,117.9778205,46.413769,46.355434,23.15107,49.96607607142857,46.48007104285714,52.37300017,117.9778205,23.15107
2025-12-25,0.0,3,0,0,12,4,GC,0.0,117.9778205,46.413769,23.197312,46.65878035714285,41.48106425,49.281860603333335,117.9778205,0.0
2025-12-26,46.353982,4,1,6,12,4,GC,0.0,0.0,117.9778205,46.260039,43.34487864285713,38.17911025,47.75534236666667,117.9778205,0.0
2025-12-27,46.191317,5,2,5,12,4,GC,46.353982,0.0,0.0,46.407088,43.35829907142857,38.19505003571429,46.78284258666667,117.9778205,0.0
2025-12-28,46.233866,6,3,4,12,4,GC,46.191317,46.353982,0.0,46.355434,43.32747464285713,38.19713946428572,46.00568648666668,117.9778205,0.0
2025-12-29,46.265846,0,4,3,12,4,GC,46.233866,46.191317,46.353982,46.413769,43.31010778571427,38.20259867857143,46.36096965333333,117.9778205,0.0
2025-12-30,23.131805,1,5,2,12,4,GC,46.265846,46.233866,46.191317,117.9778205,43.28897592857142,38.200538821428566,46.35881142,117.9778205,0.0
2025-12-31,0.0,2,6,1,12,4,GC,23.131805,46.265846,46.233866,0.0,29.739545142857136,39.85281060714285,45.59594948666666,46.353982,0.0
2026-01-01,23.075375,3,0,0,1,1,GC,0.0,23.131805,46.265846,0.0,29.739545142857136,38.19916274999999,43.27349158666666,46.353982,0.0
2026-01-02,23.236422,4,1,4,1,1,GC,23.075375,0.0,23.131805,46.353982,33.03602728571428,38.19045296428571,41.725701586666666,46.353982,0.0
2026-01-03,0.0,5,2,3,1,1,GC,23.236422,23.075375,0.0,46.191317,29.733518714285704,36.54590889285715,39.414763486666665,46.265846,0.0
2026-01-04,69.508677,6,3,2,1,1,GC,0.0,23.236422,23.075375,46.233866,23.13475914285713,33.231116892857145,37.122755786666666,46.265846,0.0
2026-01-05,46.214098,0,4,1,1,1,GC,69.508677,0.0,23.236422,46.265846,26.45973214285713,34.884919964285714,37.89053968666666,69.508677,0.0
2026-01-06,23.232627,1,0,0,1,1,GC,46.214098,69.508677,0.0,23.131805,26.452339571428563,34.87065775,38.65598892,69.508677,0.0
2026-01-07,71.5947744,2,1,114,1,1,GC,23.232627,46.214098,69.508677,0.0,26.466742714285708,28.10314392857143,37.89334218666667,69.508677,0.0
2026-01-08,23.21551,3,2,113,1,1,GC,71.5947744,23.232627,46.214098,23.075375,36.69456762857142,33.21705638571429,38.73751513333333,71.5947744,0.0
2026-01-09,46.15302,4,3,112,1,1,GC,23.21551,71.5947744,23.232627,23.236422,36.7145869142857,34.8753071,37.96584313333334,71.5947744,0.0
2026-01-10,46.317898,5,4,111,1,1,GC,46.15302,23.21551,71.5947744,0.0,39.98838662857143,34.86095267142857,37.171407296666665,71.5947744,0.0
2026-01-11,0.0,6,5,110,1,1,GC,46.317898,46.15302,23.21551,69.508677,46.6052292,34.869994171428566,37.17442536333333,71.5947744,23.21551
2026-01-12,91.528325,0,6,109,1,1,GC,0.0,46.317898,46.15302,46.214098,36.67541819999999,31.56757517142857,35.636731196666666,71.5947744,0.0
2026-01-13,46.414328,1,7,108,1,1,GC,91.528325,0.0,46.317898,23.232627,43.1488792,34.80060938571428,37.14893986333333,91.528325,0.0
2026-01-14,46.364965,2,8,107,1,1,GC,46.414328,91.528325,0.0,71.5947744,46.460550771428565,36.46364674285714,37.15750289666667,91.528325,0.0
2026-01-15,36.5822015,3,9,106,1,1,GC,46.364965,46.414328,91.528325,23.21551,42.85629228571428,39.77542995714286,37.15984559666666,91.528325,0.0
2026-01-16,48.064244,4,10,105,1,1,GC,36.5822015,46.364965,46.414328,46.15302,44.76581964285713,40.74020327857143,38.37925231333333,91.528325,0.0
2026-01-17,48.340673,5,11,104,1,1,GC,48.064244,36.5822015,46.364965,46.317898,45.03885164285714,42.513619135714286,39.20969144666667,91.528325,0.0
2026-01-18,48.392596,6,12,103,1,1,GC,48.340673,48.064244,36.5822015,0.0,45.32781949999999,45.96652435,40.04780348,91.528325,0.0
2026-01-19,70.62077,0,13,102,1,1,GC,48.392596,48.340673,48.064244,91.528325,52.24104749999999,44.45823285,40.11888871333333,91.528325,36.5822015
2026-01-20,36.470385,1,14,101,1,1,GC,70.62077,48.392596,48.340673,46.414328,49.254253928571416,46.20156656428571,40.92601144666666,70.62077,36.5822015
2026-01-21,48.268746,2,15,100,1,1,GC,36.470385,70.62077,48.392596,46.364965,47.83369064285713,47.14712070714285,40.59650981333333,70.62077,36.470385
2026-01-22,49.054293,3,16,99,1,1,GC,48.268746,36.470385,70.62077,36.5822015,48.10565935714285,45.480975821428565,40.65834238,70.62077,36.470385
2026-01-23,24.137363,4,17,98,1,1,GC,49.054293,48.268746,36.470385,48.064244,49.8873867142857,47.32660317857143,38.36089146333334,70.62077,36.470385
2026-01-24,72.46087,5,18,97,1,1,GC,24.137363,49.054293,48.268746,48.340673,46.46926085714284,45.754056250000005,39.16547023,70.62077,24.137363
2026-01-25,48.183156,6,19,96,1,1,GC,72.46087,24.137363,49.054293,48.392596,49.91500328571427,47.62141139285715,41.58083256333334,72.46087,24.137363
2026-01-26,48.2805,0,20,95,1,1,GC,48.183156,72.46087,24.137363,70.62077,49.88508328571428,51.06306539285714,41.64180503,72.46087,24.137363
2026-01-27,60.64326199999999,1,21,94,1,1,GC,48.2805,48.183156,72.46087,36.470385,46.69361614285713,47.97393503571429,41.71144446333333,72.46087,24.137363
2026-01-28,48.155908,2,22,93,1,1,GC,60.64326199999999,48.2805,48.183156,48.268746,50.14688428571428,48.990287464285714,42.19175766333333,72.46087,24.137363
2026-01-29,60.536201,3,23,92,1,1,GC,48.155908,60.64326199999999,48.2805,49.054293,50.13076457142856,49.118211964285706,42.25475973,72.46087,24.137363
2026-01-30,48.254604,4,24,91,1,1,GC,60.536201,48.155908,60.64326199999999,24.137363,51.77103714285714,50.82921192857142,43.50157293,72.46087,24.137363
2026-01-31,24.11874,5,25,90,1,1,GC,48.254604,60.536201,48.155908,72.46087,55.216357285714274,50.842809071428576,45.11005973,72.46087,48.155908
2026-02-01,24.080396,6,26,89,2,1,GC,24.11874,48.254604,60.536201,48.183156,48.3103387142857,49.112671,45.14483856333333,60.64326199999999,24.11874
2026-02-02,46.508464,0,27,88,2,1,GC,24.080396,24.11874,48.254604,48.2805,44.86708728571428,47.37608528571428,45.17297103,60.64326199999999,24.080396
2026-02-03,48.46215,1,28,87,2,1,GC,46.508464,24.080396,24.11874,60.64326199999999,44.613939285714274,45.65377771428571,46.72325316333333,60.64326199999999,24.080396
2026-02-04,24.181092,2,29,86,2,1,GC,48.46215,46.508464,24.080396,48.155908,42.87378042857142,46.51033235714287,46.02170226333333,60.536201,24.080396
2026-02-05,60.681172,3,30,85,2,1,GC,24.181092,48.46215,46.508464,60.536201,39.4488067142857,44.78978564285715,45.28726873000001,60.536201,24.080396
2026-02-06,48.37488,4,31,84,2,1,GC,60.681172,24.181092,48.46215,48.254604,39.46951685714284,45.620277,46.53555356333333,60.681172,24.080396
2026-02-07,24.124865,5,32,83,2,1,GC,48.37488,60.681172,24.181092,24.11874,39.48669914285714,47.35152821428572,45.76155708333333,60.681172,24.080396
2026-02-08,48.347638,6,33,82,2,1,GC,24.124865,48.37488,60.681172,24.080396,39.487574142857135,43.898956428571424,45.791868916666665,60.681172,24.080396
2026-02-09,72.509381,0,34,81,2,1,GC,48.347638,24.124865,48.37488,46.508464,42.954323,43.91070514285714,45.86502285,60.681172,24.124865
2026-02-10,60.833896,1,35,80,2,1,GC,72.509381,48.347638,24.124865,48.46215,46.66873971428571,45.6413395,46.73807228333333,72.509381,24.124865
2026-02-11,74.63434219999999,2,36,79,2,1,GC,60.833896,72.509381,48.347638,24.181092,48.43613199999999,45.65495621428572,48.76586881666666,72.509381,24.124865
2026-02-12,24.04287,3,37,78,2,1,GC,74.63434219999999,60.833896,72.509381,60.681172,55.64373917142856,47.54627294285714,48.202736056666666,74.63434219999999,24.124865
2026-02-13,36.533395,4,38,77,2,1,GC,24.04287,74.63434219999999,60.833896,48.37488,50.40969602857143,44.93960644285715,47.45702079,74.63434219999999,24.04287
2026-02-14,24.120932,5,39,76,2,1,GC,36.533395,24.04287,74.63434219999999,24.124865,48.71805531428571,44.10237722857143,47.12930179,74.63434219999999,24.04287
2026-02-15,24.166898,6,40,75,2,1,GC,24.120932,36.533395,24.04287,48.347638,48.71749345714285,44.1025338,46.713926140000005,74.63434219999999,24.04287
2026-02-16,46.564037,0,41,74,2,1,GC,24.166898,24.120932,36.533395,72.509381,45.263102028571424,44.10871251428572,45.91734794,74.63434219999999,24.04287
2026-02-17,24.13103,1,42,73,2,1,GC,46.564037,24.166898,24.120932,60.833896,41.556624314285706,44.11268201428572,45.85812674,74.63434219999999,24.04287
2026-02-18,12.438717,2,43,72,2,1,GC,24.13103,46.564037,24.166898,74.63434219999999,36.31335774285713,42.37474487142857,45.04940787333333,74.63434219999999,24.04287
2026-02-19,24.250766,3,44,71,2,1,GC,12.438717,24.13103,46.564037,24.04287,27.42826842857142,41.5360038,43.11000610666667,46.564037,12.438717
2026-02-20,24.166518,4,45,70,2,1,GC,24.250766,12.438717,24.13103,36.533395,27.45796785714285,38.93383194285714,42.70268547333333,46.564037,12.438717
2026-02-21,24.09366,5,46,69,2,1,GC,24.166518,24.250766,12.438717,24.120932,25.691271142857136,37.20466322857143,41.89927787333333,46.564037,12.438717
2026-02-22,24.193107,6,47,68,2,1,GC,24.09366,24.166518,24.250766,24.166898,25.68737514285714,37.2024343,41.06725677333333,46.564037,12.438717
2026-02-23,35.005785,0,48,67,2,1,GC,24.193107,24.09366,24.166518,46.564037,25.69111928571428,35.47711065714286,41.06911490666667,46.564037,12.438717
2026-02-24,24.156646,1,49,66,2,1,GC,35.005785,24.193107,24.09366,24.13103,24.03994042857142,32.79828237142858,39.82061207333333,35.005785,12.438717
2026-02-25,84.973442,2,50,65,2,1,GC,24.156646,35.005785,24.193107,12.438717,24.04359985714285,30.1784788,39.019728406666665,35.005785,12.438717
2026-02-26,0.0,3,51,64,2,1,GC,84.973442,24.156646,35.005785,24.250766,34.40570342857142,30.916985928571428,40.24282647333334,84.973442,24.09366
2026-02-27,24.046984,4,52,63,2,1,GC,0.0,84.973442,24.156646,24.166518,30.94130828571428,29.199638071428573,38.221384406666665,84.973442,0.0
2026-02-28,0.0,5,53,62,2,1,GC,24.046984,0.0,84.973442,24.09366,30.924231999999996,28.30775157142857,37.41775360666667,84.973442,0.0
2026-03-01,24.049066,6,54,61,3,1,GC,0.0,24.046984,0.0,24.193107,27.482280571428564,26.58482785714286,35.39988024,84.973442,0.0
2026-03-02,36.426071,0,55,60,3,1,GC,24.049066,0.0,24.046984,35.005785,27.461703285714275,26.576411285714283,34.59302897333334,84.973442,0.0
2026-03-03,24.020469,1,56,59,3,1,GC,36.426071,24.049066,0.0,24.156646,27.66460128571428,25.85227085714285,35.00327334,84.973442,0.0
2026-03-04,48.292227,2,57,58,3,1,GC,24.020469,36.426071,24.049066,84.973442,27.64514742857142,25.844373642857143,35.001275773333326,84.973442,0.0
2026-03-05,24.272145,3,58,57,3,1,GC,48.292227,24.020469,36.426071,0.0,22.40497385714285,28.405338642857146,35.06073454,48.292227,0.0
2026-03-06,0.0,4,59,56,3,1,GC,24.272145,48.292227,24.020469,24.046984,25.872423142857134,28.406865714285715,34.25440104,48.292227,0.0
2026-03-07,24.139326,5,60,55,3,1,GC,0.0,24.272145,48.292227,0.0,22.437139714285703,26.68068585714286,33.44836464,48.292227,0.0
2026-03-08,24.118414,6,61,54,3,1,GC,24.139326,0.0,24.272145,24.049066,25.885614857142848,26.683947714285715,32.23030310666666,48.292227,0.0
2026-03-09,24.028566,0,62,53,3,1,GC,24.118414,24.139326,0.0,36.426071,25.895521714285707,26.678612500000003,31.42175424,48.292227,0.0
2026-03-10,24.007738,1,63,52,3,1,GC,24.028566,24.118414,24.139326,24.020469,24.124449571428563,25.894525428571427,31.41854427333333,48.292227,0.0
2026-03-11,58.868484,2,64,51,3,1,GC,24.007738,24.028566,24.118414,48.292227,24.12263085714285,25.883889142857143,30.607214273333337,48.292227,0.0
2026-03-12,24.246729,3,65,50,3,1,GC,58.868484,24.007738,24.028566,24.272145,25.633524714285706,24.019249285714288,30.152517706666668,58.868484,0.0
2026-03-13,24.279066,4,66,49,3,1,GC,24.246729,58.868484,24.007738,0.0,25.62989385714285,25.7511585,28.932945473333334,58.868484,0.0
2026-03-14,24.05681,5,67,48,3,1,GC,24.279066,24.246729,58.868484,24.139326,29.09833185714285,25.767735785714283,27.25443626666667,58.868484,24.007738
2026-03-14,48.2678126,5,67,20,3,1,TF,0.0,24.002803125,24.15203875,24.090066,24.066696325,20.638612225,18.46063632,72.24441665,0.0
2026-03-15,24.204633,6,68,47,3,1,GC,24.05681,24.279066,24.246729,24.118414,29.08654385714285,27.48607935714285,27.25490093333333,58.868484,24.007738
2026-03-15,23.9843485,6,68,19,3,1,TF,48.2678126,0.0,24.002803125,23.97754975,27.520660125,24.086313125,19.258672125,72.24441665,0.0
2026-03-16,84.673187,0,69,46,3,1,GC,24.204633,24.05681,24.279066,24.028566,29.09886085714285,27.497191285714283,26.8439422,58.868484,24.007738
2026-03-16,24.12592175,0,69,18,3,1,TF,23.9843485,48.2678126,0.0,0.0,27.521631375,25.799480875,20.058150408333336,72.24441665,0.0
2026-03-17,44.29477825,1,70,45,3,1,GC,84.673187,24.204633,24.05681,24.007738,37.76237814285713,30.94341385714285,28.8623507,84.673187,24.007738
2026-03-17,24.125180625,1,70,17,3,1,TF,24.12592175,23.9843485,48.2678126,72.24441665,30.968191625000003,25.7965511125,20.8623478,72.24441665,0.0
2026-03-18,48.145769,2,71,44,3,1,GC,44.29477825,84.673187,24.204633,58.868484,40.66052674999999,32.39157880357143,29.533280041666668,84.673187,24.05681
2026-03-18,23.974226325,2,71,16,3,1,TF,24.125180625,24.12592175,23.9843485,24.15203875,24.09401505,27.5197783,21.6665204875,48.2678126,0.0
2026-03-19,10.13693622,3,72,43,3,1,GC,48.145769,44.29477825,84.673187,24.246729,39.12871032142856,32.38111751785714,29.586004441666667,84.673187,24.05681
2026-03-19,48.149091725000005,3,72,15,3,1,TF,23.974226325,24.125180625,24.12592175,24.002803125,24.068613275,25.7902316,20.8608962975,48.2678126,0.0
2026-03-20,24.251367,4,73,42,3,1,GC,10.13693622,48.145769,44.29477825,24.279066,37.11302563857142,31.37145974785714,29.119534649,84.673187,10.13693622
2026-03-20,0.0,4,73,14,3,1,TF,48.149091725000005,23.974226325,24.125180625,0.0,27.518083075,27.5139115125,22.465866021666667,48.2678126,0.0
2026-03-21,24.091895,5,74,41,3,1,GC,24.251367,10.13693622,48.145769,24.05681,37.10906863857142,33.10370024785714,29.513289649,84.673187,10.13693622
2026-03-21,48.312310725,5,74,13,3,1,TF,0.0,48.149091725000005,23.974226325,48.2678126,27.518083075,25.7923897,22.465866021666667,48.2678126,0.0
2026-03-22,24.060805,6,75,40,3,1,GC,24.091895,24.251367,10.13693622,24.204633,37.11408078142857,33.10031231928571,29.507993949000003,84.673187,10.13693622
2026-03-22,0.0,6,75,12,3,1,TF,48.312310725,0.0,48.149091725000005,23.9843485,27.52443995,27.5225500375,22.469094876666663,48.312310725,0.0
2026-03-23,46.492369,0,76,39,3,1,GC,24.060805,24.091895,24.251367,84.673187,37.0935339242857,33.09619739071429,29.50447018233333,84.673187,10.13693622
2026-03-23,48.28561675,0,76,11,3,1,TF,0.0,48.312310725,0.0,24.12592175,24.09810445,25.809867912500003,22.469094876666663,48.312310725,0.0
2026-03-24,0.0,1,77,38,3,1,GC,46.492369,24.060805,24.091895,44.29477825,31.63913135285713,34.70075474785715,30.251093815666664,48.145769,10.13693622
2026-03-24,24.11177545,1,77,10,3,1,TF,48.28561675,0.0,48.312310725,24.125180625,27.549489450000003,29.2588405375,24.078615435,48.312310725,0.0
2026-03-25,9.9608466,2,78,37,3,1,GC,0.0,46.492369,24.060805,48.145769,25.31130588857142,32.985916319285714,29.444656915666663,48.145769,0.0
2026-03-25,24.06827815,2,78,9,3,1,TF,24.11177545,48.28561675,0.0,23.974226325,27.547574425000004,25.8207947375,24.882341283333336,48.312310725,0.0
2026-03-26,24.227879,3,79,36,3,1,GC,9.9608466,0.0,46.492369,10.13693622,19.856316974285708,29.492513647857145,28.609825635666667,46.492369,0.0
2026-03-26,24.04410645,3,79,8,3,1,TF,24.06827815,24.11177545,48.28561675,48.149091725000005,27.561010400000004,25.8148118375,25.684617221666667,48.312310725,0.0
2026-03-27,36.482337,4,80,35,3,1,GC,24.227879,9.9608466,0.0,24.251367,21.869308799999995,29.49116721928572,28.612200069,46.492369,0.0
2026-03-27,0.0,4,80,7,3,1,TF,24.04410645,24.06827815,24.11177545,0.0,24.117441075,25.817762075,25.684500520000004,48.312310725,0.0
2026-03-28,0.0,5,81,34,3,1,GC,36.482337,24.227879,9.9608466,24.091895,23.61659022857142,30.362829433571427,26.99582990233333,46.492369,0.0
2026-03-28,0.0,5,81,6,3,1,TF,0.0,24.04410645,24.06827815,48.312310725,24.117441075,25.817762075,24.08365504416667,48.312310725,0.0
2026-03-29,0.0,6,82,33,3,1,GC,0.0,36.482337,24.227879,24.060805,20.17489094285713,28.644485862142854,26.99582990233333,46.492369,0.0
2026-03-29,52.71431025,6,82,5,3,1,TF,0.0,0.0,24.04410645,0.0,17.2156824,22.370061175,22.482923779166665,48.28561675,0.0
2026-03-30,60.61659,0,83,32,3,1,GC,0.0,0.0,36.482337,46.492369,16.737633085714275,26.915583505,26.194263769,46.492369,0.0
2026-03-30,0.0,0,83,4,3,1,TF,52.71431025,0.0,0.0,48.28561675,24.74629815,24.4222013,23.436785015,52.71431025,0.0
2026-03-31,0.0,1,84,31,3,1,GC,60.61659,0.0,0.0,0.0,18.75537894285713,25.197255147857145,28.214816769,60.61659,0.0
2026-03-31,24.153252725,1,84,3,3,1,TF,0.0,52.71431025,0.0,24.11177545,17.848352900000002,22.698921175,23.436785015,52.71431025,0.0
2026-04-01,24.004564,2,85,30,4,2,GC,0.0,60.61659,0.0,9.9608466,18.75537894285713,22.033342415714287,27.413181235666663,60.61659,0.0
2026-04-01,24.05469535,2,85,2,4,2,TF,24.153252725,0.0,52.71431025,24.06827815,17.854278225,22.700926325000005,24.24189343916667,52.71431025,0.0
2026-04-02,24.110953,3,86,29,4,2,GC,24.004564,0.0,60.61659,24.227879,20.76162428571428,20.30897063,26.999131002333336,60.61659,0.0
2026-04-02,0.0,3,86,1,4,2,TF,24.05469535,24.153252725,0.0,24.04410645,17.852337825,22.7066741125,24.238152003333333,52.71431025,0.0
2026-04-03,24.071227,4,87,28,4,2,GC,24.110953,24.004564,0.0,36.482337,20.744920571428565,21.30711468571428,27.002147135666668,60.61659,0.0
2026-04-03,0.0,4,0,0,4,2,TF,0.0,24.05469535,24.153252725,0.0,14.417465475,19.267453275,24.238152003333333,52.71431025,0.0
2026-04-04,22.37018,5,88,27,4,2,GC,24.071227,24.110953,24.004564,0.0,18.97190485714285,21.294247542857143,26.194780469,60.61659,0.0
2026-04-04,0.0,5,1,27,4,2,TF,0.0,0.0,24.05469535,0.0,14.417465475,19.267453275,22.6318893325,52.71431025,0.0
2026-04-05,0.0,6,89,26,4,2,GC,22.37018,24.071227,24.110953,0.0,22.16764485714285,21.1712679,26.13138163566667,60.61659,0.0
2026-04-05,0.0,6,2,26,4,2,TF,0.0,0.0,0.0,52.71431025,14.417465475,15.8165739375,21.8313035675,52.71431025,0.0
2026-04-06,48.533471,0,90,25,4,2,GC,0.0,22.37018,24.071227,60.61659,22.16764485714285,19.45263897142857,26.13138163566667,60.61659,0.0
2026-04-06,24.614374575,0,3,25,4,2,TF,0.0,0.0,0.0,0.0,6.886849725,15.8165739375,21.02792672166667,24.153252725,0.0
2026-04-07,24.052418,1,91,24,4,2,GC,48.533471,0.0,22.37018,0.0,20.441484999999997,19.59843197142857,26.944519802333332,48.533471,0.0
2026-04-07,24.0410268,1,4,24,4,2,TF,24.614374575,0.0,0.0,24.153252725,10.40318895,14.125770925,21.045403674166664,24.614374575,0.0
2026-04-08,0.0,2,92,23,4,2,GC,24.052418,48.533471,0.0,24.004564,23.877544714285705,21.316461828571427,26.942319935666667,48.533471,0.0
2026-04-08,48.12923325,2,5,23,4,2,TF,24.0410268,24.614374575,0.0,24.05469535,10.387156675,14.12071745,21.04751957583333,24.614374575,0.0
2026-04-09,0.0,3,93,22,4,2,GC,0.0,24.052418,48.533471,24.110953,20.44832128571428,20.60497278571429,26.141367735666662,48.533471,0.0
2026-04-09,24.057136775,3,6,22,4,2,TF,48.12923325,24.0410268,24.614374575,0.0,13.826376375,15.8393571,22.651827350833333,48.12923325,0.0
2026-04-10,0.0,4,94,21,4,2,GC,0.0,0.0,24.052418,24.071227,17.003899428571422,18.87441,25.34110980233333,48.533471,0.0
2026-04-10,24.0340345,4,7,21,4,2,TF,24.057136775,48.12923325,24.0410268,0.0,17.2631102,15.8402878375,21.04558468833333,48.12923325,0.0
2026-04-11,24.20881,5,95,20,4,2,GC,0.0,0.0,0.0,22.37018,13.565152714285707,16.268528785714288,23.37882700233333,48.533471,0.0
2026-04-11,0.0,5,8,20,4,2,TF,24.0340345,24.057136775,48.12923325,0.0,20.6965437,17.5570045875,21.04165121333334,48.12923325,0.0
2026-04-12,48.404488,6,96,19,4,2,GC,24.20881,0.0,0.0,0.0,13.827814142857136,17.997729500000002,23.377563035666665,48.533471,0.0
2026-04-12,24.14108235,6,9,19,4,2,TF,0.0,24.0340345,24.057136775,0.0,20.6965437,17.5570045875,20.24155777583333,48.12923325,0.0
2026-04-13,20.9993623,0,97,18,4,2,GC,48.404488,24.20881,0.0,48.533471,20.74274099999999,21.455192928571428,24.181743769,48.533471,0.0
2026-04-13,48.27268565,0,10,18,4,2,TF,24.14108235,0.0,24.0340345,24.614374575,24.14526975,15.5160597375,21.046260520833336,48.12923325,0.0
2026-04-14,48.250981,1,98,17,4,2,GC,20.9993623,48.404488,24.20881,24.052418,16.809296899999993,18.62539095,24.07982884566667,48.404488,0.0
2026-04-14,23.974628125,1,11,17,4,2,TF,48.27268565,24.14108235,0.0,24.0410268,27.525028475,18.964108712500003,21.046422955833336,48.27268565,0.0
2026-04-15,36.727509,2,99,16,4,2,GC,48.250981,20.9993623,48.404488,0.0,20.26623447142856,22.071889592857143,24.881373779,48.404488,0.0
2026-04-15,24.17557835,2,12,16,4,2,TF,23.974628125,48.27268565,24.14108235,48.12923325,27.51554295,18.9513498125,21.04609894333333,48.27268565,0.0
2026-04-16,72.32399,3,100,15,4,2,GC,36.727509,48.250981,20.9993623,0.0,25.51302147142856,22.98067137857143,23.28318451233333,48.404488,0.0
2026-04-16,24.19274305,3,13,15,4,2,TF,24.17557835,23.974628125,48.27268565,24.057136775,24.09359225,18.9599843125,21.04775416333333,48.27268565,0.0
2026-04-17,42.771514,4,101,14,4,2,GC,72.32399,36.727509,48.250981,0.0,35.845020042857136,26.424459735714287,24.217491570666663,72.32399,0.0
2026-04-17,24.015180525,4,14,14,4,2,TF,24.19274305,24.17557835,23.974628125,24.0340345,24.112964575,20.6880373875,21.05000624416667,48.27268565,0.0
2026-04-18,24.285543,5,102,13,4,2,GC,42.771514,72.32399,36.727509,24.20881,41.95523632857142,27.760194521428566,24.03834973733333,72.32399,20.9993623
2026-04-18,24.05203955,5,15,13,4,2,TF,24.015180525,24.19274305,24.17557835,0.0,24.11027115,22.403407425,21.051371384166668,48.27268565,0.0
2026-04-19,46.474288,6,103,12,4,2,GC,24.285543,42.771514,72.32399,48.404488,41.96619818571428,27.89700616428571,24.509969963333333,72.32399,20.9993623
2026-04-19,0.0,6,16,12,4,2,TF,24.05203955,24.015180525,24.19274305,24.14108235,27.5462768,24.12141025,20.248136311666663,48.27268565,23.974628125
2026-04-20,36.652963,0,104,11,4,2,GC,46.474288,24.285543,42.771514,20.9993623,41.690455328571424,31.21659816428571,25.250733996666664,72.32399,20.9993623
2026-04-20,48.153585025,0,17,11,4,2,TF,0.0,24.05203955,24.015180525,48.27268565,24.09755075,24.12141025,20.248136311666663,48.27268565,0.0
2026-04-21,24.025201,1,105,10,4,2,GC,36.652963,46.474288,24.285543,48.250981,43.92668399999999,30.36799045,25.66943626333333,72.32399,24.285543
2026-04-21,0.0,1,18,10,4,2,TF,48.153585025,0.0,24.05203955,23.974628125,24.080536375,25.802782425,20.242845455,48.153585025,0.0
2026-04-22,24.89708,2,106,9,4,2,GC,24.025201,36.652963,46.474288,36.727509,40.46585828571428,30.366046378571436,25.66824946333333,72.32399,24.025201
2026-04-22,72.222338475,2,19,9,4,2,TF,0.0,48.153585025,0.0,24.17557835,20.6555895,24.085566225,20.242845455,48.153585025,0.0
2026-04-23,48.371433,3,107,8,4,2,GC,24.89708,24.025201,36.652963,72.32399,38.775797,32.144409235714285,24.948406496666667,72.32399,24.025201
2026-04-23,0.0,3,20,8,4,2,TF,72.222338475,0.0,48.153585025,24.19274305,27.519412375,25.806502312500005,21.040736179166668,72.222338475,0.0
2026-04-24,24.227994,4,108,7,4,2,GC,48.371433,24.89708,24.025201,42.771514,35.35400314285714,35.59951159285715,26.560787596666668,48.371433,24.025201
2026-04-24,0.0,4,21,7,4,2,TF,0.0,72.222338475,0.0,24.015180525,24.063306225,24.0881354,20.23701033083333,72.222338475,0.0
2026-04-25,24.251443,5,109,6,4,2,GC,24.227994,48.371433,24.89708,24.285543,32.70492885714285,37.330082592857146,27.036359176666664,48.371433,24.025201
2026-04-25,48.219385900000006,5,22,6,4,2,TF,0.0,0.0,72.222338475,24.05203955,20.63256615,22.371418650000003,19.4347343925,72.222338475,0.0
2026-04-26,22.6129419,6,110,5,4,2,GC,24.251443,24.227994,48.371433,46.474288,32.70005742857142,37.33312780714285,27.03714464333333,48.371433,24.025201
2026-04-26,0.0,6,23,5,4,2,TF,48.219385900000006,0.0,0.0,0.0,24.0850442,25.815660500000003,20.240577040833333,72.222338475,0.0
2026-04-27,71.027762,0,111,4,4,2,GC,22.6129419,24.251443,24.227994,36.652963,29.29129369999999,35.490874514285714,26.574831473333333,48.371433,22.6129419
2026-04-27,48.1509133,0,24,4,4,2,TF,0.0,48.219385900000006,0.0,48.153585025,24.0850442,24.091297475,20.240577040833333,72.222338475,0.0
2026-04-28,22.324146,1,112,3,4,2,GC,71.027762,22.6129419,24.251443,24.025201,34.20197927142856,39.06433163571428,28.94242354,71.027762,22.6129419
2026-04-28,24.06193755,1,25,3,4,2,TF,48.1509133,0.0,48.219385900000006,0.0,24.084662525,24.08259945,21.84560748416667,72.222338475,0.0
2026-04-29,48.429565,2,113,2,4,2,GC,22.324146,71.027762,22.6129419,24.89708,33.958971414285706,37.21241485,29.68656174,71.027762,22.324146
2026-04-29,0.0,2,26,2,4,2,TF,24.06193755,48.1509133,0.0,72.222338475,27.522082175,24.088835837500003,20.890528394166665,72.222338475,0.0
2026-04-30,36.670999,3,114,1,4,2,GC,48.429565,22.324146,71.027762,48.371433,37.32075498571427,38.04827599285714,29.28032757333333,71.027762,22.324146
2026-04-30,48.079244675,3,27,1,4,2,TF,0.0,24.06193755,48.1509133,0.0,17.20460525,22.3620088125,20.890528394166665,48.219385900000006,0.0
2026-05-01,24.048428,4,0,0,5,2,GC,36.670999,48.429565,22.324146,24.227994,35.6492644142857,35.501633778571424,30.502694206666668,71.027762,22.324146
2026-05-01,24.025176525,4,0,0,5,2,TF,48.079244675,0.0,24.06193755,0.0,24.073068775,24.0681875,21.688061459166665,48.219385900000006,0.0
2026-05-02,24.028648,5,1,28,5,2,GC,24.048428,36.670999,48.429565,24.251443,35.623612128571416,34.16427049285714,30.50415634,71.027762,22.324146
2026-05-02,24.06389755,5,1,28,5,2,TF,24.025176525,48.079244675,0.0,48.219385900000006,27.50523685,24.068901500000003,21.68707749833333,48.219385900000006,0.0
2026-05-03,47.865077,6,2,27,5,2,GC,24.028648,24.048428,36.670999,22.6129419,35.59178427142856,34.14592085,30.50141284,71.027762,22.324146
2026-05-03,0.0,6,2,27,5,2,TF,24.06389755,24.025176525,48.079244675,0.0,24.0544528,24.0697485,22.489207416666662,48.1509133,0.0
2026-05-04,48.288424,0,3,26,5,2,GC,47.865077,24.028648,24.048428,71.027762,39.19923214285713,34.24526292142857,31.29454117333333,71.027762,22.324146
2026-05-04,0.0,0,3,26,5,2,TF,0.0,24.06389755,24.025176525,48.1509133,24.0544528,24.0697485,22.489207416666662,48.1509133,0.0
2026-05-05,12.414141,1,4,25,5,2,GC,48.288424,47.865077,24.028648,22.324146,35.95075528571427,35.076367278571425,32.158482639999995,48.429565,22.324146
2026-05-05,0.0,1,4,25,5,2,TF,0.0,0.0,24.06389755,24.06193755,17.1757509,20.6302067125,22.489207416666662,48.079244675,0.0
2026-05-06,60.689785,2,5,24,5,2,GC,12.414141,48.288424,47.865077,48.429565,34.53504028571428,34.24700585,32.572287339999995,48.429565,12.414141
2026-05-06,0.0,2,5,24,5,2,TF,0.0,0.0,0.0,0.0,13.73833125,20.6302067125,22.489207416666662,48.079244675,0.0
2026-05-07,0.0,3,6,23,5,2,GC,60.689785,12.414141,48.288424,36.670999,36.28650028571428,36.803627635714285,32.97749780666666,60.689785,12.414141
2026-05-07,23.9624308,3,6,23,5,2,TF,0.0,0.0,0.0,48.079244675,13.73833125,15.47146825,21.668728264166667,48.079244675,0.0
2026-05-08,0.0,4,7,22,5,2,GC,0.0,60.689785,12.414141,24.048428,31.047786142857134,33.34852527857142,32.17575054,60.689785,0.0
2026-05-08,23.994406975,4,7,22,5,2,TF,23.9624308,0.0,0.0,24.025176525,10.293072125,17.18307045,21.6661083975,24.06389755,0.0
2026-05-09,48.401625,5,8,21,5,2,GC,0.0,0.0,60.689785,24.028648,27.612296428571423,31.61795427857143,32.17575054,60.689785,0.0
2026-05-09,24.152449125,5,8,21,5,2,TF,23.994406975,23.9624308,0.0,24.06389755,10.288676475,18.8969566625,20.861614188333338,24.06389755,0.0
2026-05-10,24.043629,6,9,20,5,2,GC,48.401625,0.0,0.0,47.865077,31.09415028571428,33.34296727857143,33.78913804,60.689785,0.0
2026-05-10,24.010052675,6,9,20,5,2,TF,24.152449125,23.994406975,23.9624308,0.0,10.3013267,17.17788975,20.864791266666668,24.152449125,0.0
2026-05-11,46.455867,0,10,19,5,2,GC,24.043629,48.401625,0.0,48.288424,27.69108628571428,33.44515921428572,34.59059233999999,60.689785,0.0
2026-05-11,24.037783,0,10,19,5,2,TF,24.010052675,24.152449125,23.994406975,0.0,13.731334225,18.8928935125,20.8639918725,24.152449125,0.0
2026-05-12,0.0,1,11,18,5,2,GC,46.455867,24.043629,48.401625,12.414141,27.42929242857142,31.690023857142855,35.332160906666665,60.689785,0.0
2026-05-12,48.272485975,1,11,18,5,2,TF,24.037783,24.010052675,24.152449125,0.0,17.165303225,17.170527062499996,21.665251305833333,24.152449125,0.0
2026-05-13,60.853761000000006,2,12,17,5,2,GC,0.0,46.455867,24.043629,60.689785,25.655843714285705,30.095442,33.718677973333335,60.689785,0.0
2026-05-13,24.08247835,2,12,17,5,2,TF,48.272485975,24.037783,24.010052675,0.0,24.061372650000003,18.89985195,22.46963142666667,48.272485975,0.0
2026-05-14,24.060215,3,13,16,5,2,GC,60.853761000000006,0.0,46.455867,0.0,25.67926885714285,30.98288457142857,35.04715793,60.853761000000006,0.0
2026-05-14,24.034150875,3,13,16,5,2,TF,24.08247835,48.272485975,24.037783,23.9624308,27.501726700000003,20.620028975,21.66329118333333,48.272485975,23.9624308
2026-05-15,24.101137,4,14,15,5,2,GC,24.060215,60.853761000000006,0.0,0.0,29.116442428571418,30.082114285714287,34.240799063333334,60.853761000000006,0.0
2026-05-15,24.175030775,4,14,15,5,2,TF,24.034150875,24.08247835,48.272485975,23.994406975,27.511972425000003,18.902522275,21.665275275,48.272485975,23.994406975
2026-05-16,24.151094,5,15,14,5,2,GC,24.101137,24.060215,60.853761000000006,48.401625,32.55946199999999,30.085879214285715,33.81991999666666,60.853761000000006,0.0
2026-05-16,24.063741975,5,15,14,5,2,TF,24.175030775,24.034150875,24.08247835,24.152449125,27.537775825,18.913226150000003,21.6652570225,48.272485975,24.010052675
2026-05-17,22.411984,6,16,13,5,2,GC,24.151094,24.101137,24.060215,24.043629,29.09510042857142,30.09462535714286,32.21415679666667,60.853761000000006,0.0
2026-05-17,24.108140875,6,16,13,5,2,TF,24.063741975,24.175030775,24.034150875,24.010052675,27.525103375,18.9132150375,21.660956986666665,48.272485975,24.010052675
2026-05-18,48.925551,0,17,12,5,2,GC,22.411984,24.151094,24.101137,46.455867,28.862008285714275,28.276547285714287,31.535505796666666,60.853761000000006,0.0
2026-05-18,24.17219,0,17,12,5,2,TF,24.108140875,24.063741975,24.175030775,24.037783,27.539115975,20.635225100000003,21.664055665,48.272485975,24.034150875
2026-05-19,0.0,1,18,11,5,2,GC,48.925551,22.411984,24.151094,0.0,29.214820285714275,28.32205635714286,32.35683939666667,60.853761000000006,0.0
2026-05-19,24.184399575,1,18,11,5,2,TF,24.17219,24.108140875,24.063741975,48.272485975,27.558316975,22.361810100000003,21.66806068,48.272485975,24.034150875
2026-05-20,48.106414,2,19,10,5,2,GC,0.0,48.925551,22.411984,60.853761000000006,29.214820285714275,27.435332,30.807696463333336,60.853761000000006,0.0
2026-05-20,24.024218575,2,19,10,5,2,TF,24.184399575,24.17219,24.108140875,24.08247835,24.117161775,24.0892672125,22.4742073325,24.184399575,24.034150875
2026-05-21,0.0,3,20,9,5,2,GC,48.106414,0.0,48.925551,24.060215,27.393770714285704,26.536519785714287,31.18947816333333,48.925551,0.0
2026-05-21,24.122549325,3,20,9,5,2,TF,24.024218575,24.184399575,24.17219,24.034150875,24.10883895,25.805282825000003,21.6698951175,24.184399575,24.024218575
2026-05-22,12.471387,4,21,8,5,2,GC,0.0,48.106414,0.0,24.101137,23.956597142857134,26.536519785714287,30.38863813,48.925551,0.0
2026-05-22,0.0,4,21,8,5,2,TF,24.122549325,24.024218575,24.184399575,24.175030775,24.1214673,25.8167198625,22.473980095,24.184399575,24.024218575
2026-05-23,48.120536,5,22,7,5,2,GC,12.471387,0.0,48.106414,24.151094,22.29520428571428,27.427333142857144,29.97444836333333,48.925551,0.0
2026-05-23,48.114585925,5,22,7,5,2,TF,0.0,24.122549325,24.024218575,24.063741975,20.667891475,24.10283365,20.0665688125,24.184399575,0.0
2026-05-24,24.054406,6,23,6,5,2,GC,48.120536,12.471387,0.0,22.411984,25.719410285714275,27.40725535714285,29.96608513,48.925551,0.0
2026-05-24,24.130908725,6,23,6,5,2,TF,48.114585925,0.0,24.122549325,24.108140875,24.103726325,25.81441485,21.670388343333336,48.114585925,0.0
2026-05-25,72.506418,0,24,5,5,2,GC,24.054406,48.120536,12.471387,48.925551,25.95404199999999,27.408025142857145,29.960298863333332,48.925551,0.0
2026-05-25,24.0193002,0,24,5,5,2,TF,24.130908725,48.114585925,0.0,24.17219,24.106978875000003,25.823047425,22.474751967500005,48.114585925,0.0
2026-05-26,36.753893000000005,1,25,4,5,2,GC,72.506418,24.054406,48.120536,0.0,29.32273728571428,29.26877878571428,31.56879803,72.506418,0.0
2026-05-26,23.9622054,1,25,4,5,2,TF,24.0193002,24.130908725,48.114585925,24.184399575,24.085137475000003,25.821727225,21.668082444166668,48.114585925,0.0
2026-05-27,0.0,2,26,3,5,2,GC,36.753893000000005,72.506418,24.054406,48.106414,34.573293428571425,31.894056857142857,32.040163066666665,72.506418,0.0
2026-05-27,23.998797375,2,26,3,5,2,TF,23.9622054,24.0193002,24.130908725,24.024218575,24.053395450000004,24.0852786125,22.46682262416667,48.114585925,0.0
2026-05-28,36.755418,3,27,2,5,2,GC,0.0,36.753893000000005,72.506418,0.0,27.70094857142856,27.547359642857145,29.672571,72.506418,0.0
2026-05-28,48.180020525,3,27,2,5,2,TF,23.998797375,23.9622054,24.0193002,24.122549325,24.04976385,24.0793014,21.66175209333333,48.114585925,0.0
2026-05-29,24.135674,4,28,1,5,2,GC,36.755418,0.0,36.753893000000005,12.471387,32.95172257142856,28.45415985714285,30.1536134,72.506418,0.0
2026-05-29,23.992108875,4,28,1,5,2,TF,48.180020525,23.998797375,23.9622054,0.0,27.48654545,25.804006375,22.465688192500004,48.180020525,0.0
2026-05-30,48.468733,5,0,0,5,2,GC,24.135674,36.755418,0.0,48.120536,34.61804928571428,28.456626785714285,29.34381703333333,72.506418,0.0
2026-05-30,24.0136015,5,0,0,5,2,TF,23.992108875,48.180020525,23.998797375,48.114585925,30.913989575,25.790940525,23.265425155000003,48.180020525,23.9622054
2026-05-31,48.14406,6,1,76,5,2,GC,48.468733,24.135674,36.755418,24.054406,34.667791714285705,30.193601,29.73707483333333,72.506418,0.0
2026-05-31,24.08546245,6,1,76,5,2,TF,24.0136015,23.992108875,48.180020525,24.130908725,27.4709918,25.7873590625,22.463237049166665,48.180020525,23.9622054
2026-06-01,70.71535300000001,0,2,75,6,2,GC,48.14406,48.468733,24.135674,72.506418,38.10917085714285,32.03160642857143,30.54026256666667,72.506418,0.0
2026-06-01,24.1915695,0,2,75,6,2,TF,24.08546245,24.0136015,23.992108875,24.0193002,27.464499475,25.785739175,22.46524658,48.180020525,23.9622054
2026-06-02,24.123385,1,3,74,6,2,GC,70.71535300000001,48.14406,48.468733,36.753893000000005,37.85330442857143,33.58802085714286,32.09648606666667,70.71535300000001,0.0
2026-06-02,24.202683925,1,3,74,6,2,TF,24.1915695,24.08546245,24.0136015,23.9622054,27.489109375,25.787123425,22.469502311666663,48.180020525,23.9622054
2026-06-03,58.3987793,2,4,73,6,2,GC,24.123385,70.71535300000001,48.14406,0.0,36.04894614285713,35.31111978571429,31.30509633333333,70.71535300000001,0.0
2026-06-03,24.0270716,2,4,73,6,2,TF,24.202683925,24.1915695,24.08546245,23.998797375,27.52346345,25.78842945,23.2762584425,48.180020525,23.992108875
2026-06-04,0.0,3,5,72,6,2,GC,58.3987793,24.123385,70.71535300000001,36.755418,44.39162889999999,36.04628873571429,31.64210817666667,70.71535300000001,24.123385
2026-06-04,0.0,3,5,72,6,2,TF,24.0270716,24.202683925,24.1915695,48.180020525,27.527502625000004,25.7886332375,24.077160829166665,48.180020525,23.992108875
2026-06-05,36.502967,4,6,71,6,2,GC,0.0,58.3987793,24.123385,24.135674,39.14085489999999,36.04628873571429,31.228303476666667,70.71535300000001,0.0
2026-06-05,72.35563685,4,6,71,6,2,TF,0.0,24.0270716,24.202683925,23.992108875,20.64464255,24.065594,24.077160829166665,24.202683925,0.0
2026-06-06,24.12865,5,7,70,6,2,GC,36.502967,0.0,58.3987793,48.468733,40.907611042857134,37.76283016428572,30.42207621,70.71535300000001,0.0
2026-06-06,0.0,5,7,70,6,2,TF,72.35563685,0.0,24.0270716,24.0136015,27.553717975,29.233853775,26.48901539083333,72.35563685,0.0
2026-06-07,24.047059,6,8,69,6,2,GC,24.12865,36.502967,0.0,48.14406,37.430456328571424,36.049124021428575,31.226364543333336,70.71535300000001,0.0
2026-06-07,24.06170725,6,8,69,6,2,TF,0.0,72.35563685,0.0,24.08546245,24.123203475,25.7970976375,25.6902676975,72.35563685,0.0
2026-06-08,58.946244,0,9,68,6,2,GC,24.047059,24.12865,36.502967,70.71535300000001,33.98802761428571,36.048599235714285,32.02793317666667,70.71535300000001,0.0
2026-06-08,24.030335,0,9,68,6,2,TF,24.06170725,0.0,72.35563685,24.1915695,24.119809875,25.792154675000003,25.69251104,72.35563685,0.0
2026-06-09,48.381396,1,10,67,6,2,GC,58.946244,24.047059,24.12865,24.123385,32.30672632857142,35.08001537857143,32.37942047666667,58.946244,0.0
2026-06-09,24.1295404,1,10,67,6,2,TF,24.030335,24.06170725,0.0,24.202683925,24.096776375,25.792942875,25.688440569166666,72.35563685,0.0
2026-06-10,48.211985,2,11,66,6,2,GC,48.381396,58.946244,24.047059,58.3987793,35.772156471428566,35.91055130714285,33.190679376666665,58.946244,0.0
2026-06-10,72.14316795,2,11,66,6,2,TF,24.1295404,24.030335,24.06170725,24.0270716,24.0863273,25.804895375,25.69242349333333,72.35563685,0.0
2026-06-11,24.24307,3,12,65,6,2,GC,48.211985,48.381396,58.946244,0.0,34.316900142857136,39.35426452142857,33.249216643333334,58.946244,0.0
2026-06-11,0.0,3,12,65,6,2,TF,72.14316795,24.1295404,24.030335,0.0,30.96005535,29.243778987500004,27.295936325,72.35563685,0.0
2026-06-12,60.814745,4,13,64,6,2,GC,24.24307,48.211985,48.381396,36.502967,37.78019585714285,38.46052537857143,34.05731897666667,58.946244,24.047059
2026-06-12,24.12123,4,13,64,6,2,TF,0.0,72.14316795,24.1295404,72.35563685,30.96005535,25.802348950000003,25.686853459166667,72.35563685,0.0
2026-06-13,25.90862566,5,14,63,6,2,GC,60.814745,24.24307,48.211985,24.12865,41.25330699999999,41.080459021428574,34.056018443333336,60.814745,24.047059
2026-06-13,23.9592605,5,14,63,6,2,TF,24.12123,0.0,72.14316795,0.0,24.0694258,25.8115718875,25.68814518083333,72.14316795,0.0
2026-06-14,72.328555,6,15,62,6,2,GC,25.90862566,60.814745,24.24307,24.047059,41.50758923714285,39.469022782857145,34.117632132000004,60.814745,24.047059
2026-06-14,24.094562975,6,15,62,6,2,TF,23.9592605,24.12123,0.0,24.06170725,27.4921773,25.807690387500003,25.685648835,72.14316795,0.0
2026-06-15,45.972717,0,16,61,6,2,GC,72.328555,25.90862566,60.814745,58.946244,48.40494580857142,41.19648671142857,35.725212732,72.328555,24.24307
2026-06-15,24.116027425,0,16,61,6,2,TF,24.094562975,23.9592605,24.12123,24.030335,27.496870975,25.808340425,25.682966575,72.14316795,0.0
2026-06-16,48.425969,1,17,60,6,2,GC,45.972717,72.328555,25.90862566,48.381396,46.55158480857142,39.42915556857143,36.45260016533334,72.328555,24.24307
2026-06-16,53.0570068175,1,17,60,6,2,TF,24.116027425,24.094562975,23.9592605,24.1295404,27.509112750000003,25.8029445625,25.68470942333333,72.14316795,0.0
2026-06-17,73.206299,2,18,59,6,2,GC,48.425969,45.972717,72.328555,48.211985,46.55795238,41.16505442571429,37.31973299866666,72.328555,24.24307
2026-06-17,24.11717035,2,18,59,6,2,TF,53.0570068175,24.116027425,24.094562975,72.14316795,31.641607952500003,27.86396762625,26.649671621416665,72.14316795,0.0
2026-06-18,24.126799,3,19,58,6,2,GC,73.206299,48.425969,45.972717,24.24307,50.12856866571428,42.22273440428571,38.12909126533334,73.206299,24.24307
2026-06-18,24.1516786,3,19,58,6,2,TF,24.11717035,53.0570068175,24.116027425,0.0,24.7807511525,27.87040325125,26.64783763308333,53.0570068175,0.0
2026-06-19,36.538364,4,20,57,6,2,GC,24.126799,73.206299,48.425969,60.814745,50.11195852285713,43.94607719,38.93331789866667,73.206299,24.126799
2026-06-19,0.0,4,20,57,6,2,TF,24.1516786,24.11717035,53.0570068175,24.12123,28.2309909525,29.595523151250003,26.646746933916667,53.0570068175,23.9592605
2026-06-20,46.44867,5,21,56,6,2,GC,36.538364,24.126799,73.206299,25.90862566,46.6439040942857,43.94860554714285,38.547716232,73.206299,24.126799
2026-06-20,48.1321071,5,21,56,6,2,TF,0.0,24.1516786,24.11717035,23.9592605,24.7851009525,24.427263376250004,25.84593964808333,53.0570068175,0.0
2026-06-21,48.274150000000006,6,22,55,6,2,GC,46.44867,36.538364,24.126799,72.328555,49.57819614285712,45.54289269,40.096005232,73.206299,24.126799
2026-06-21,24.1101364,6,22,55,6,2,TF,48.1321071,0.0,24.1516786,24.094562975,28.2383647525,27.865271026250003,26.64625824058333,53.0570068175,0.0
2026-06-22,48.263092,0,23,54,6,2,GC,48.274150000000006,46.44867,36.538364,45.972717,46.141852571428565,47.27339919,41.289430665333335,73.206299,24.126799
2026-06-22,24.149006875,0,23,54,6,2,TF,24.1101364,48.1321071,0.0,24.116027425,28.2405895275,27.86873025125,27.44992945391667,53.0570068175,0.0
2026-06-23,21.15199,1,24,53,6,2,GC,48.263092,48.274150000000006,46.44867,48.425969,46.46904899999999,46.51031690428572,41.294182532,73.206299,24.126799
2026-06-23,50.692558735,1,24,53,6,2,TF,24.149006875,24.1101364,48.1321071,53.0570068175,28.2453008775,27.87720681375,26.651076818916668,53.0570068175,0.0
2026-06-24,60.693206,2,25,52,6,2,GC,21.15199,48.263092,48.274150000000006,73.206299,42.57276628571428,44.56535933285715,41.197435332000005,73.206299,21.15199
2026-06-24,24.153385025,2,25,52,6,2,TF,50.692558735,24.149006875,24.1101364,24.11717035,27.90752258,29.77456526625,27.53646515258333,50.692558735,0.0
2026-06-25,48.389687,3,26,51,6,2,GC,60.693206,21.15199,48.263092,24.126799,40.785181571428566,45.45687511857143,40.803661598666665,60.693206,21.15199
2026-06-25,24.0567558,3,26,51,6,2,TF,24.153385025,50.692558735,24.149006875,24.1516786,27.912696105,26.34672362875,27.54093464675,50.692558735,0.0
2026-06-26,24.244514,4,27,50,6,2,GC,48.389687,60.693206,21.15199,36.538364,44.25130842857142,47.181633475714285,41.191521398666666,60.693206,21.15199
2026-06-26,24.11777795,4,27,50,6,2,TF,24.0567558,24.153385025,50.692558735,0.0,27.899135705,28.06506332875,27.54408632675,50.692558735,0.0
2026-06-27,48.390963,5,28,49,6,2,GC,24.244514,48.389687,60.693206,46.44867,42.49504414285713,44.56947411857143,41.99967186533333,60.693206,21.15199
2026-06-27,24.07044885,5,28,49,6,2,TF,24.11777795,24.0567558,24.153385025,48.1321071,31.344532555,28.06481675375,27.548052345916663,50.692558735,24.0567558
2026-06-28,24.079443,6,29,48,6,2,GC,48.390963,24.244514,48.389687,48.274150000000006,42.772514571428566,46.175355357142855,42.38752336533334,60.693206,21.15199
2026-06-28,24.072818,6,29,48,6,2,TF,24.07044885,24.11777795,24.0567558,24.1101364,27.907152805000003,28.07275877875,26.74439995675,50.692558735,24.0567558
2026-06-29,42.795594,0,30,47,6,2,GC,24.079443,48.390963,24.244514,48.263092,39.31612785714285,42.72899021428572,42.38564899866667,60.693206,21.15199
2026-06-29,24.0489158,0,30,47,6,2,TF,24.072818,24.07044885,24.11777795,24.149006875,27.901821605,28.07120556625,26.747090260916664,50.692558735,24.0567558
2026-06-30,72.397451,1,31,46,6,2,GC,42.795594,24.079443,48.390963,21.15199,38.53505671428571,42.50205285714286,42.19654436533334,60.693206,21.15199
2026-06-30,48.28368125,1,31,46,6,2,TF,24.0489158,24.072818,24.07044885,50.692558735,27.88752288,28.06641187875,26.74826740425,50.692558735,24.0489158
2026-07-01,48.295556000000005,2,32,45,7,3,GC,72.397451,42.795594,24.079443,60.693206,45.85583685714285,44.21430157142858,43.004990732,72.397451,24.079443
2026-07-01,48.031251625,2,32,45,7,3,TF,48.28368125,24.0489158,24.072818,24.153385025,27.543397525,27.7254600525,27.554874697583333,48.28368125,24.0489158
2026-07-02,48.50339099999999,3,33,44,7,3,GC,48.295556000000005,72.397451,42.795594,48.389687,44.084744,42.43496278571428,42.25766416533334,72.397451,24.079443
2026-07-02,24.11922835,3,33,44,7,3,TF,48.031251625,48.28368125,24.0489158,24.0567558,30.954521325,29.433608715,28.349530768416667,48.28368125,24.0489158
2026-07-03,73.129222,4,34,43,7,3,GC,48.50339099999999,48.295556000000005,72.397451,24.244514,44.10098742857142,44.17614792857143,43.070331032000006,72.397451,24.079443
2026-07-03,24.055588375,4,34,43,7,3,TF,24.11922835,48.031251625,48.28368125,24.11777795,30.963445975000003,29.43129084,28.34674891591667,48.28368125,24.0489158
2026-07-04,48.315126,5,35,42,7,3,GC,73.129222,48.50339099999999,48.295556000000005,48.390963,51.08451714285713,46.78978064285714,43.56134578866666,73.129222,24.079443
2026-07-04,24.08853475,5,35,42,7,3,TF,24.055588375,24.11922835,48.031251625,24.07044885,30.95456175,31.1495471525,28.34769947508333,48.28368125,24.0489158
2026-07-05,46.474696,6,36,41,7,3,GC,48.315126,73.129222,48.50339099999999,24.079443,51.073683285714274,46.92309892857144,45.171849988666665,73.129222,24.079443
2026-07-05,47.966247,6,36,41,7,3,TF,24.08853475,24.055588375,24.11922835,24.072818,30.95714545,29.4321491275,29.150650633416667,48.28368125,24.0489158
2026-07-06,61.9829836,0,37,40,7,3,GC,46.474696,48.315126,73.129222,42.795594,54.27300514285713,46.79456650000001,45.50424095533334,73.129222,42.795594
2026-07-06,24.012073925,0,37,40,7,3,TF,47.966247,24.08853475,24.055588375,24.0489158,34.37049245,31.1361570275,28.33767097175,48.28368125,24.0489158
2026-07-07,48.22358,1,38,39,7,3,GC,61.9829836,46.474696,48.315126,72.397451,57.01406079999999,47.774558757142856,46.76605207533333,73.129222,46.474696
2026-07-07,33.984737675,1,38,39,7,3,TF,24.012073925,47.966247,24.08853475,48.28368125,34.365229324999994,31.1263761025,29.138073435916667,48.28368125,24.012073925
2026-07-08,84.219833,2,39,38,7,3,GC,48.22358,61.9829836,46.474696,48.295556000000005,53.56065065714285,49.70824375714285,47.57193610866667,73.129222,46.474696
2026-07-08,48.21862885,2,39,38,7,3,TF,33.984737675,24.012073925,47.966247,48.031251625,32.322523100000005,29.9329603125,29.46884111675,48.031251625,24.012073925
2026-07-09,24.042256,3,40,37,7,3,GC,84.219833,48.22358,61.9829836,48.50339099999999,58.692690228571415,51.38871711428572,48.41438907533333,84.219833,46.474696
2026-07-09,48.1808229,3,40,37,7,3,TF,48.21862885,33.984737675,24.012073925,24.11922835,32.349291275,31.6519063,30.27511757841667,48.21862885,24.012073925
2026-07-10,73.000144,4,41,36,7,3,GC,24.042256,84.219833,48.22358,73.129222,55.19824237142856,49.6496149,47.60308440866666,84.219833,24.042256
2026-07-10,24.10767905,4,41,36,7,3,TF,48.1808229,48.21862885,33.984737675,24.055588375,35.786661925,33.37505395,31.07682699508333,48.21862885,24.012073925
2026-07-11,48.43295,5,42,35,7,3,GC,73.000144,24.042256,84.219833,48.315126,55.17980265714285,53.13215989999999,48.42935637533333,84.219833,24.042256
2026-07-11,24.016684825,5,42,35,7,3,TF,24.10767905,48.1808229,48.21862885,24.08853475,35.79410345,33.374332599999995,29.47564403175,48.21862885,24.012073925
2026-07-12,22.457168,6,43,34,7,3,GC,48.43295,73.000144,24.042256,46.474696,55.19663465714285,53.13515897142857,49.23568570866667,84.219833,24.042256
2026-07-12,24.16007965,6,43,34,7,3,TF,24.016684825,24.10767905,48.1808229,47.966247,35.783839175000004,33.3704923125,30.27620019258333,48.21862885,24.012073925
2026-07-13,85.012804,0,44,33,7,3,GC,22.457168,48.43295,73.000144,61.9829836,51.76555922857142,53.01928218571429,47.95709980866666,84.219833,22.457168
2026-07-13,24.091419625,0,44,33,7,3,TF,24.16007965,24.016684825,24.10767905,24.012073925,32.382958125,33.3767252875,30.277495180916667,48.21862885,24.012073925
2026-07-14,24.109393,1,45,32,7,3,GC,85.012804,22.457168,48.43295,48.22358,55.05553357142856,56.03479718571428,49.92723908666667,85.012804,22.457168
2026-07-14,23.9875629,1,45,32,7,3,TF,24.091419625,24.16007965,24.016684825,33.984737675,32.394293225,33.379761275,30.281900485083334,48.21862885,24.016684825
2026-07-15,60.898585,2,46,31,7,3,GC,24.109393,85.012804,22.457168,84.219833,51.610649714285714,52.58565018571428,48.319933686666666,85.012804,22.457168
2026-07-15,72.255482075,2,46,31,7,3,TF,23.9875629,24.091419625,24.16007965,48.21862885,30.966125400000003,31.64432425,30.278333815916668,48.21862885,23.9875629
2026-07-16,73.246967,3,47,30,7,3,GC,60.898585,24.109393,85.012804,24.042256,48.27904285714286,53.485866542857146,48.81746262,85.012804,22.457168
2026-07-16,72.12531725,3,47,30,7,3,TF,72.255482075,23.9875629,24.091419625,48.1808229,34.399961575,33.374626425,31.882982304250003,72.255482075,23.9875629
2026-07-17,24.24412,4,48,29,7,3,GC,73.246967,60.898585,24.109393,73.000144,55.308287285714286,55.25326482857143,49.644829220000005,85.012804,22.457168
2026-07-17,24.109074325,4,48,29,7,3,TF,72.12531725,72.255482075,23.9875629,24.10767905,37.820603625,36.803632775,32.518592652,72.255482075,23.9875629
2026-07-18,24.243287,5,49,28,7,3,GC,24.24412,73.246967,60.898585,48.43295,48.343141,51.76147182857143,48.01275658666667,85.012804,22.457168
2026-07-18,0.0,5,49,28,7,3,TF,24.109074325,72.12531725,72.255482075,24.016684825,37.82080295,36.8074532,32.5183227845,72.255482075,23.9875629
2026-07-19,67.60762735,6,50,27,7,3,GC,24.243287,24.24412,73.246967,22.457168,44.88747485714284,50.04205475714286,48.01663952,85.012804,22.457168
2026-07-19,48.188943425000005,6,50,27,7,3,TF,0.0,24.109074325,72.12531725,24.16007965,34.389847974999995,35.086843575,31.713266831166667,72.255482075,0.0
2026-07-20,70.61397099999999,0,51,26,7,3,GC,67.60762735,24.243287,24.24412,85.012804,51.33754047857143,51.55154985357142,49.052281631666666,85.012804,24.109393
2026-07-20,48.334750275000005,0,51,26,7,3,TF,48.188943425000005,0.0,24.109074325,24.091419625,37.8225428,35.1027504625,33.31956494533333,72.255482075,0.0
2026-07-21,72.238656,1,52,25,7,3,GC,70.61397099999999,67.60762735,24.243287,24.109393,49.28056433571428,52.16804895357143,49.857791665,73.246967,24.109393
2026-07-21,48.0189857,1,52,25,7,3,TF,48.334750275000005,48.188943425000005,0.0,23.9875629,41.28587575,36.8400844875,33.326319717833336,72.255482075,0.0
2026-07-22,36.4250985,2,53,24,7,3,GC,72.238656,70.61397099999999,67.60762735,60.898585,56.15617333571428,53.883411525,50.65660853166666,73.246967,24.243287
2026-07-22,48.397680975,2,53,24,7,3,TF,48.0189857,48.334750275000005,48.188943425000005,72.255482075,44.71893615,37.842530775,34.12328136116666,72.255482075,0.0
2026-07-23,72.362984,3,54,23,7,3,GC,36.4250985,72.238656,70.61397099999999,73.246967,52.65996097857141,50.46950191785714,50.262008748333336,73.246967,24.243287
2026-07-23,53.02679390750001,3,54,23,7,3,TF,48.397680975,48.0189857,48.334750275000005,72.12531725,41.31067885,37.8553202125,34.931570497833334,72.12531725,0.0
2026-07-24,36.828005000000005,4,55,22,7,3,GC,72.362984,36.4250985,72.238656,24.24412,52.53367769285713,53.92098248928572,51.96904188166666,72.362984,24.243287
2026-07-24,24.201686775,4,55,22,7,3,TF,53.02679390750001,48.397680975,48.0189857,24.109074325,38.582318372500005,38.20146099875,35.00937833691667,53.02679390750001,0.0
2026-07-25,48.369953,5,56,21,7,3,GC,36.828005000000005,72.362984,36.4250985,24.243287,54.33137555,51.337258275,51.17353518166667,72.362984,24.243287
2026-07-25,48.14776995,5,56,21,7,3,TF,24.201686775,53.02679390750001,48.397680975,0.0,38.5955487225,38.20817583625,35.01098839525,53.02679390750001,0.0
2026-07-26,22.4651563,6,57,20,7,3,GC,48.369953,36.828005000000005,72.362984,67.60762735,57.77804212142856,51.33275848928572,51.172877381666666,72.362984,36.4250985
2026-07-26,0.0,6,57,20,7,3,TF,48.14776995,24.201686775,53.02679390750001,48.188943425000005,45.4738015725,39.93182477375,35.814022200249994,53.02679390750001,24.201686775
2026-07-27,46.482918,0,58,19,7,3,GC,22.4651563,48.369953,36.828005000000005,70.61397099999999,51.32911768571427,51.33332908214286,51.11356545833333,72.362984,22.4651563
2026-07-27,47.9625377,0,58,19,7,3,TF,0.0,48.14776995,24.201686775,48.334750275000005,38.5896667975,38.206104798750005,35.01009626858333,53.02679390750001,0.0
2026-07-28,84.82067,1,59,18,7,3,GC,46.482918,22.4651563,48.369953,72.238656,47.88182439999999,48.58119436785714,51.049963958333336,72.362984,22.4651563
2026-07-28,24.0243031,1,59,18,7,3,TF,47.9625377,0.0,48.14776995,48.0189857,38.5364935725,39.911184661250005,35.80649923025,53.02679390750001,0.0
2026-07-29,48.247852,2,60,17,7,3,GC,84.82067,46.482918,22.4651563,36.4250985,49.67925497142857,52.917714153571424,53.074671525,84.82067,22.4651563
2026-07-29,96.27492315,2,60,17,7,3,TF,24.0243031,47.9625377,0.0,48.397680975,35.1086817725,39.913808961250005,35.80488206691666,53.02679390750001,0.0
2026-07-30,72.484122,3,61,16,7,3,GC,48.247852,84.82067,46.482918,72.362984,51.368219757142846,52.01409036785714,53.25641345833333,84.82067,22.4651563
2026-07-30,48.195769125,3,61,16,7,3,TF,96.27492315,24.0243031,47.9625377,53.02679390750001,41.94828779750001,41.62948332375,38.212415645250005,96.27492315,0.0
2026-07-31,48.868092,4,62,15,7,3,GC,72.484122,48.247852,84.82067,36.828005000000005,51.38552518571428,51.95960143928572,53.25930249166666,84.82067,22.4651563
2026-07-31,24.1912804,4,62,15,7,3,TF,48.195769125,96.27492315,24.0243031,24.201686775,41.2581414,39.920229886250006,38.209485241083335,96.27492315,0.0
2026-08-01,48.657293,5,63,14,8,3,GC,48.868092,72.484122,48.247852,48.369953,53.1055376142857,53.718456582142856,53.278387025,84.82067,22.4651563
2026-08-01,24.105587975,5,63,14,8,3,TF,24.1912804,48.195769125,96.27492315,48.14776995,41.25665477500001,39.92610174875,37.41481953358333,96.27492315,0.0
2026-08-02,46.801948,6,64,13,8,3,GC,48.657293,48.868092,72.484122,22.4651563,53.14658618571429,55.46231415357143,53.28351709166667,84.82067,22.4651563
2026-08-02,48.2343505,6,64,13,8,3,TF,24.105587975,24.1912804,48.195769125,0.0,37.82205735,41.64792946125,37.41436485441668,96.27492315,0.0
2026-08-03,36.82578,0,65,12,8,3,GC,46.801948,48.657293,48.868092,46.482918,56.62327071428571,53.9761942,52.40594129166666,84.82067,46.482918
2026-08-03,48.32881025,0,65,12,8,3,TF,48.2343505,24.105587975,24.1912804,47.9625377,44.71267885,41.65117282375,38.22032359191667,96.27492315,24.0243031
2026-08-04,70.887911,1,66,11,8,3,GC,36.82578,46.801948,48.657293,84.82067,55.243679571428565,51.56275198571428,52.02296309166666,84.82067,36.82578
2026-08-04,72.414406225,1,66,11,8,3,TF,48.32881025,48.2343505,24.105587975,24.0243031,44.7650035,41.65074853625,39.02833277525,96.27492315,24.0243031
2026-08-05,84.899766,2,67,10,8,3,GC,70.887911,36.82578,46.801948,48.247852,53.25328542857142,51.4662702,52.836736925,72.484122,36.82578
2026-08-05,24.185438375,2,67,10,8,3,TF,72.414406225,48.32881025,48.2343505,96.27492315,51.677875375,43.39327857375,39.84327141608333,96.27492315,24.105587975
2026-08-06,48.392129,3,68,9,8,3,GC,84.899766,70.887911,36.82578,72.484122,58.48927314285714,54.92874645,53.60062967166667,84.899766,36.82578
2026-08-06,48.33776255,3,68,9,8,3,TF,24.185438375,72.414406225,48.32881025,48.195769125,41.37937755,41.66383267375,39.84905023108333,72.414406225,24.105587975
2026-08-07,59.34590405,4,69,8,8,3,GC,48.392129,84.899766,70.887911,48.868092,55.04755985714285,53.216542521428565,53.60624797166667,84.899766,36.82578
2026-08-07,48.208609575,4,69,8,8,3,TF,48.33776255,24.185438375,72.414406225,24.1912804,41.399662325,41.3289018625,40.327484393583326,72.414406225,24.105587975
2026-08-08,48.476576,5,70,7,8,3,GC,59.34590405,48.392129,84.899766,48.657293,56.54439014999999,54.82496388214286,52.77711700666667,84.899766,36.82578
2026-08-08,24.146843525,5,70,7,8,3,TF,48.208609575,48.33776255,24.185438375,24.105587975,44.83070935,43.0436820625,40.32715041775,72.414406225,24.105587975
2026-08-09,24.195908,6,71,6,8,3,GC,48.476576,59.34590405,48.392129,46.801948,56.51857343571428,54.832579810714286,53.59159434000001,84.899766,36.82578
2026-08-09,48.10776635,6,71,6,8,3,TF,24.146843525,48.208609575,48.33776255,48.2343505,44.836603000000004,41.329330174999996,39.52601777191666,72.414406225,24.146843525
2026-08-10,84.930567,0,72,5,8,3,GC,24.195908,48.476576,59.34590405,36.82578,53.28913914999999,54.95620493214286,51.96478647333333,84.899766,24.195908
2026-08-10,24.010949375,0,72,5,8,3,TF,48.10776635,24.146843525,48.208609575,48.32881025,44.818519550000005,44.7655992,40.32602068191667,72.414406225,24.146843525
2026-08-11,48.124631,1,73,4,8,3,GC,84.930567,24.195908,48.476576,70.887911,60.16125157857142,57.702465575000005,53.18137370666667,84.930567,24.195908
2026-08-11,72.248592675,1,73,4,8,3,TF,24.010949375,48.10776635,24.146843525,72.414406225,41.344539425,43.0547714625,40.32582950025,72.414406225,24.010949375
2026-08-12,48.930662,2,74,3,8,3,GC,48.124631,84.930567,24.195908,84.899766,56.909354435714285,55.08131993214285,54.03695580666667,84.930567,24.195908
2026-08-12,48.004705875,2,74,3,8,3,TF,72.248592675,24.010949375,48.10776635,24.185438375,41.320851775,46.499363575000004,41.92877993441667,72.248592675,24.010949375
2026-08-13,72.502037,3,75,2,8,3,GC,48.930662,48.124631,84.930567,48.392129,51.77091100714285,55.13009207499999,52.83421774,84.930567,24.195908
2026-08-13,48.058446625,3,75,2,8,3,TF,48.004705875,72.248592675,24.010949375,48.33776255,44.723604275,43.0514909125,42.72588947608333,72.248592675,24.010949375
2026-08-14,60.583915,4,76,1,8,3,GC,72.502037,48.930662,48.124631,59.34590405,55.21518357857143,55.13137171785714,54.447305873333335,84.930567,24.195908
2026-08-14,24.19284105,4,76,1,8,3,TF,48.058446625,48.004705875,72.248592675,48.208609575,44.68370199999999,43.0416821625,43.52825226691667,72.248592675,24.010949375
2026-08-15,48.102262,5,0,0,8,3,GC,60.583915,72.502037,48.930662,48.476576,55.39204228571428,55.96821621785714,54.436816873333335,84.930567,24.195908
2026-08-15,48.0000521,5,0,0,8,3,TF,24.19284105,48.058446625,48.004705875,24.146843525,41.252877925,43.0417936375,41.92616423275,72.248592675,24.010949375
2026-08-16,46.506868,6,1,57,8,3,GC,48.102262,60.583915,72.502037,24.195908,55.338568857142846,55.92857114642857,53.59866004,84.930567,24.195908
2026-08-16,24.129217,6,1,57,8,3,TF,48.0000521,24.19284105,48.058446625,48.10776635,44.66047915,44.74854107499999,41.12198872775,72.248592675,24.010949375
2026-08-17,60.598546,0,2,56,8,3,GC,46.506868,48.102262,60.583915,84.930567,58.52584885714285,55.90749400357144,54.34075164,84.930567,46.506868
2026-08-17,53.1513225075,0,2,56,8,3,TF,24.129217,48.0000521,24.19284105,24.010949375,41.23497209999999,43.02674582499999,41.12266015025,72.248592675,24.010949375
2026-08-18,46.8216,1,3,55,8,3,GC,60.598546,46.506868,48.102262,48.124631,55.04984585714285,57.60554871785714,55.55259360666667,72.502037,46.506868
2026-08-18,24.07932765,1,3,55,8,3,TF,53.1513225075,24.129217,48.0000521,72.248592675,45.3978825475,43.37121098625,42.8943709005,72.248592675,24.129217
2026-08-19,24.123857,2,4,54,8,3,GC,46.8216,60.598546,46.506868,48.930662,54.86369857142856,55.886526503571424,54.85972602833333,72.502037,46.506868
2026-08-19,48.1531428,2,4,54,8,3,TF,24.07932765,53.1513225075,24.129217,48.004705875,38.5165589725,39.91870537375,42.09071704133333,53.1513225075,24.07932765
2026-08-20,48.194978,3,5,53,8,3,GC,24.123857,46.8216,60.598546,72.502037,51.31986928571428,51.54539014642857,53.310055561666665,72.502037,24.123857
2026-08-20,48.28676825,3,5,53,8,3,TF,48.1531428,24.07932765,53.1513225075,48.058446625,38.53776424749999,41.630684261249996,42.08466345883333,53.1513225075,24.07932765
2026-08-21,60.71347,4,6,52,8,3,GC,48.194978,24.123857,46.8216,60.583915,47.84743228571428,51.53130793214286,52.50859962833333,60.598546,24.123857
2026-08-21,24.15936425,4,6,52,8,3,TF,48.28676825,48.1531428,24.07932765,24.19284105,38.5703816225,41.62704181125,42.09358954383333,53.1513225075,24.07932765
2026-08-22,72.47867,5,7,51,8,3,GC,60.71347,48.194978,24.123857,48.102262,47.865940142857134,51.62899121428571,53.31821201166667,60.71347,24.123857
2026-08-22,48.273715875,5,7,51,8,3,TF,24.15936425,48.28676825,48.1531428,48.0000521,38.5655992225,39.90923857375001,41.285645652999996,53.1513225075,24.07932765
2026-08-23,42.89870545,6,8,50,8,3,GC,72.47867,60.71347,48.194978,46.506868,51.34828414285713,53.3434265,53.32206821166667,72.47867,24.123857
2026-08-23,24.061186625,6,8,50,8,3,TF,48.273715875,24.15936425,48.28676825,24.129217,38.6046940475,41.63258659875,41.12720971858334,53.1513225075,24.07932765
2026-08-24,46.49131,0,9,49,8,3,GC,42.89870545,72.47867,60.71347,60.598546,50.83283234999999,54.67934060357142,53.52442489333334,72.47867,24.123857
2026-08-24,0.0,0,9,49,8,3,TF,24.061186625,48.273715875,24.15936425,53.1513225075,38.5949754225,39.91497376125,41.122526380249994,53.1513225075,24.061186625
2026-08-25,24.06271,1,10,48,8,3,GC,46.49131,42.89870545,72.47867,46.8216,48.81751292142856,51.933679389285714,53.461803460000006,72.47867,24.123857
2026-08-25,72.202978575,1,10,48,8,3,TF,0.0,24.061186625,48.273715875,24.07932765,31.001929349999994,38.19990594875001,39.51760071525,48.28676825,0.0
2026-08-26,72.287156,2,11,47,8,3,GC,24.06271,46.49131,42.89870545,24.123857,45.56624292142856,50.21497074642857,53.51505525,72.47867,24.06271
2026-08-26,48.017271925,2,11,47,8,3,TF,72.202978575,0.0,24.061186625,48.1531428,37.876736625,38.19664779875,41.92436666775,72.202978575,0.0
2026-08-27,72.43097900000001,3,12,46,8,3,GC,72.287156,24.06271,46.49131,48.194978,52.44671420714285,51.883291746428576,54.37519651666666,72.47867,24.06271
2026-08-27,48.3076839,3,12,46,8,3,TF,48.017271925,72.202978575,0.0,48.28676825,37.8573265,38.19754537375,41.92619114191667,72.202978575,0.0
2026-08-28,24.27495,4,13,45,8,3,GC,72.43097900000001,72.287156,24.06271,60.71347,55.909000064285706,51.878216175,53.962206816666665,72.47867,24.06271
2026-08-28,0.0,4,13,45,8,3,TF,48.3076839,48.017271925,72.202978575,24.15936425,37.86031445,38.215348036250006,42.73563716858334,72.202978575,0.0
2026-08-29,67.025996,5,14,44,8,3,GC,24.27495,72.43097900000001,72.287156,72.47867,50.703497207142846,49.28471867500001,53.16311008333333,72.47867,24.06271
2026-08-29,24.055664325,5,14,44,8,3,TF,0.0,48.3076839,48.017271925,48.273715875,34.408976700000004,36.48728796125,39.52647306358333,72.202978575,0.0
2026-08-30,22.421062,6,15,43,8,3,GC,67.025996,24.27495,72.43097900000001,42.89870545,49.92454377857143,50.636413960714286,52.98117255,72.43097900000001,24.06271
2026-08-30,23.9712018,6,15,43,8,3,TF,24.055664325,0.0,48.3076839,24.061186625,30.94925505,34.77697454875,38.72180290358333,72.202978575,0.0
2026-08-31,48.134785,0,16,42,8,3,GC,22.421062,67.025996,24.27495,46.49131,46.999166142857135,48.91599924642857,52.09960488333333,72.43097900000001,22.421062
2026-08-31,47.972550850000005,0,16,42,8,3,TF,23.9712018,24.055664325,0.0,0.0,30.936400075,34.765687748750004,38.71446695025,72.202978575,0.0
