Fecha,toneladas,cargas,pedidos,temp_max,temp_media,lluvia_mm,viento_max,sol_horas,año,mes,dia,semana,dia_semana,nombre_dia,fin_semana,trimestre,Fecha_mes,pernoctaciones,stock_hipo_lag_1,stock_hipo_lag_2,stock_hipo_lag_7,stock_hipo_media_7d,stock_hipo_media_14d,stock_hipo_var_1d,stock_hipo_var_7d,toneladas_lag_1,toneladas_lag_2,toneladas_lag_3,toneladas_lag_7,toneladas_media_7d,toneladas_media_14d,toneladas_media_30d,toneladas_max_7d,toneladas_min_7d,lluvia_lag_1,lluvia_lag_2,lluvia_lag_7,lluvia_lag_14,lluvia_media_7d,lluvia_media_14d,lluvia_media_30d,lluvia_media30_lag14,sol_lag_1,sol_lag_7,sol_lag_14,sol_media_7d,sol_media_14d,sol_media_30d,sol_media30_lag14,temp_media_lag_1,temp_media_lag_2,temp_lag_1,temp_lag_7,temp_lag_14,temp_media_7d,temp_media_14d,temp_media_30d,temp_media30_lag14,viento_lag_1,viento_lag_7,viento_media_7d,viento_media_14d,temp_media_lead_3,sol_horas_lead_3,lluvia_lead_3,viento_lead_3,temp_media_lead_5,sol_horas_lead_5,lluvia_lead_5,viento_lead_5,temp_media_lead_7,sol_horas_lead_7,lluvia_lead_7,viento_lead_7,temp_media_lead_10,sol_horas_lead_10,lluvia_lead_10,viento_lead_10,temp_media_lead_14,sol_horas_lead_14,lluvia_lead_14,viento_lead_14,festivo,dias_hasta_festivo,dias_desde_festivo,forecast_cisternas,ratio_cumplimiento,cancelacion_neta_pct,forecast_ton
2024-03-26,21.194934,2.0,2.0,19.0,17.2,10.4,32.8,11.581613888888889,2024,3,26,13,1,Tuesday,0,1,2024-03-01,2564825.0,,,,,,,,,,,,,,,,,,,,,,,,,,,,,,,,,,,,,,,,,,,,,18.5,11.531463888888888,1.0,38.9,19.0,12.0,0.1,15.3,18.7,12.0,0.0,17.3,21.2,12.0,0.0,15.1,19.2,12.0,0.5,26.3,0,36,80,3.729864250332381,1.229321940583958,-0.2293219405839584,89.51674200797714
2024-03-27,0.0,0.0,0.0,20.5,17.2,0.1,15.8,11.983986111111111,2024,3,27,13,2,Wednesday,0,1,2024-03-01,2564825.0,,,,,,,,21.194934,,,,,,,,,10.4,,,,,,,,11.581613888888889,,,,,,,17.2,,17.2,,,,,,,32.8,,,,18.3,12.0,0.0,8.9,18.7,10.337930555555557,0.2,12.0,19.5,11.506833333333333,0.3,14.6,20.0,6.929741666666667,5.6,25.8,20.8,12.0,0.0,15.5,0,35,81,3.729864250332381,1.229321940583958,-0.2293219405839584,89.51674200797714
2024-03-28,43.230239999999995,2.0,2.0,21.7,17.7,0.0,16.3,12.0,2024,3,28,13,3,Thursday,0,1,2024-03-01,2564825.0,0.0,,,,,0.0,,0.0,21.194934,,,,,,,,0.1,10.4,,,,,,,11.983986111111111,,,,,,,17.2,17.2,17.2,,,,,,,15.8,,,,19.0,12.0,0.1,15.3,18.7,12.0,0.0,17.3,19.7,12.0,0.0,15.0,19.0,12.0,2.0,24.2,25.2,12.0,0.0,8.8,0,34,82,3.729864250332381,1.229321940583958,-0.2293219405839584,89.51674200797714
2024-03-29,22.653965,1.0,1.0,20.7,18.5,1.0,38.9,11.531463888888888,2024,3,29,13,4,Friday,0,1,2024-03-01,2564825.0,0.0,0.0,,,,0.0,,43.230239999999995,0.0,21.194934,,,,,,,0.0,0.1,,,,,,,12.0,,,,,,,17.7,17.2,17.7,,,,,,,16.3,,,,18.7,10.337930555555557,0.2,12.0,19.5,11.506833333333333,0.3,14.6,21.2,12.0,0.0,15.1,19.1,10.607847222222222,5.0,26.0,25.4,12.0,0.0,8.4,0,33,83,3.729864250332381,1.229321940583958,-0.2293219405839584,89.51674200797714
2024-03-30,22.965756,1.0,1.0,22.0,18.3,0.0,8.9,12.0,2024,3,30,13,5,Saturday,1,1,2024-03-01,2564825.0,0.0,0.0,,,,0.0,,22.653965,43.230239999999995,0.0,,,,,,,1.0,0.0,,,,,,,11.531463888888888,,,,,,,18.5,17.7,18.5,,,,,,,38.9,,,,18.7,12.0,0.0,17.3,19.7,12.0,0.0,15.0,20.0,6.929741666666667,5.6,25.8,19.2,12.0,0.5,26.3,23.7,12.0,0.0,14.8,0,32,84,3.729864250332381,1.229321940583958,-0.2293219405839584,89.51674200797714
2024-03-31,0.0,0.0,0.0,22.3,19.0,0.1,15.3,12.0,2024,3,31,13,6,Sunday,1,1,2024-03-01,2564825.0,0.0,0.0,,,,0.0,,22.965756,22.653965,43.230239999999995,,,,,,,0.0,1.0,,,,,,,12.0,,,,,,,18.3,18.5,18.3,,,,,,,8.9,,,,19.5,11.506833333333333,0.3,14.6,21.2,12.0,0.0,15.1,19.0,12.0,2.0,24.2,20.8,12.0,0.0,15.5,23.6,12.02785,0.0,16.3,0,31,85,3.729864250332381,1.229321940583958,-0.2293219405839584,89.51674200797714
2024-04-01,22.97295,1.0,0.0,21.5,18.7,0.2,12.0,10.337930555555557,2024,4,1,14,0,Monday,0,2,2024-04-01,2062656.0,0.0,0.0,,,,0.0,,0.0,22.965756,22.653965,,,,,,,0.1,0.0,,,,,,,12.0,,,,,,,19.0,18.3,19.0,,,,,,,15.3,,,,19.7,12.0,0.0,15.0,20.0,6.929741666666667,5.6,25.8,19.1,10.607847222222222,5.0,26.0,25.2,12.0,0.0,8.8,24.6,12.023575000000001,0.0,16.5,0,30,86,19.72449698990028,1.229321940583958,-0.2293219405839584,473.38792775760675
2024-04-02,23.127162,1.0,1.0,22.1,18.7,0.0,17.3,12.0,2024,4,2,14,1,Tuesday,0,2,2024-04-01,2062656.0,0.0,0.0,,,,0.0,,22.97295,0.0,22.965756,21.194934,19.002549285714284,,,43.230239999999995,0.0,0.2,0.1,10.4,,1.6857142857142857,,,,10.337930555555557,11.581613888888889,,11.633570634920634,,,,18.7,19.0,18.7,17.2,,18.085714285714285,,,,12.0,32.8,20.0,,21.2,12.0,0.0,15.1,19.0,12.0,2.0,24.2,19.2,12.0,0.5,26.3,25.4,12.0,0.0,8.4,24.2,12.019297222222223,0.0,11.8,0,29,87,19.72449698990028,1.229321940583958,-0.2293219405839584,473.38792775760675
2024-04-03,0.0,0.0,0.0,22.4,19.5,0.3,14.6,11.506833333333333,2024,4,3,14,2,Wednesday,0,2,2024-04-01,2062656.0,,,,,,,,23.127162,22.97295,0.0,0.0,19.278581857142857,,,43.230239999999995,0.0,0.0,0.2,0.1,,0.2,,,,12.0,11.983986111111111,,11.69334007936508,,,,18.7,18.7,18.7,17.2,,18.3,,,,17.3,15.8,17.785714285714285,,20.0,6.929741666666667,5.6,25.8,19.1,10.607847222222222,5.0,26.0,20.8,12.0,0.0,15.5,23.7,12.0,0.0,14.8,23.8,12.0,0.0,8.3,0,28,88,19.72449698990028,1.229321940583958,-0.2293219405839584,473.38792775760675
2024-04-04,22.95778,1.0,0.0,22.9,19.7,0.0,15.0,12.0,2024,4,4,14,3,Thursday,0,2,2024-04-01,2062656.0,0.0,0.0,0.0,0.0,,0.0,0.0,0.0,23.127162,22.97295,43.230239999999995,19.278581857142857,,,43.230239999999995,0.0,0.3,0.0,0.0,,0.2285714285714286,,,,11.506833333333333,12.0,,11.625175396825396,,,,19.5,18.7,19.5,17.7,,18.62857142857143,,,,14.6,16.3,17.614285714285714,,19.0,12.0,2.0,24.2,19.2,12.0,0.5,26.3,25.2,12.0,0.0,8.8,23.6,12.02785,0.0,16.3,22.0,11.19686111111111,0.0,17.1,0,27,89,19.72449698990028,1.229321940583958,-0.2293219405839584,473.38792775760675
2024-04-05,23.03013,1.0,1.0,25.4,21.2,0.0,15.1,12.0,2024,4,5,14,4,Friday,0,2,2024-04-01,2062656.0,0.0,0.0,0.0,0.0,,0.0,0.0,22.95778,0.0,23.127162,22.653965,16.382516142857142,,,23.127162,0.0,0.0,0.3,1.0,,0.2285714285714286,,,,12.0,11.531463888888888,,11.625175396825396,,,,19.7,19.5,19.7,18.5,,18.914285714285715,,,,15.0,38.9,17.428571428571427,,19.1,10.607847222222222,5.0,26.0,20.8,12.0,0.0,15.5,25.4,12.0,0.0,8.4,24.6,12.023575000000001,0.0,16.5,20.7,11.405808333333335,0.0,20.4,0,26,90,19.72449698990028,1.229321940583958,-0.2293219405839584,473.38792775760675
2024-04-06,0.0,0.0,0.0,22.0,20.0,5.6,25.8,6.929741666666667,2024,4,6,14,5,Saturday,1,2,2024-04-01,2062656.0,,,,,,,,23.03013,22.95778,0.0,22.965756,16.436253999999998,,,23.127162,0.0,0.0,0.0,0.0,,0.08571428571428573,,,,12.0,12.0,,11.692109126984127,,,,21.2,19.7,21.2,18.3,,19.3,,,,15.1,8.9,14.028571428571428,,19.2,12.0,0.5,26.3,25.2,12.0,0.0,8.8,23.7,12.0,0.0,14.8,24.2,12.019297222222223,0.0,11.8,20.6,11.236169444444444,0.7,19.4,0,25,91,19.72449698990028,1.229321940583958,-0.2293219405839584,473.38792775760675
2024-04-07,23.077773,1.0,1.0,21.3,19.0,2.0,24.2,12.0,2024,4,7,14,6,Sunday,1,2,2024-04-01,2062656.0,0.0,0.0,0.0,0.0,,0.0,0.0,0.0,23.03013,22.95778,0.0,13.155431714285713,,,23.127162,0.0,5.6,0.0,0.1,,0.8857142857142856,,,,6.929741666666667,12.0,,10.967786507936509,,,,20.0,21.2,20.0,19.0,,19.54285714285714,,,,25.8,15.3,16.442857142857143,,20.8,12.0,0.0,15.5,25.4,12.0,0.0,8.4,23.6,12.02785,0.0,16.3,23.8,12.0,0.0,8.3,19.8,12.0,4.4,19.1,0,24,92,19.72449698990028,1.229321940583958,-0.2293219405839584,473.38792775760675
2024-04-08,0.0,0.0,0.0,21.1,19.1,5.0,26.0,10.607847222222222,2024,4,8,15,0,Monday,0,2,2024-04-01,2062656.0,,,,,,,,23.077773,0.0,23.03013,22.97295,16.452256428571427,,,23.127162,0.0,2.0,5.6,0.2,,1.157142857142857,,,,12.0,10.337930555555557,,10.967786507936509,,,,19.0,20.0,19.0,18.7,,19.54285714285714,,,,24.2,12.0,17.714285714285715,,25.2,12.0,0.0,8.8,23.7,12.0,0.0,14.8,24.6,12.023575000000001,0.0,16.5,22.0,11.19686111111111,0.0,17.1,20.0,11.246019444444444,0.3,17.0,0,23,93,19.72449698990028,1.229321940583958,-0.2293219405839584,473.38792775760675
2024-04-09,0.0,0.0,0.0,21.4,19.2,0.5,26.3,12.0,2024,4,9,15,1,Tuesday,0,2,2024-04-01,2062656.0,,,,,,,,0.0,23.077773,0.0,23.127162,13.170406428571429,16.086477857142857,,23.127162,0.0,5.0,2.0,0.0,10.4,1.8428571428571427,1.7642857142857142,,,10.607847222222222,12.0,11.581613888888889,11.006346031746032,11.319958333333334,,,19.1,19.0,19.1,18.7,17.2,19.599999999999998,18.842857142857145,,,26.0,17.3,19.714285714285715,19.857142857142858,25.4,12.0,0.0,8.4,23.6,12.02785,0.0,16.3,24.2,12.019297222222223,0.0,11.8,20.7,11.405808333333335,0.0,20.4,20.1,12.033558333333332,0.0,17.5,0,22,94,19.72449698990028,1.229321940583958,-0.2293219405839584,473.38792775760675
2024-04-10,22.871336,1.0,1.0,24.8,20.8,0.0,15.5,12.0,2024,4,10,15,2,Wednesday,0,2,2024-04-01,2062656.0,0.0,0.0,0.0,0.0,,0.0,0.0,0.0,0.0,23.077773,0.0,9.866526142857143,14.572554,,23.077773,0.0,0.5,5.0,0.3,0.1,1.9142857142857141,1.0571428571428572,,,12.0,11.506833333333333,11.983986111111111,11.006346031746032,11.349843055555557,,,19.2,19.1,19.2,19.5,17.2,19.67142857142857,18.985714285714288,,,26.3,14.6,21.0,19.392857142857142,23.7,12.0,0.0,14.8,24.6,12.023575000000001,0.0,16.5,23.8,12.0,0.0,8.3,20.6,11.236169444444444,0.7,19.4,21.3,12.193594444444445,0.0,13.6,0,21,95,19.72449698990028,1.229321940583958,-0.2293219405839584,473.38792775760675
2024-04-11,24.039623,1.0,1.0,30.3,25.2,0.0,8.8,12.0,2024,4,11,15,3,Thursday,0,2,2024-04-01,2062656.0,0.0,0.0,0.0,0.0,,0.0,0.0,22.871336,0.0,0.0,22.95778,13.133859857142857,16.206220857142856,,23.077773,0.0,0.0,0.5,0.0,0.0,1.8714285714285712,1.05,,,12.0,12.0,12.0,11.076798412698412,11.350986904761907,,,20.8,19.2,20.8,19.7,17.7,19.857142857142858,19.24285714285714,,,15.5,15.0,21.12857142857143,19.37142857142857,23.6,12.02785,0.0,16.3,24.2,12.019297222222223,0.0,11.8,22.0,11.19686111111111,0.0,17.1,19.8,12.0,4.4,19.1,19.4,12.182294444444445,0.0,13.1,0,20,96,19.72449698990028,1.229321940583958,-0.2293219405839584,473.38792775760675
2024-04-12,0.0,0.0,0.0,29.3,25.4,0.0,8.4,12.0,2024,4,12,15,4,Friday,0,2,2024-04-01,2062656.0,,,,,,,,24.039623,22.871336,0.0,23.03013,13.288408857142857,14.8354625,,24.039623,0.0,0.0,0.0,0.0,1.0,1.8714285714285712,1.05,,,12.0,12.0,11.531463888888888,11.076798412698412,11.350986904761907,,,25.2,20.8,25.2,21.2,18.5,20.642857142857142,19.77857142857143,,,8.8,15.1,20.242857142857144,18.835714285714285,24.6,12.023575000000001,0.0,16.5,23.8,12.0,0.0,8.3,20.7,11.405808333333335,0.0,20.4,20.0,11.246019444444444,0.3,17.0,18.9,12.050336111111111,0.0,17.7,0,19,97,19.72449698990028,1.229321940583958,-0.2293219405839584,473.38792775760675
2024-04-13,22.943684,1.0,1.0,28.5,23.7,0.0,14.8,12.0,2024,4,13,15,5,Saturday,1,2,2024-04-01,2062656.0,0.0,0.0,0.0,0.0,,0.0,0.0,0.0,24.039623,22.871336,0.0,9.998390285714285,13.217322142857142,,24.039623,0.0,0.0,0.0,5.6,0.0,1.8714285714285712,0.9785714285714285,,,12.0,6.929741666666667,12.0,11.076798412698412,11.38445376984127,,,25.4,25.2,25.4,20.0,18.3,21.242857142857144,20.271428571428572,,,8.4,25.8,19.285714285714285,16.65714285714286,24.2,12.019297222222223,0.0,11.8,22.0,11.19686111111111,0.0,17.1,20.6,11.236169444444444,0.7,19.4,20.1,12.033558333333332,0.0,17.5,19.1,12.039386111111112,3.9,24.2,0,18,98,19.72449698990028,1.229321940583958,-0.2293219405839584,473.38792775760675
2024-04-14,23.05366,1.0,1.0,28.4,23.6,0.0,16.3,12.02785,2024,4,14,15,6,Sunday,1,2,2024-04-01,2062656.0,0.0,0.0,0.0,0.0,,0.0,0.0,22.943684,0.0,24.039623,23.077773,13.276059428571429,13.215745571428572,,24.039623,0.0,0.0,0.0,2.0,0.1,1.0714285714285714,0.9785714285714285,,,12.0,12.0,12.0,11.801121031746032,11.38445376984127,,,23.7,25.4,23.7,19.0,19.0,21.771428571428572,20.657142857142855,,,14.8,24.2,17.714285714285715,17.07857142857143,23.8,12.0,0.0,8.3,20.7,11.405808333333335,0.0,20.4,19.8,12.0,4.4,19.1,21.3,12.193594444444445,0.0,13.6,18.7,12.041655555555556,3.5,20.2,0,17,99,19.72449698990028,1.229321940583958,-0.2293219405839584,473.38792775760675
2024-04-15,24.079016,1.0,1.0,28.7,24.6,0.0,16.5,12.023575000000001,2024,4,15,16,0,Monday,0,2,2024-04-01,2062656.0,0.0,0.0,0.0,0.0,0.0,0.0,0.0,23.05366,22.943684,0.0,0.0,13.272614714285712,14.862435571428572,,24.039623,0.0,0.0,0.0,5.0,0.2,0.7857142857142857,0.9714285714285715,,,12.02785,10.607847222222222,10.337930555555557,11.805099603174602,11.386443055555556,,,23.6,23.7,23.6,19.1,18.7,22.428571428571427,20.985714285714288,,,16.3,26.0,16.585714285714285,17.15,22.0,11.19686111111111,0.0,17.1,20.6,11.236169444444444,0.7,19.4,20.0,11.246019444444444,0.3,17.0,19.4,12.182294444444445,0.0,13.1,18.5,12.063322222222222,1.9,20.9,0,16,100,19.72449698990028,1.229321940583958,-0.2293219405839584,473.38792775760675
2024-04-16,22.933998,1.0,1.0,27.4,24.2,0.0,11.8,12.019297222222223,2024,4,16,16,1,Tuesday,0,2,2024-04-01,2062656.0,0.0,0.0,0.0,0.0,0.0,0.0,0.0,24.079016,23.05366,22.943684,0.0,16.712474142857143,14.941440285714284,,24.079016,0.0,0.0,0.0,0.5,0.0,0.07142857142857142,0.9571428571428571,,,12.023575000000001,12.0,12.0,12.007346428571429,11.50684623015873,,,24.6,23.6,24.6,19.2,18.7,23.214285714285715,21.407142857142855,,,16.5,26.3,15.228571428571428,17.47142857142857,20.7,11.405808333333335,0.0,20.4,19.8,12.0,4.4,19.1,20.1,12.033558333333332,0.0,17.5,18.9,12.050336111111111,0.0,17.7,19.0,11.0,0.8,19.2,0,15,101,19.72449698990028,1.229321940583958,-0.2293219405839584,473.38792775760675
2024-04-17,0.0,0.0,0.0,27.3,23.8,0.0,8.3,12.0,2024,4,17,16,2,Wednesday,0,2,2024-04-01,2062656.0,,,,,,,,22.933998,24.079016,23.05366,22.871336,19.98875957142857,14.927642857142857,,24.079016,0.0,0.0,0.0,0.0,0.3,0.0,0.9571428571428571,,,12.019297222222223,12.0,11.506833333333333,12.010103174603175,11.508224603174602,,,24.2,24.6,24.2,20.8,19.5,23.928571428571427,21.8,,,11.8,15.5,13.157142857142858,17.07857142857143,20.6,11.236169444444444,0.7,19.4,20.0,11.246019444444444,0.3,17.0,21.3,12.193594444444445,0.0,13.6,19.1,12.039386111111112,3.9,24.2,19.3,11.549236111111112,0.4,17.7,0,14,102,19.72449698990028,1.229321940583958,-0.2293219405839584,473.38792775760675
2024-04-18,0.0,0.0,0.0,24.9,22.0,0.0,17.1,11.19686111111111,2024,4,18,16,3,Thursday,0,2,2024-04-01,2062656.0,,,,,,,,0.0,22.933998,24.079016,24.039623,16.721425857142858,14.927642857142857,,24.079016,0.0,0.0,0.0,0.0,0.0,0.0,0.9357142857142858,,,12.0,12.0,12.0,12.010103174603175,11.543450793650793,,,23.8,24.2,23.8,25.2,19.7,24.357142857142858,22.107142857142858,,,8.3,8.8,12.12857142857143,16.62857142857143,19.8,12.0,4.4,19.1,20.1,12.033558333333332,0.0,17.5,19.4,12.182294444444445,0.0,13.1,18.7,12.041655555555556,3.5,20.2,19.6,11.4672,0.2,17.7,0,13,103,19.72449698990028,1.229321940583958,-0.2293219405839584,473.38792775760675
2024-04-19,47.052080000000004,2.0,2.0,23.0,20.7,0.0,20.4,11.405808333333335,2024,4,19,16,4,Friday,0,2,2024-04-01,2062656.0,0.0,0.0,0.0,0.0,0.0,0.0,0.0,0.0,0.0,22.933998,0.0,13.287194,13.287801428571427,,24.079016,0.0,0.0,0.0,0.0,0.0,0.0,0.9357142857142858,,,11.19686111111111,12.0,12.0,11.895369047619047,11.48608373015873,,,22.0,23.8,22.0,25.4,21.2,23.900000000000002,22.271428571428572,,,17.1,8.4,13.314285714285717,16.77857142857143,20.0,11.246019444444444,0.3,17.0,21.3,12.193594444444445,0.0,13.6,18.9,12.050336111111111,0.0,17.7,18.5,12.063322222222222,1.9,20.9,18.8,12.54881388888889,0.0,13.4,0,12,104,19.72449698990028,1.229321940583958,-0.2293219405839584,473.38792775760675
2024-04-20,46.044256000000004,2.0,2.0,23.9,20.6,0.7,19.4,11.236169444444444,2024,4,20,16,5,Saturday,1,2,2024-04-01,2062656.0,0.0,0.0,0.0,0.0,0.0,0.0,0.0,47.052080000000004,0.0,0.0,22.943684,20.008919714285717,15.003655,,47.052080000000004,0.0,0.0,0.0,0.0,5.6,0.0,0.9357142857142858,,,11.405808333333335,12.0,6.929741666666667,11.810484523809524,11.443641468253968,,,20.7,22.0,20.7,23.7,20.0,23.228571428571428,22.235714285714284,,,20.4,14.8,15.028571428571428,17.157142857142855,20.1,12.033558333333332,0.0,17.5,19.4,12.182294444444445,0.0,13.1,19.1,12.039386111111112,3.9,24.2,19.0,11.0,0.8,19.2,19.0,12.615002777777779,0.0,13.0,0,11,105,19.72449698990028,1.229321940583958,-0.2293219405839584,473.38792775760675
2024-04-21,23.01549,1.0,1.0,22.3,19.8,4.4,19.1,12.0,2024,4,21,16,6,Sunday,1,2,2024-04-01,2062656.0,0.0,0.0,0.0,0.0,0.0,0.0,0.0,46.044256000000004,47.052080000000004,0.0,23.05366,23.30900142857143,18.292530428571432,,47.052080000000004,0.0,0.7,0.0,0.0,2.0,0.09999999999999999,0.5857142857142856,,,11.236169444444444,12.02785,12.0,11.701365873015874,11.751243452380951,,,20.6,20.7,20.6,23.6,19.0,22.785714285714285,22.27857142857143,,,19.4,16.3,15.685714285714287,16.7,21.3,12.193594444444445,0.0,13.6,18.9,12.050336111111111,0.0,17.7,18.7,12.041655555555556,3.5,20.2,19.3,11.549236111111112,0.4,17.7,19.7,11.82238611111111,0.0,10.3,0,10,106,19.72449698990028,1.229321940583958,-0.2293219405839584,473.38792775760675
2024-04-22,23.950188,1.0,1.0,22.3,20.0,0.3,17.0,11.246019444444444,2024,4,22,17,0,Monday,0,2,2024-04-01,2062656.0,0.0,0.0,0.0,0.0,0.0,0.0,0.0,23.01549,46.044256000000004,47.052080000000004,24.079016,23.30354857142857,18.288081642857144,,47.052080000000004,0.0,4.4,0.7,0.0,5.0,0.7285714285714286,0.7571428571428572,,,12.0,12.023575000000001,10.607847222222222,11.697387301587302,11.751243452380951,,,19.8,20.6,19.8,24.6,19.1,22.242857142857144,22.335714285714285,,,19.1,16.5,16.085714285714285,16.335714285714285,19.4,12.182294444444445,0.0,13.1,19.1,12.039386111111112,3.9,24.2,18.5,12.063322222222222,1.9,20.9,19.6,11.4672,0.2,17.7,20.4,12.286427777777778,0.0,12.4,0,9,107,19.72449698990028,1.229321940583958,-0.2293219405839584,473.38792775760675
2024-04-23,46.221447999999995,2.0,2.0,23.3,20.1,0.0,17.5,12.033558333333332,2024,4,23,17,1,Tuesday,0,2,2024-04-01,2062656.0,0.0,0.0,0.0,0.0,0.0,0.0,0.0,23.950188,23.01549,46.044256000000004,22.933998,23.28514457142857,19.998809357142857,,47.052080000000004,0.0,0.3,4.4,0.0,0.5,0.7714285714285715,0.42142857142857143,,,11.246019444444444,12.019297222222223,12.0,11.586307936507936,11.796827182539683,,,20.0,19.8,20.0,24.2,19.2,21.58571428571429,22.400000000000002,,,17.0,11.8,16.157142857142855,15.692857142857141,18.9,12.050336111111111,0.0,17.7,18.7,12.041655555555556,3.5,20.2,19.0,11.0,0.8,19.2,18.8,12.54881388888889,0.0,13.4,20.8,12.436205555555555,0.0,10.5,0,8,108,19.72449698990028,1.229321940583958,-0.2293219405839584,473.38792775760675
2024-04-24,23.13893,1.0,1.0,24.7,21.3,0.0,13.6,12.193594444444445,2024,4,24,17,2,Wednesday,0,2,2024-04-01,2062656.0,0.0,0.0,0.0,0.0,0.0,0.0,0.0,46.221447999999995,23.950188,23.01549,0.0,26.61192314285714,23.30034135714286,,47.052080000000004,0.0,0.0,0.3,0.0,0.0,0.7714285714285715,0.38571428571428573,,,12.033558333333332,12.0,12.0,11.588345238095238,11.799224206349205,,,20.1,20.0,20.1,23.8,20.8,21.0,22.464285714285715,,,17.5,8.3,16.97142857142857,15.064285714285713,19.1,12.039386111111112,3.9,24.2,18.5,12.063322222222222,1.9,20.9,19.3,11.549236111111112,0.4,17.7,19.0,12.615002777777779,0.0,13.0,22.2,12.580858333333332,0.0,14.8,0,7,109,19.72449698990028,1.229321940583958,-0.2293219405839584,473.38792775760675
2024-04-25,24.17513,1.0,1.0,22.9,19.4,0.0,13.1,12.182294444444445,2024,4,25,17,3,Thursday,0,2,2024-04-01,2062656.0,0.0,0.0,0.0,0.0,0.0,0.0,0.0,23.13893,46.221447999999995,23.950188,0.0,29.91748457142857,23.319455214285714,19.1518133,47.052080000000004,0.0,0.0,0.0,0.0,0.0,0.7714285714285715,0.38571428571428573,1.02,,12.193594444444445,11.19686111111111,12.0,11.616001587301586,11.813052380952382,11.595405,,21.3,20.1,21.3,22.0,25.2,20.642857142857142,22.5,20.626666666666665,,13.6,17.1,17.728571428571428,14.928571428571429,18.7,12.041655555555556,3.5,20.2,19.0,11.0,0.8,19.2,19.6,11.4672,0.2,17.7,19.7,11.82238611111111,0.0,10.3,22.4,11.243980555555556,0.0,19.6,0,6,110,19.72449698990028,1.229321940583958,-0.2293219405839584,473.38792775760675
2024-04-26,0.0,0.0,0.0,21.7,18.9,0.0,17.7,12.050336111111111,2024,4,26,17,4,Friday,0,2,2024-04-01,2062656.0,,,,,,,,24.17513,23.13893,46.221447999999995,47.052080000000004,33.37107457142857,23.329134285714286,19.251153166666665,47.052080000000004,23.01549,0.0,0.0,0.0,0.0,0.7714285714285715,0.38571428571428573,0.6733333333333335,,12.182294444444445,11.405808333333335,12.0,11.75677777777778,11.826073412698412,11.615427685185184,,19.4,21.3,19.4,20.7,25.4,20.271428571428572,22.08571428571429,20.7,,13.1,20.4,17.15714285714286,15.235714285714286,18.5,12.063322222222222,1.9,20.9,19.3,11.549236111111112,0.4,17.7,18.8,12.54881388888889,0.0,13.4,20.4,12.286427777777778,0.0,12.4,21.1,12.409769444444445,0.1,21.7,0,5,111,19.72449698990028,1.229321940583958,-0.2293219405839584,473.38792775760675
2024-04-27,0.0,0.0,0.0,22.6,19.1,3.9,24.2,12.039386111111112,2024,4,27,17,5,Saturday,1,2,2024-04-01,2062656.0,,,,,,,,0.0,24.17513,23.13893,46.044256000000004,26.649348857142858,23.329134285714286,19.251153166666665,46.221447999999995,0.0,0.0,0.0,0.7,0.0,0.7714285714285715,0.38571428571428573,0.67,,12.050336111111111,11.236169444444444,12.0,11.848853174603175,11.829668849206348,11.617639351851851,,18.9,19.4,18.9,20.6,23.7,20.014285714285712,21.62142857142857,20.756666666666668,,17.7,19.4,16.771428571428572,15.9,19.0,11.0,0.8,19.2,19.6,11.4672,0.2,17.7,19.0,12.615002777777779,0.0,13.0,20.8,12.436205555555555,0.0,10.5,20.5,12.707569444444445,0.2,20.9,0,4,112,19.72449698990028,1.229321940583958,-0.2293219405839584,473.38792775760675
2024-04-28,46.162319,2.0,2.0,21.1,18.7,3.5,20.2,12.041655555555556,2024,4,28,17,6,Sunday,1,2,2024-04-01,2062656.0,0.0,0.0,0.0,0.0,0.0,0.0,0.0,0.0,0.0,24.17513,23.01549,20.071597999999998,21.690299714285715,17.810145166666665,46.221447999999995,0.0,3.9,0.0,4.4,0.0,1.2285714285714284,0.6642857142857144,0.8,,12.039386111111112,12.0,12.02785,11.963598412698413,11.832482142857142,11.618952222222221,,19.1,18.9,19.1,19.8,23.6,19.8,21.292857142857144,20.803333333333335,,24.2,19.1,17.457142857142856,16.571428571428573,19.3,11.549236111111112,0.4,17.7,18.8,12.54881388888889,0.0,13.4,19.7,11.82238611111111,0.0,10.3,22.2,12.580858333333332,0.0,14.8,19.7,11.574366666666666,0.8,20.0,0,3,113,19.72449698990028,1.229321940583958,-0.2293219405839584,473.38792775760675
2024-04-29,23.003432,1.0,1.0,20.8,18.5,1.9,20.9,12.063322222222222,2024,4,29,18,0,Monday,0,2,2024-04-01,2062656.0,0.0,0.0,0.0,0.0,0.0,0.0,0.0,46.162319,0.0,0.0,23.950188,23.378287857142855,23.340918214285715,18.593756966666668,46.221447999999995,0.0,3.5,3.9,0.3,0.0,1.0999999999999999,0.9142857142857144,0.8833333333333333,,12.041655555555556,11.246019444444444,12.023575000000001,11.969549206349205,11.833468253968253,11.63595861111111,,18.7,19.1,18.7,20.0,24.6,19.642857142857142,20.942857142857143,20.81,,20.2,17.0,17.614285714285714,16.85,19.6,11.4672,0.2,17.7,19.0,12.615002777777779,0.0,13.0,20.4,12.286427777777778,0.0,12.4,22.4,11.243980555555556,0.0,19.6,20.0,11.811241666666668,0.1,20.0,0,2,114,19.72449698990028,1.229321940583958,-0.2293219405839584,473.38792775760675
2024-04-30,24.095781,1.0,1.0,21.3,19.0,0.8,19.2,11.0,2024,4,30,18,1,Tuesday,0,2,2024-04-01,2062656.0,0.0,0.0,0.0,0.0,0.0,0.0,0.0,23.003432,46.162319,0.0,46.221447999999995,23.243036999999998,23.264090785714284,18.59501283333333,46.221447999999995,0.0,1.9,3.5,0.0,0.0,1.3285714285714287,1.05,0.9466666666666667,,12.063322222222222,12.033558333333332,12.019297222222223,12.086306746031747,11.83630734126984,11.63806935185185,,18.5,18.7,18.5,20.1,24.2,19.428571428571427,20.50714285714286,20.816666666666666,,20.9,17.5,18.17142857142857,17.164285714285715,18.8,12.54881388888889,0.0,13.4,19.7,11.82238611111111,0.0,10.3,20.8,12.436205555555555,0.0,10.5,21.1,12.409769444444445,0.1,21.7,19.7,7.3707666666666665,5.5,19.9,0,1,115,19.72449698990028,1.229321940583958,-0.2293219405839584,473.38792775760675
2024-05-01,23.002705,1.0,1.0,21.7,19.3,0.4,17.7,11.549236111111112,2024,5,1,18,2,Wednesday,0,2,2024-05-01,1924964.0,0.0,0.0,0.0,0.0,0.0,0.0,0.0,24.095781,23.003432,46.162319,23.13893,20.08222742857143,23.347075285714286,19.398205533333332,46.162319,0.0,0.8,1.9,0.0,0.0,1.4428571428571428,1.1071428571428572,0.97,,11.0,12.193594444444445,12.0,11.938655555555556,11.763500396825396,11.604736018518517,,19.0,18.5,19.0,21.3,23.8,19.271428571428572,20.13571428571429,20.816666666666666,,19.2,13.6,18.414285714285715,17.692857142857143,19.0,12.615002777777779,0.0,13.0,20.4,12.286427777777778,0.0,12.4,22.2,12.580858333333332,0.0,14.8,20.5,12.707569444444445,0.2,20.9,18.8,7.4106805555555555,3.0,19.5,1,0,0,19.75266295727106,1.229321940583958,-0.2293219405839584,474.06391097450546
2024-05-02,0.0,0.0,0.0,21.6,19.6,0.2,17.7,11.4672,2024,5,2,18,3,Thursday,0,2,2024-05-01,1924964.0,,,,,,,,23.002705,24.095781,23.003432,24.17513,20.062766714285715,24.990125642857144,19.399197366666666,46.162319,0.0,0.4,0.8,0.0,0.0,1.5,1.1357142857142857,0.9766666666666667,,11.549236111111112,12.182294444444445,11.19686111111111,11.846604365079367,11.731302976190477,11.64511287037037,,19.3,19.0,19.3,19.4,22.0,18.985714285714288,19.814285714285717,20.836666666666666,,17.7,13.1,19.0,18.36428571428571,19.7,11.82238611111111,0.0,10.3,20.8,12.436205555555555,0.0,10.5,22.4,11.243980555555556,0.0,19.6,19.7,11.574366666666666,0.8,20.0,18.9,10.923972222222224,2.6,19.8,0,28,1,19.75266295727106,1.229321940583958,-0.2293219405839584,474.06391097450546
2024-05-03,0.0,0.0,0.0,21.7,18.8,0.0,13.4,12.54881388888889,2024,5,3,18,4,Friday,0,2,2024-05-01,1924964.0,,,,,,,,0.0,23.002705,24.095781,0.0,16.609176714285713,24.990125642857144,18.628291966666666,46.162319,0.0,0.2,0.4,0.0,0.0,1.5285714285714285,1.1500000000000001,0.9833333333333333,,11.4672,12.050336111111111,11.405808333333335,11.744448015873015,11.750612896825396,11.627352870370371,,19.6,19.3,19.6,18.9,20.7,19.014285714285712,19.642857142857142,20.866666666666667,,17.7,17.7,19.657142857142855,18.407142857142855,20.4,12.286427777777778,0.0,12.4,22.2,12.580858333333332,0.0,14.8,21.1,12.409769444444445,0.1,21.7,20.0,11.811241666666668,0.1,20.0,19.7,11.581777777777779,2.4,17.3,0,27,2,19.75266295727106,1.229321940583958,-0.2293219405839584,474.06391097450546
2024-05-04,22.999854,1.0,1.0,22.5,19.0,0.0,13.0,12.615002777777779,2024,5,4,18,5,Saturday,1,2,2024-05-01,1924964.0,0.0,0.0,0.0,0.0,0.0,0.0,0.0,0.0,0.0,23.002705,0.0,16.609176714285713,21.629262785714285,18.628291966666666,46.162319,0.0,0.0,0.2,3.9,0.7,1.5285714285714285,1.1500000000000001,0.9733333333333333,,12.54881388888889,12.039386111111112,11.236169444444444,11.815659126984128,11.832256150793652,11.662085555555555,,18.8,19.6,18.8,19.1,20.6,19.0,19.50714285714286,20.843333333333337,,13.4,24.2,19.042857142857144,17.90714285714286,20.8,12.436205555555555,0.0,10.5,22.4,11.243980555555556,0.0,19.6,20.5,12.707569444444445,0.2,20.9,19.7,7.3707666666666665,5.5,19.9,19.7,12.657597222222222,2.6,13.3,0,26,3,19.75266295727106,1.229321940583958,-0.2293219405839584,474.06391097450546
2024-05-05,47.19,2.0,2.0,23.6,19.7,0.0,10.3,11.82238611111111,2024,5,5,18,6,Sunday,1,2,2024-05-01,1924964.0,0.0,0.0,0.0,0.0,0.0,0.0,0.0,22.999854,0.0,0.0,46.162319,19.894870142857144,19.98323407142857,18.629694433333334,46.162319,0.0,0.0,0.0,3.5,4.4,0.9714285714285714,1.1,0.9733333333333333,,12.615002777777779,12.041655555555556,12.0,11.89789007936508,11.930744246031747,11.682585648148148,,19.0,18.8,19.0,18.7,19.8,18.985714285714288,19.392857142857142,20.82,,13.0,20.2,17.442857142857143,17.45,22.2,12.580858333333332,0.0,14.8,21.1,12.409769444444445,0.1,21.7,19.7,11.574366666666666,0.8,20.0,18.8,7.4106805555555555,3.0,19.5,19.3,12.650897222222223,0.2,13.1,0,25,4,19.75266295727106,1.229321940583958,-0.2293219405839584,474.06391097450546
2024-05-06,23.036984,1.0,1.0,23.3,20.4,0.0,12.4,12.286427777777778,2024,5,6,19,0,Monday,0,2,2024-05-01,1924964.0,0.0,0.0,0.0,0.0,0.0,0.0,0.0,47.19,22.999854,0.0,23.003432,20.041681714285712,21.709984785714287,19.435023433333335,47.19,0.0,0.0,0.0,1.9,0.3,0.4714285714285714,0.7857142857142857,0.9733333333333333,,11.82238611111111,12.063322222222222,11.246019444444444,11.866565873015873,11.91805753968254,11.676665185185184,,19.7,19.0,19.7,18.5,20.0,19.12857142857143,19.385714285714283,20.769999999999996,,10.3,20.9,16.02857142857143,16.82142857142857,22.4,11.243980555555556,0.0,19.6,20.5,12.707569444444445,0.2,20.9,20.0,11.811241666666668,0.1,20.0,18.9,10.923972222222224,2.6,19.8,19.4,12.876733333333332,0.0,18.7,0,24,5,19.75266295727106,1.229321940583958,-0.2293219405839584,474.06391097450546
2024-05-07,23.00521,1.0,1.0,24.5,20.8,0.0,10.5,12.436205555555555,2024,5,7,19,1,Tuesday,0,2,2024-05-01,1924964.0,0.0,0.0,0.0,0.0,0.0,0.0,0.0,23.036984,47.19,22.999854,24.095781,20.046474857142858,21.644755928571424,20.2029229,47.19,0.0,0.0,0.0,0.8,0.0,0.2,0.7642857142857142,0.7866666666666667,,12.286427777777778,11.0,12.033558333333332,11.898438095238095,11.99237242063492,11.855221388888888,,20.4,19.7,20.4,19.0,20.1,19.400000000000002,19.414285714285715,20.783333333333335,,12.4,19.2,14.814285714285715,16.492857142857144,21.1,12.409769444444445,0.1,21.7,19.7,11.574366666666666,0.8,20.0,19.7,7.3707666666666665,5.5,19.9,19.7,11.581777777777779,2.4,17.3,19.8,10.971944444444444,0.0,18.3,0,23,6,19.75266295727106,1.229321940583958,-0.2293219405839584,474.06391097450546
2024-05-08,24.153844,1.0,1.0,26.9,22.2,0.0,14.8,12.580858333333332,2024,5,8,19,2,Wednesday,0,2,2024-05-01,1924964.0,0.0,0.0,0.0,0.0,0.0,0.0,0.0,23.00521,23.036984,47.19,23.002705,19.890679000000002,19.986453214285714,20.200504133333332,47.19,0.0,0.0,0.0,0.4,0.0,0.08571428571428573,0.7642857142857142,0.7200000000000001,1.02,12.436205555555555,11.549236111111112,12.193594444444445,12.103610317460317,12.021132936507936,11.869761574074074,11.595405,20.8,20.4,20.8,19.3,21.3,19.657142857142862,19.464285714285715,20.84333333333333,20.626666666666665,10.5,17.7,13.571428571428571,15.992857142857142,20.5,12.707569444444445,0.2,20.9,20.0,11.811241666666668,0.1,20.0,18.8,7.4106805555555555,3.0,19.5,19.7,12.657597222222222,2.6,13.3,19.4,10.086230555555556,1.9,20.0,0,22,7,19.75266295727106,1.229321940583958,-0.2293219405839584,474.06391097450546
2024-05-09,0.0,0.0,0.0,24.9,22.4,0.0,19.6,11.243980555555556,2024,5,9,19,3,Thursday,0,2,2024-05-01,1924964.0,,,,,,,,24.153844,23.00521,23.036984,0.0,20.05512742857143,20.058947071428573,21.00563226666667,47.19,0.0,0.0,0.0,0.2,0.0,0.028571428571428574,0.7642857142857142,0.5533333333333333,0.6733333333333335,12.580858333333332,11.4672,12.182294444444445,12.25098492063492,12.048794642857143,11.935528611111112,11.615427685185184,22.2,20.8,22.2,19.6,19.4,20.071428571428573,19.52857142857143,20.94666666666667,20.7,14.8,17.7,13.157142857142857,16.07857142857143,19.7,11.574366666666666,0.8,20.0,19.7,7.3707666666666665,5.5,19.9,18.9,10.923972222222224,2.6,19.8,19.3,12.650897222222223,0.2,13.1,19.9,12.625897222222223,2.3,17.8,0,21,8,19.75266295727106,1.229321940583958,-0.2293219405839584,474.06391097450546
2024-05-10,46.051244999999994,2.0,2.0,24.4,21.1,0.1,21.7,12.409769444444445,2024,5,10,19,4,Friday,0,2,2024-05-01,1924964.0,0.0,0.0,0.0,0.0,0.0,0.0,0.0,0.0,24.153844,23.00521,0.0,20.05512742857143,18.33215207142857,21.00563226666667,47.19,0.0,0.0,0.0,0.0,0.0,0.0,0.7642857142857142,0.5366666666666667,0.67,11.243980555555556,12.54881388888889,12.050336111111111,12.21909642857143,11.981772222222222,11.910327962962961,11.617639351851851,22.4,22.2,22.4,18.8,18.9,20.47142857142857,19.742857142857144,21.053333333333335,20.756666666666668,19.6,13.4,13.428571428571429,16.54285714285714,20.0,11.811241666666668,0.1,20.0,18.8,7.4106805555555555,3.0,19.5,19.7,11.581777777777779,2.4,17.3,19.4,12.876733333333332,0.0,18.7,19.6,12.553991666666667,1.6,20.3,0,20,9,19.75266295727106,1.229321940583958,-0.2293219405839584,474.06391097450546
2024-05-11,0.0,0.0,0.0,23.3,20.5,0.2,20.9,12.707569444444445,2024,5,11,19,5,Saturday,1,2,2024-05-01,1924964.0,,,,,,,,46.051244999999994,0.0,24.153844,22.999854,26.633876714285716,21.621526714285714,21.7782959,47.19,0.0,0.1,0.0,0.0,3.9,0.014285714285714287,0.7714285714285715,0.5400000000000001,0.8,12.409769444444445,12.615002777777779,12.039386111111112,12.199232936507936,12.007446031746031,11.923986944444444,11.618952222222221,21.1,22.4,21.1,19.0,19.1,20.8,19.9,21.063333333333336,20.803333333333335,21.7,13.0,14.614285714285716,16.82857142857143,19.7,7.3707666666666665,5.5,19.9,18.9,10.923972222222224,2.6,19.8,19.7,12.657597222222222,2.6,13.3,19.8,10.971944444444444,0.0,18.3,20.0,12.771272222222223,0.0,19.9,0,19,10,19.75266295727106,1.229321940583958,-0.2293219405839584,474.06391097450546
2024-05-12,0.0,0.0,0.0,21.9,19.7,0.8,20.0,11.574366666666666,2024,5,12,19,6,Sunday,1,2,2024-05-01,1924964.0,,,,,,,,0.0,46.051244999999994,0.0,47.19,23.34818328571428,21.621526714285714,20.976975133333333,47.19,0.0,0.2,0.1,0.0,3.5,0.042857142857142864,0.5071428571428571,0.5466666666666667,0.8833333333333333,12.707569444444445,11.82238611111111,12.041655555555556,12.212456746031746,12.055173412698412,11.947572592592593,11.63595861111111,20.5,21.1,20.5,19.7,18.7,21.014285714285712,20.0,20.90666666666667,20.81,20.9,10.3,15.742857142857144,16.59285714285714,18.8,7.4106805555555555,3.0,19.5,19.7,11.581777777777779,2.4,17.3,19.3,12.650897222222223,0.2,13.1,19.4,10.086230555555556,1.9,20.0,20.7,13.078822222222223,0.0,18.9,0,18,11,19.75266295727106,1.229321940583958,-0.2293219405839584,474.06391097450546
2024-05-13,45.87074,2.0,2.0,22.1,20.0,0.1,20.0,11.811241666666668,2024,5,13,20,0,Monday,0,2,2024-05-01,1924964.0,0.0,0.0,0.0,0.0,0.0,0.0,0.0,0.0,0.0,46.051244999999994,23.036984,16.606754714285714,18.324218214285715,20.976975133333333,46.051244999999994,0.0,0.8,0.2,0.0,1.9,0.15714285714285717,0.31428571428571433,0.5733333333333335,0.9466666666666667,11.574366666666666,12.286427777777778,12.063322222222222,12.177025396825396,12.021795634920636,11.933384814814815,11.63806935185185,19.7,20.5,19.7,20.4,18.5,21.014285714285712,20.071428571428573,20.716666666666665,20.816666666666666,20.0,12.4,17.128571428571426,16.57857142857143,18.9,10.923972222222224,2.6,19.8,19.7,12.657597222222222,2.6,13.3,19.4,12.876733333333332,0.0,18.7,19.9,12.625897222222223,2.3,17.8,20.5,12.447413888888889,0.0,22.3,0,17,12,19.75266295727106,1.229321940583958,-0.2293219405839584,474.06391097450546
2024-05-14,23.047564,1.0,1.0,22.9,19.7,5.5,19.9,7.3707666666666665,2024,5,14,20,1,Tuesday,0,2,2024-05-01,1924964.0,0.0,0.0,0.0,0.0,0.0,0.0,0.0,45.87074,0.0,0.0,23.00521,19.868719857142853,19.957597357142856,21.741210333333335,46.051244999999994,0.0,0.1,0.8,0.0,0.8,0.17142857142857146,0.18571428571428572,0.5766666666666667,0.97,11.811241666666668,12.436205555555555,11.0,12.109141666666668,12.003789880952382,11.92709287037037,11.604736018518517,20.0,19.7,20.0,20.8,19.0,20.957142857142856,20.178571428571427,20.59333333333333,20.816666666666666,20.0,10.5,18.214285714285715,16.514285714285712,19.7,11.581777777777779,2.4,17.3,19.3,12.650897222222223,0.2,13.1,19.8,10.971944444444444,0.0,18.3,19.6,12.553991666666667,1.6,20.3,19.8,11.679436111111112,0.4,19.7,0,16,13,19.75266295727106,1.229321940583958,-0.2293219405839584,474.06391097450546
2024-05-15,24.044373,1.0,1.0,20.7,18.8,3.0,19.5,7.4106805555555555,2024,5,15,20,2,Wednesday,0,2,2024-05-01,1924964.0,0.0,0.0,0.0,0.0,0.0,0.0,0.0,23.047564,45.87074,0.0,24.153844,19.874770428571427,19.88272471428571,21.741007133333333,46.051244999999994,0.0,5.5,0.1,0.0,0.4,0.9571428571428572,0.5214285714285715,0.76,0.9766666666666667,7.3707666666666665,12.580858333333332,11.549236111111112,11.38550753968254,11.744558928571431,11.77185675925926,11.64511287037037,19.7,20.0,19.7,22.2,19.3,20.8,20.22857142857143,20.46333333333333,20.836666666666666,19.9,14.8,19.557142857142857,16.564285714285713,19.7,12.657597222222222,2.6,13.3,19.4,12.876733333333332,0.0,18.7,19.4,10.086230555555556,1.9,20.0,20.0,12.771272222222223,0.0,19.9,20.4,13.260405555555556,0.0,24.3,0,15,14,19.75266295727106,1.229321940583958,-0.2293219405839584,474.06391097450546
2024-05-16,0.0,0.0,0.0,21.5,18.9,2.6,19.8,10.923972222222224,2024,5,16,20,3,Thursday,0,2,2024-05-01,1924964.0,,,,,,,,24.044373,23.047564,45.87074,0.0,19.859131714285713,19.95712957142857,21.739852366666664,46.051244999999994,0.0,3.0,5.5,0.0,0.2,1.3857142857142857,0.7071428571428571,0.86,0.9833333333333333,7.4106805555555555,11.243980555555556,11.4672,10.646910714285713,11.448947817460319,11.61809361111111,11.627352870370371,18.8,19.7,18.8,22.4,19.6,20.314285714285713,20.192857142857143,20.27,20.866666666666667,19.5,19.6,20.228571428571428,16.692857142857143,19.3,12.650897222222223,0.2,13.1,19.8,10.971944444444444,0.0,18.3,19.9,12.625897222222223,2.3,17.8,20.7,13.078822222222223,0.0,18.9,20.7,13.219541666666666,0.0,26.6,0,14,15,19.75266295727106,1.229321940583958,-0.2293219405839584,474.06391097450546
2024-05-17,0.0,0.0,0.0,21.9,19.7,2.4,17.3,11.581777777777779,2024,5,17,20,4,Friday,0,2,2024-05-01,1924964.0,,,,,,,,0.0,24.044373,23.047564,46.051244999999994,19.859131714285713,19.95712957142857,20.975385766666665,46.051244999999994,0.0,2.6,3.0,0.1,0.0,1.7571428571428573,0.8785714285714287,0.9466666666666668,0.9733333333333333,10.923972222222224,12.409769444444445,12.54881388888889,10.60119523809524,11.410145833333333,11.581582777777777,11.662085555555555,18.9,18.8,18.9,21.1,18.8,19.814285714285713,20.142857142857142,20.09333333333333,20.843333333333337,19.8,21.7,20.25714285714286,16.842857142857145,19.4,12.876733333333332,0.0,18.7,19.4,10.086230555555556,1.9,20.0,19.6,12.553991666666667,1.6,20.3,20.5,12.447413888888889,0.0,22.3,20.8,11.616325,0.8,28.0,0,13,16,19.75266295727106,1.229321940583958,-0.2293219405839584,474.06391097450546
2024-05-18,23.09119,1.0,1.0,22.3,19.7,2.6,13.3,12.657597222222222,2024,5,18,20,5,Saturday,1,2,2024-05-01,1924964.0,0.0,0.0,0.0,0.0,0.0,0.0,0.0,0.0,0.0,24.044373,0.0,13.280382428571428,19.95712957142857,20.975385766666665,45.87074,0.0,2.4,2.6,0.2,0.0,2.085714285714286,1.05,1.0266666666666666,0.9733333333333333,11.581777777777779,12.707569444444445,12.615002777777779,10.482910714285714,11.341071825396824,11.567642037037038,11.682585648148148,19.7,18.9,19.7,20.5,19.0,19.61428571428571,20.207142857142856,19.956666666666667,20.82,17.3,20.9,19.62857142857143,17.12142857142857,19.8,10.971944444444444,0.0,18.3,19.9,12.625897222222223,2.3,17.8,20.0,12.771272222222223,0.0,19.9,19.8,11.679436111111112,0.4,19.7,21.0,11.529177777777779,0.4,26.8,0,12,17,19.75266295727106,1.229321940583958,-0.2293219405839584,474.06391097450546
2024-05-19,0.0,0.0,0.0,21.9,19.3,0.2,13.1,12.650897222222223,2024,5,19,20,6,Sunday,1,2,2024-05-01,1924964.0,,,,,,,,23.09119,0.0,0.0,0.0,16.579123857142857,19.96365357142857,21.7450921,45.87074,0.0,2.6,2.4,0.8,0.0,2.4285714285714284,1.2357142857142858,1.1133333333333333,0.9733333333333333,12.657597222222222,11.574366666666666,11.82238611111111,10.475771825396825,11.344114285714285,11.61633324074074,11.676665185185184,19.7,19.7,19.7,19.7,19.7,19.5,20.257142857142856,19.880000000000003,20.769999999999996,13.3,20.0,18.542857142857144,17.142857142857142,19.4,10.086230555555556,1.9,20.0,19.6,12.553991666666667,1.6,20.3,20.7,13.078822222222223,0.0,18.9,20.4,13.260405555555556,0.0,24.3,21.3,13.367436111111111,0.0,26.8,0,11,18,19.75266295727106,1.229321940583958,-0.2293219405839584,474.06391097450546
2024-05-20,24.237396,1.0,1.0,22.0,19.4,0.0,18.7,12.876733333333332,2024,5,20,21,0,Monday,0,2,2024-05-01,1924964.0,0.0,0.0,0.0,0.0,0.0,0.0,0.0,0.0,23.09119,0.0,45.87074,16.579123857142857,16.592939285714287,20.17668943333333,45.87074,0.0,0.2,2.6,0.1,0.0,2.3428571428571425,1.25,1.12,0.7866666666666667,12.650897222222223,11.811241666666668,12.286427777777778,10.629561904761905,11.403293650793652,11.657836203703704,11.855221388888888,19.3,19.7,19.3,20.0,20.4,19.442857142857143,20.228571428571428,19.833333333333332,20.783333333333335,13.1,20.0,17.557142857142857,17.342857142857145,19.9,12.625897222222223,2.3,17.8,20.0,12.771272222222223,0.0,19.9,20.5,12.447413888888889,0.0,22.3,20.7,13.219541666666666,0.0,26.6,20.7,13.443527777777778,0.0,30.1,0,10,19,19.75266295727106,1.229321940583958,-0.2293219405839584,474.06391097450546
2024-05-21,23.17098,1.0,1.0,21.8,19.8,0.0,18.3,10.971944444444444,2024,5,21,21,1,Tuesday,0,2,2024-05-01,1924964.0,0.0,0.0,0.0,0.0,0.0,0.0,0.0,24.237396,0.0,23.09119,23.047564,13.488646142857144,16.678683,19.4497941,24.237396,0.0,0.0,0.2,5.5,0.0,2.3285714285714287,1.25,1.0966666666666667,0.7200000000000001,12.876733333333332,7.3707666666666665,12.436205555555555,10.781775,11.445458333333333,11.712521666666667,11.869761574074074,19.4,19.3,19.4,19.7,20.8,19.357142857142858,20.157142857142855,19.793333333333333,20.84333333333333,18.7,19.9,17.37142857142857,17.79285714285714,19.6,12.553991666666667,1.6,20.3,20.7,13.078822222222223,0.0,18.9,19.8,11.679436111111112,0.4,19.7,20.8,11.616325,0.8,28.0,20.7,12.412641666666667,0.3,23.5,0,9,20,19.75266295727106,1.229321940583958,-0.2293219405839584,474.06391097450546
2024-05-22,46.141529,2.0,2.0,21.6,19.4,1.9,20.0,10.086230555555556,2024,5,22,21,2,Wednesday,0,2,2024-05-01,1924964.0,0.0,0.0,0.0,0.0,0.0,0.0,0.0,23.17098,24.237396,0.0,24.044373,13.506277,16.690523714285714,19.454977099999997,24.237396,0.0,0.0,0.0,3.0,0.0,1.542857142857143,1.25,0.95,0.5533333333333333,10.971944444444444,7.4106805555555555,12.580858333333332,11.296228968253969,11.340868253968255,11.678253148148148,11.935528611111112,19.8,19.4,19.8,18.8,22.2,19.37142857142857,20.085714285714285,19.793333333333337,20.94666666666667,18.3,19.5,17.142857142857142,18.349999999999998,20.0,12.771272222222223,0.0,19.9,20.5,12.447413888888889,0.0,22.3,20.4,13.260405555555556,0.0,24.3,21.0,11.529177777777779,0.4,26.8,21.0,12.963405555555557,1.4,19.6,0,8,21,19.75266295727106,1.229321940583958,-0.2293219405839584,474.06391097450546
2024-05-23,24.220271,1.0,1.0,22.1,19.9,2.3,17.8,12.625897222222223,2024,5,23,21,3,Thursday,0,2,2024-05-01,1924964.0,0.0,0.0,0.0,0.0,0.0,0.0,0.0,46.141529,23.17098,24.237396,0.0,16.66301357142857,18.261072642857144,20.194688466666666,46.141529,0.0,1.9,0.0,2.6,0.0,1.3857142857142857,1.3857142857142857,1.0033333333333332,0.5366666666666667,10.086230555555556,10.923972222222224,11.243980555555556,11.678450396825397,11.162680555555555,11.639593518518518,11.910327962962961,19.4,19.8,19.4,18.9,22.4,19.457142857142856,19.885714285714283,19.773333333333333,21.053333333333335,20.0,19.8,17.214285714285715,18.721428571428568,20.7,13.078822222222223,0.0,18.9,19.8,11.679436111111112,0.4,19.7,20.7,13.219541666666666,0.0,26.6,21.3,13.367436111111111,0.0,26.8,20.9,13.243522222222222,0.3,10.0,0,7,22,19.75266295727106,1.229321940583958,-0.2293219405839584,474.06391097450546
2024-05-24,0.0,0.0,0.0,21.9,19.6,1.6,20.3,12.553991666666667,2024,5,24,21,4,Friday,0,2,2024-05-01,1924964.0,,,,,,,,24.220271,46.141529,23.17098,0.0,20.123052285714287,19.991092,19.4613159,46.141529,0.0,2.3,1.9,2.4,0.1,1.342857142857143,1.55,1.0799999999999998,0.5400000000000001,12.625897222222223,11.581777777777779,12.409769444444445,11.921582539682541,11.261388888888888,11.65933814814815,11.923986944444444,19.9,19.4,19.9,19.7,21.1,19.599999999999998,19.707142857142856,19.766666666666666,21.063333333333336,17.8,17.3,16.928571428571427,18.592857142857145,20.5,12.447413888888889,0.0,22.3,20.4,13.260405555555556,0.0,24.3,20.8,11.616325,0.8,28.0,20.7,13.443527777777778,0.0,30.1,22.1,13.35446111111111,2.3,13.4,0,6,23,19.75266295727106,1.229321940583958,-0.2293219405839584,474.06391097450546
2024-05-25,0.0,0.0,0.0,22.9,20.0,0.0,19.9,12.771272222222223,2024,5,25,21,5,Saturday,1,2,2024-05-01,1924964.0,,,,,,,,0.0,24.220271,46.141529,23.09119,20.123052285714287,16.701717357142858,18.69001823333333,46.141529,0.0,1.6,2.3,2.6,0.2,1.2285714285714284,1.657142857142857,1.1333333333333333,0.5466666666666667,12.553991666666667,12.657597222222222,12.707569444444445,12.060470238095238,11.271690476190475,11.67135138888889,11.947572592592593,19.6,19.9,19.6,19.7,20.5,19.585714285714285,19.599999999999998,19.71,20.90666666666667,20.3,13.3,17.357142857142858,18.492857142857144,19.8,11.679436111111112,0.4,19.7,20.7,13.219541666666666,0.0,26.6,21.0,11.529177777777779,0.4,26.8,20.7,12.412641666666667,0.3,23.5,22.2,13.27301111111111,0.0,15.3,0,5,24,19.75266295727106,1.229321940583958,-0.2293219405839584,474.06391097450546
2024-05-26,23.039145,1.0,1.0,23.4,20.7,0.0,18.9,13.078822222222223,2024,5,26,21,6,Sunday,1,2,2024-05-01,1924964.0,0.0,0.0,0.0,0.0,0.0,0.0,0.0,0.0,0.0,24.220271,0.0,16.82431085714286,16.701717357142858,17.884180566666664,46.141529,0.0,0.0,1.6,0.2,0.8,0.8571428571428571,1.6428571428571428,1.1333333333333333,0.5733333333333335,12.771272222222223,12.650897222222223,11.574366666666666,12.076709523809525,11.276240674603175,11.690983981481482,11.933384814814815,20.0,19.6,20.0,19.3,19.7,19.62857142857143,19.564285714285713,19.73,20.716666666666665,19.9,13.1,18.3,18.42142857142857,20.4,13.260405555555556,0.0,24.3,20.8,11.616325,0.8,28.0,21.3,13.367436111111111,0.0,26.8,21.0,12.963405555555557,1.4,19.6,21.5,13.350413888888887,0.0,19.5,0,4,25,19.75266295727106,1.229321940583958,-0.2293219405839584,474.06391097450546
2024-05-27,0.0,0.0,0.0,22.6,20.5,0.0,22.3,12.447413888888889,2024,5,27,22,0,Monday,0,2,2024-05-01,1924964.0,,,,,,,,23.039145,0.0,0.0,24.237396,20.115617285714286,18.347370571428574,18.652152066666666,46.141529,0.0,0.0,0.0,0.0,0.1,0.8285714285714286,1.5857142857142856,1.1333333333333333,0.5766666666666667,13.078822222222223,12.876733333333332,11.811241666666668,12.137841666666668,11.383701785714285,11.725266851851853,11.92709287037037,20.7,20.0,20.7,19.4,20.0,19.828571428571426,19.635714285714283,19.79,20.59333333333333,18.9,18.7,19.12857142857143,18.342857142857145,20.7,13.219541666666666,0.0,26.6,21.0,11.529177777777779,0.4,26.8,20.7,13.443527777777778,0.0,30.1,20.9,13.243522222222222,0.3,10.0,21.7,13.34864722222222,0.4,21.5,0,3,26,19.75266295727106,1.229321940583958,-0.2293219405839584,474.06391097450546
2024-05-28,23.17584,1.0,1.0,22.3,19.8,0.4,19.7,11.679436111111112,2024,5,28,22,1,Tuesday,0,2,2024-05-01,1924964.0,0.0,0.0,0.0,0.0,0.0,0.0,0.0,0.0,23.039145,0.0,23.17098,16.653132142857142,15.070889142857142,18.652152066666666,46.141529,0.0,0.0,0.0,0.0,5.5,0.8285714285714286,1.5785714285714287,1.0033333333333334,0.76,12.447413888888889,10.971944444444444,7.3707666666666665,12.076510317460318,11.429142658730159,11.738867777777779,11.77185675925926,20.5,20.7,20.5,19.8,19.7,19.985714285714288,19.67142857142857,19.836666666666662,20.46333333333333,22.3,18.3,19.642857142857142,18.50714285714286,20.8,11.616325,0.8,28.0,21.3,13.367436111111111,0.0,26.8,20.7,12.412641666666667,0.3,23.5,22.1,13.35446111111111,2.3,13.4,20.6,12.821125,2.2,19.5,0,2,27,19.75266295727106,1.229321940583958,-0.2293219405839584,474.06391097450546
2024-05-29,47.099781,2.0,2.0,23.0,20.4,0.0,24.3,13.260405555555556,2024,5,29,22,2,Wednesday,0,2,2024-05-01,1924964.0,0.0,0.0,0.0,0.0,0.0,0.0,0.0,23.17584,0.0,23.039145,46.141529,16.653826428571428,15.080051714285714,17.8859361,46.141529,0.0,0.4,0.0,1.9,3.0,0.8857142857142858,1.2142857142857142,0.9,0.86,11.679436111111112,10.086230555555556,7.4106805555555555,12.177580555555554,11.736904761904762,11.726793796296297,11.61809361111111,19.8,20.5,19.8,19.4,18.8,19.985714285714284,19.678571428571427,19.873333333333335,20.27,19.7,20.0,19.842857142857145,18.49285714285714,21.0,11.529177777777779,0.4,26.8,20.7,13.443527777777778,0.0,30.1,21.0,12.963405555555557,1.4,19.6,22.2,13.27301111111111,0.0,15.3,20.2,10.479708333333333,3.0,20.6,0,1,28,19.75266295727106,1.229321940583958,-0.2293219405839584,474.06391097450546
2024-05-30,23.103678,1.0,1.0,23.6,20.7,0.0,26.6,13.219541666666666,2024,5,30,22,3,Thursday,0,2,2024-05-01,1924964.0,0.0,0.0,0.0,0.0,0.0,0.0,0.0,47.099781,23.17584,0.0,24.220271,16.790719571428575,16.72686657142857,18.689147733333336,47.099781,0.0,0.0,0.4,2.3,2.6,0.6142857142857142,1.0000000000000002,0.8366666666666667,0.9466666666666668,13.260405555555556,12.625897222222223,10.923972222222224,12.631034126984128,12.154742261904762,11.766696574074075,11.581582777777777,20.4,19.8,20.4,19.9,18.9,20.12857142857143,19.79285714285714,19.936666666666667,20.09333333333333,24.3,17.8,20.457142857142856,18.835714285714285,21.3,13.367436111111111,0.0,26.8,20.7,12.412641666666667,0.3,23.5,20.9,13.243522222222222,0.3,10.0,21.5,13.350413888888887,0.0,19.5,20.2,9.534447222222223,0.8,20.3,1,0,0,19.75266295727106,1.229321940583958,-0.2293219405839584,474.06391097450546
2024-05-31,23.094838,1.0,1.0,23.5,20.8,0.8,28.0,11.616325,2024,5,31,22,4,Friday,0,2,2024-05-01,1924964.0,0.0,0.0,0.0,0.0,0.0,0.0,0.0,23.103678,47.099781,23.17584,0.0,16.631206285714285,18.377129285714286,18.656077633333332,47.099781,0.0,0.0,0.0,1.6,2.4,0.2857142857142857,0.8142857142857143,0.81,1.0266666666666666,13.219541666666666,12.553991666666667,11.581777777777779,12.715840476190477,12.31871150793651,11.840681296296298,11.567642037037038,20.7,20.4,20.7,19.6,19.7,20.24285714285714,19.921428571428574,19.993333333333336,19.956666666666667,26.6,20.3,21.714285714285715,19.321428571428573,20.7,13.443527777777778,0.0,30.1,21.0,12.963405555555557,1.4,19.6,22.1,13.35446111111111,2.3,13.4,21.7,13.34864722222222,0.4,21.5,20.5,13.343005555555555,0.0,20.8,0,76,1,19.75266295727106,1.229321940583958,-0.2293219405839584,474.06391097450546
2024-06-01,1.7373593,2.0,1.0,23.3,21.0,0.4,26.8,11.529177777777779,2024,6,1,22,5,Saturday,1,2,2024-06-01,1963112.0,0.0,0.0,0.0,0.0,0.0,0.0,0.0,23.094838,23.103678,47.099781,0.0,19.93046885714286,20.02676057142857,18.659148733333332,47.099781,0.0,0.8,0.0,0.0,2.6,0.17142857142857146,0.7,0.8233333333333334,1.1133333333333333,11.616325,12.771272222222223,12.657597222222222,12.581888095238096,12.321179166666667,11.842917592592594,11.61633324074074,20.8,20.7,20.8,20.0,19.7,20.414285714285715,20.0,20.043333333333333,19.880000000000003,28.0,19.9,22.814285714285713,20.085714285714285,20.7,12.412641666666667,0.3,23.5,20.9,13.243522222222222,0.3,10.0,22.2,13.27301111111111,0.0,15.3,20.6,12.821125,2.2,19.5,20.8,12.271086111111112,0.2,18.1,0,75,2,27.10864735556552,1.229321940583958,-0.2293219405839584,650.6075365335724
2024-06-02,23.03084,1.0,1.0,24.0,21.3,0.0,26.8,13.367436111111111,2024,6,2,22,6,Sunday,1,2,2024-06-01,1963112.0,0.0,0.0,0.0,0.0,0.0,0.0,0.0,1.7373593,23.094838,23.103678,23.039145,20.178663042857142,18.501486950000004,18.71706071,47.099781,0.0,0.4,0.8,0.0,0.2,0.2285714285714286,0.5428571428571428,0.83,1.12,11.529177777777779,13.078822222222223,12.650897222222223,12.404446031746033,12.240577777777778,11.844983518518518,11.657836203703704,21.0,20.8,21.0,20.7,19.3,20.557142857142857,20.092857142857138,20.09,19.833333333333332,26.8,18.9,23.800000000000004,21.05,21.0,12.963405555555557,1.4,19.6,22.1,13.35446111111111,2.3,13.4,21.5,13.350413888888887,0.0,19.5,20.2,10.479708333333333,3.0,20.6,20.1,12.049613888888889,1.5,20.4,0,74,3,27.10864735556552,1.229321940583958,-0.2293219405839584,650.6075365335724
2024-06-03,45.905682,2.0,2.0,23.0,20.7,0.0,30.1,13.443527777777778,2024,6,3,23,0,Monday,0,2,2024-06-01,1963112.0,0.0,0.0,0.0,0.0,0.0,0.0,0.0,23.03084,1.7373593,23.094838,0.0,20.177476614285716,20.146546950000005,19.484755376666666,47.099781,0.0,0.0,0.4,0.0,0.0,0.2285714285714286,0.5285714285714286,0.83,1.0966666666666667,13.367436111111111,12.447413888888889,12.876733333333332,12.445676587301588,12.291759126984129,11.872270925925926,11.712521666666667,21.3,21.0,21.3,20.5,19.4,20.642857142857142,20.235714285714288,20.173333333333332,19.793333333333333,26.8,22.3,24.928571428571427,22.028571428571432,20.9,13.243522222222222,0.3,10.0,22.2,13.27301111111111,0.0,15.3,21.7,13.34864722222222,0.4,21.5,20.2,9.534447222222223,0.8,20.3,20.2,12.703277777777778,0.0,19.2,0,73,4,27.10864735556552,1.229321940583958,-0.2293219405839584,650.6075365335724
2024-06-04,24.151451,1.0,1.0,23.2,20.7,0.3,23.5,12.412641666666667,2024,6,4,23,1,Tuesday,0,2,2024-06-01,1963112.0,0.0,0.0,0.0,0.0,0.0,0.0,0.0,45.905682,23.03084,1.7373593,23.17584,26.735431185714283,21.69428166428571,20.248282976666665,47.099781,1.7373593,0.0,0.0,0.4,0.0,0.2285714285714286,0.5285714285714286,0.83,0.95,13.443527777777778,11.679436111111112,10.971944444444444,12.58797857142857,12.332244444444445,11.899888425925925,11.678253148148148,20.7,21.3,20.7,19.8,19.8,20.67142857142857,20.328571428571426,20.23,19.793333333333337,30.1,19.7,26.042857142857144,22.842857142857138,22.1,13.35446111111111,2.3,13.4,21.5,13.350413888888887,0.0,19.5,20.6,12.821125,2.2,19.5,20.5,13.343005555555555,0.0,20.8,21.2,12.465641666666667,0.0,19.8,0,72,5,27.10864735556552,1.229321940583958,-0.2293219405839584,650.6075365335724
2024-06-05,22.940512,1.0,1.0,23.9,21.0,1.4,19.6,12.963405555555557,2024,6,5,23,2,Wednesday,0,2,2024-06-01,1963112.0,0.0,0.0,0.0,0.0,0.0,0.0,0.0,24.151451,45.905682,23.03084,47.099781,26.874804185714286,21.764315307142855,19.480331343333333,47.099781,1.7373593,0.3,0.0,0.0,1.9,0.21428571428571433,0.55,0.84,1.0033333333333332,12.412641666666667,13.260405555555556,10.086230555555556,12.692722222222224,12.435151388888888,11.91956361111111,11.639593518518518,20.7,20.7,20.7,20.4,19.4,20.8,20.392857142857142,20.263333333333335,19.773333333333333,23.5,24.3,26.58571428571429,23.214285714285715,22.2,13.27301111111111,0.0,15.3,21.7,13.34864722222222,0.4,21.5,20.2,10.479708333333333,3.0,20.6,20.8,12.271086111111112,0.2,18.1,20.9,12.030502777777777,1.6,20.2,0,71,6,27.10864735556552,1.229321940583958,-0.2293219405839584,650.6075365335724
2024-06-06,47.261078999999995,2.0,2.0,24.0,20.9,0.3,10.0,13.243522222222222,2024,6,6,23,3,Thursday,0,2,2024-06-01,1963112.0,0.0,0.0,0.0,0.0,0.0,0.0,0.0,22.940512,24.151451,45.905682,23.103678,23.423480042857143,20.107099807142855,19.47711561,45.905682,1.7373593,1.4,0.3,0.0,2.3,0.41428571428571426,0.5142857142857143,0.8866666666666667,1.0799999999999998,12.963405555555557,13.219541666666666,12.625897222222223,12.650293650793651,12.64066388888889,11.942129537037038,11.65933814814815,21.0,20.7,21.0,20.7,19.9,20.885714285714283,20.50714285714286,20.283333333333335,19.766666666666666,19.6,26.6,25.914285714285715,23.185714285714287,21.5,13.350413888888887,0.0,19.5,20.6,12.821125,2.2,19.5,20.2,9.534447222222223,0.8,20.3,20.1,12.049613888888889,1.5,20.4,20.6,11.123563888888889,0.0,19.1,0,70,7,27.10864735556552,1.229321940583958,-0.2293219405839584,650.6075365335724
2024-06-07,23.000887,1.0,1.0,25.0,22.1,2.3,13.4,13.35446111111111,2024,6,7,23,4,Friday,0,2,2024-06-01,1963112.0,0.0,0.0,0.0,0.0,0.0,0.0,0.0,47.261078999999995,22.940512,24.151451,23.094838,26.874537328571428,21.75287180714286,20.285644576666666,47.261078999999995,1.7373593,0.3,1.4,0.8,1.6,0.45714285714285713,0.37142857142857144,0.8966666666666666,1.1333333333333333,13.243522222222222,11.616325,12.553991666666667,12.653719444444445,12.68477996031746,11.969040092592593,11.67135138888889,20.9,21.0,20.9,20.8,19.6,20.914285714285715,20.57857142857143,20.28666666666667,19.71,10.0,28.0,23.542857142857144,22.62857142857143,21.7,13.34864722222222,0.4,21.5,20.2,10.479708333333333,3.0,20.6,20.5,13.343005555555555,0.0,20.8,20.2,12.703277777777778,0.0,19.2,20.7,10.603602777777779,0.0,20.4,0,69,8,27.10864735556552,1.229321940583958,-0.2293219405839584,650.6075365335724
2024-06-08,24.263756,1.0,1.0,25.4,22.2,0.0,15.3,13.27301111111111,2024,6,8,23,5,Saturday,1,2,2024-06-01,1963112.0,0.0,0.0,0.0,0.0,0.0,0.0,0.0,23.000887,47.261078999999995,22.940512,1.7373593,26.86111575714286,23.39579230714286,20.247212676666667,47.261078999999995,1.7373593,2.3,0.3,0.4,0.0,0.6714285714285714,0.42142857142857143,0.9733333333333333,1.1333333333333333,13.35446111111111,11.529177777777779,12.771272222222223,12.902024603174604,12.74195634920635,11.994826851851853,11.690983981481482,22.1,20.9,22.1,21.0,20.0,21.099999999999998,20.75714285714286,20.283333333333335,19.73,13.4,26.8,21.45714285714286,22.13571428571429,20.6,12.821125,2.2,19.5,20.2,9.534447222222223,0.8,20.3,20.8,12.271086111111112,0.2,18.1,21.2,12.465641666666667,0.0,19.8,20.5,9.044077777777778,0.6,22.1,0,68,9,27.10864735556552,1.229321940583958,-0.2293219405839584,650.6075365335724
2024-06-09,0.0,0.0,0.0,24.1,21.5,0.0,19.5,13.350413888888887,2024,6,9,23,6,Sunday,1,2,2024-06-01,1963112.0,0.0,0.0,0.0,0.0,0.0,0.0,0.0,24.263756,23.000887,47.261078999999995,23.03084,30.079172428571432,25.128917735714285,21.056004543333334,47.261078999999995,22.940512,0.0,2.3,0.0,0.0,0.6142857142857141,0.42142857142857143,0.9733333333333333,1.1333333333333333,13.27301111111111,13.367436111111111,13.078822222222223,13.151143650793651,12.777794841269841,12.062461203703704,11.725266851851853,22.2,22.1,22.2,21.3,20.7,21.27142857142857,20.914285714285715,20.276666666666664,19.79,15.3,26.8,19.814285714285717,21.807142857142857,20.2,10.479708333333333,3.0,20.6,20.5,13.343005555555555,0.0,20.8,20.1,12.049613888888889,1.5,20.4,20.9,12.030502777777777,1.6,20.2,21.7,12.463330555555554,0.0,24.6,0,67,10,27.10864735556552,1.229321940583958,-0.2293219405839584,650.6075365335724
2024-06-10,23.057166,1.0,1.0,24.5,21.7,0.4,21.5,13.34864722222222,2024,6,10,24,0,Monday,0,2,2024-06-01,1963112.0,0.0,0.0,0.0,0.0,0.0,0.0,0.0,0.0,24.263756,23.000887,45.905682,26.78905242857143,23.48326452142857,19.52096304333333,47.261078999999995,0.0,0.0,0.0,0.0,0.0,0.6142857142857141,0.42142857142857143,0.97,1.0033333333333334,13.350413888888887,13.443527777777778,12.447413888888889,13.148711904761905,12.797194246031745,12.093816018518519,11.738867777777779,21.5,22.2,21.5,20.7,20.5,21.3,20.97142857142857,20.29,19.836666666666662,19.5,30.1,18.771428571428572,21.849999999999998,20.2,9.534447222222223,0.8,20.3,20.8,12.271086111111112,0.2,18.1,20.2,12.703277777777778,0.0,19.2,20.6,11.123563888888889,0.0,19.1,21.3,11.282075,0.0,24.7,0,66,11,27.10864735556552,1.229321940583958,-0.2293219405839584,650.6075365335724
2024-06-11,23.08188,1.0,1.0,23.0,20.6,2.2,19.5,12.821125,2024,6,11,24,1,Tuesday,0,2,2024-06-01,1963112.0,0.0,0.0,0.0,0.0,0.0,0.0,0.0,23.057166,0.0,24.263756,24.151451,23.524978714285712,25.13020495,20.289535243333333,47.261078999999995,0.0,0.4,0.0,0.3,0.4,0.6714285714285714,0.45,0.9766666666666667,0.9,13.34864722222222,12.412641666666667,11.679436111111112,13.13515753968254,12.861568055555555,12.115185277777778,11.726793796296297,21.7,21.5,21.7,20.7,19.8,21.442857142857143,21.057142857142857,20.33,19.873333333333335,21.5,23.5,17.542857142857144,21.79285714285714,20.5,13.343005555555555,0.0,20.8,20.1,12.049613888888889,1.5,20.4,21.2,12.465641666666667,0.0,19.8,20.7,10.603602777777779,0.0,20.4,20.9,10.283469444444444,1.0,22.6,0,65,12,27.10864735556552,1.229321940583958,-0.2293219405839584,650.6075365335724
2024-06-12,0.0,0.0,0.0,22.6,20.2,3.0,20.6,10.479708333333333,2024,6,12,24,2,Wednesday,0,2,2024-06-01,1963112.0,0.0,0.0,0.0,0.0,0.0,0.0,0.0,23.08188,23.057166,0.0,22.940512,23.372182857142857,25.12349352142857,21.058931243333333,47.261078999999995,0.0,2.2,0.4,1.4,0.0,0.9428571428571428,0.5785714285714285,1.0233333333333332,0.8366666666666667,12.821125,12.963405555555557,13.260405555555556,13.193512301587301,12.943117261904762,12.156743888888888,11.766696574074075,20.6,21.7,20.6,21.0,20.4,21.428571428571427,21.114285714285717,20.360000000000003,19.936666666666667,19.5,19.6,16.97142857142857,21.77857142857143,20.8,12.271086111111112,0.2,18.1,20.2,12.703277777777778,0.0,19.2,20.9,12.030502777777777,1.6,20.2,20.5,9.044077777777778,0.6,22.1,20.6,11.10753888888889,2.2,21.0,0,64,13,27.10864735556552,1.229321940583958,-0.2293219405839584,650.6075365335724
2024-06-13,24.039643,1.0,1.0,22.3,20.2,0.8,20.3,9.534447222222223,2024,6,13,24,3,Thursday,0,2,2024-06-01,1963112.0,0.0,0.0,0.0,0.0,0.0,0.0,0.0,0.0,23.08188,23.057166,47.261078999999995,20.094966857142854,21.75922345,19.52990657666667,47.261078999999995,0.0,3.0,2.2,0.3,0.0,1.1714285714285713,0.7928571428571428,1.12,0.81,10.479708333333333,13.243522222222222,13.219541666666666,12.838698412698411,12.74449603174603,12.112359444444445,11.840681296296298,20.2,20.6,20.2,20.9,20.7,21.314285714285713,21.1,20.366666666666667,19.993333333333336,20.6,10.0,17.114285714285717,21.514285714285712,20.1,12.049613888888889,1.5,20.4,21.2,12.465641666666667,0.0,19.8,20.6,11.123563888888889,0.0,19.1,21.7,12.463330555555554,0.0,24.6,20.6,10.868102777777777,2.4,19.3,0,63,14,27.10864735556552,1.229321940583958,-0.2293219405839584,650.6075365335724
2024-06-14,47.171358999999995,2.0,2.0,22.5,20.5,0.0,20.8,13.343005555555555,2024,6,14,24,4,Friday,0,2,2024-06-01,1963112.0,0.0,0.0,0.0,0.0,0.0,0.0,0.0,24.039643,0.0,23.08188,23.000887,16.77761885714286,21.82607809285714,19.562975876666663,24.263756,0.0,0.8,3.0,2.3,0.8,1.2428571428571427,0.85,0.9633333333333334,0.8233333333333334,9.534447222222223,13.35446111111111,11.616325,12.308830555555556,12.481275,12.184482129629629,11.842917592592594,20.2,20.2,20.2,22.1,20.8,21.214285714285715,21.064285714285713,20.383333333333333,20.043333333333333,20.3,13.4,18.58571428571429,21.064285714285717,20.2,12.703277777777778,0.0,19.2,20.9,12.030502777777777,1.6,20.2,20.7,10.603602777777779,0.0,20.4,21.3,11.282075,0.0,24.7,20.8,10.7883,0.7,16.9,0,62,15,27.10864735556552,1.229321940583958,-0.2293219405839584,650.6075365335724
2024-06-15,23.015623,1.0,1.0,23.4,20.8,0.2,18.1,12.271086111111112,2024,6,15,24,5,Saturday,1,2,2024-06-01,1963112.0,0.0,0.0,0.0,0.0,0.0,0.0,0.0,47.171358999999995,24.039643,0.0,24.263756,20.23054342857143,23.545829592857142,20.33387541,47.171358999999995,0.0,0.0,0.8,0.0,0.4,0.9142857142857144,0.7928571428571429,0.8633333333333334,0.83,13.343005555555555,13.27301111111111,11.529177777777779,12.307194047619047,12.604609325396826,12.382226296296297,11.844983518518518,20.5,20.2,20.5,22.2,21.0,20.985714285714288,21.042857142857144,20.44,20.09,20.8,15.3,19.642857142857142,20.550000000000004,21.2,12.465641666666667,0.0,19.8,20.6,11.123563888888889,0.0,19.1,20.5,9.044077777777778,0.6,22.1,20.9,10.283469444444444,1.0,22.6,21.2,11.181408333333334,0.3,18.6,0,61,16,27.10864735556552,1.229321940583958,-0.2293219405839584,650.6075365335724
2024-06-16,22.978795,1.0,1.0,22.2,20.1,1.5,20.4,12.049613888888889,2024,6,16,24,6,Sunday,1,2,2024-06-01,1963112.0,0.0,0.0,0.0,0.0,0.0,0.0,0.0,23.015623,47.171358999999995,24.039643,0.0,20.052238714285714,25.06570557142857,21.101062843333334,47.171358999999995,0.0,0.2,0.0,0.0,0.0,0.942857142857143,0.7785714285714286,0.7833333333333333,0.83,12.271086111111112,13.350413888888887,13.367436111111111,12.164061904761905,12.657602777777779,12.427130092592593,11.872270925925926,20.8,20.5,20.8,21.5,21.3,20.785714285714285,21.028571428571432,20.503333333333334,20.173333333333332,18.1,19.5,20.042857142857144,19.928571428571427,20.9,12.030502777777777,1.6,20.2,20.7,10.603602777777779,0.0,20.4,21.7,12.463330555555554,0.0,24.6,20.6,11.10753888888889,2.2,21.0,20.4,9.571325,0.0,19.6,0,60,17,27.10864735556552,1.229321940583958,-0.2293219405839584,650.6075365335724
2024-06-17,24.10908,1.0,1.0,23.1,20.2,0.0,19.2,12.703277777777778,2024,6,17,25,0,Monday,0,2,2024-06-01,1963112.0,0.0,0.0,0.0,0.0,0.0,0.0,0.0,22.978795,23.015623,47.171358999999995,23.057166,23.334923714285715,25.06198807142857,21.867022676666668,47.171358999999995,0.0,1.5,0.2,0.4,0.0,1.157142857142857,0.8857142857142858,0.7533333333333334,0.83,12.049613888888889,13.34864722222222,13.443527777777778,11.978233333333334,12.563472619047618,12.442724629629629,11.899888425925925,20.1,20.8,20.1,21.7,20.7,20.585714285714285,20.942857142857143,20.516666666666666,20.23,20.4,21.5,20.171428571428574,19.47142857142857,20.6,11.123563888888889,0.0,19.1,20.5,9.044077777777778,0.6,22.1,21.3,11.282075,0.0,24.7,20.6,10.868102777777777,2.4,19.3,21.1,7.982597222222222,1.2,17.1,0,59,18,27.10864735556552,1.229321940583958,-0.2293219405839584,650.6075365335724
2024-06-18,47.12867,2.0,2.0,23.4,21.2,0.0,19.8,12.465641666666667,2024,6,18,25,1,Tuesday,0,2,2024-06-01,1963112.0,0.0,0.0,0.0,0.0,0.0,0.0,0.0,24.10908,22.978795,23.015623,23.08188,23.485197142857146,23.50508792857143,21.900952343333334,47.171358999999995,0.0,0.0,1.5,2.2,0.3,1.1,0.8857142857142858,0.6666666666666666,0.84,12.703277777777778,12.821125,12.412641666666667,11.886037698412698,12.51059761904762,12.444247314814815,11.91956361111111,20.2,20.1,20.2,20.6,20.7,20.37142857142857,20.907142857142862,20.533333333333335,20.263333333333335,19.2,19.5,19.842857142857145,18.692857142857143,20.7,10.603602777777779,0.0,20.4,21.7,12.463330555555554,0.0,24.6,20.9,10.283469444444444,1.0,22.6,20.8,10.7883,0.7,16.9,20.6,8.283861111111111,0.8,20.2,0,58,19,27.10864735556552,1.229321940583958,-0.2293219405839584,650.6075365335724
2024-06-19,46.107354,2.0,2.0,22.8,20.9,1.6,20.2,12.030502777777777,2024,6,19,25,2,Wednesday,0,2,2024-06-01,1963112.0,0.0,0.0,0.0,0.0,0.0,0.0,0.0,47.12867,24.10908,22.978795,0.0,26.92045285714286,25.146317857142858,23.47190801,47.171358999999995,0.0,0.0,0.0,3.0,1.4,0.7857142857142857,0.8642857142857142,0.66,0.8866666666666667,12.465641666666667,10.479708333333333,12.963405555555557,11.835254365079365,12.514383333333331,12.43807212962963,11.942129537037038,21.2,20.2,21.2,20.2,21.0,20.457142857142856,20.942857142857143,20.596666666666668,20.283333333333335,19.8,20.6,19.88571428571429,18.428571428571427,20.5,9.044077777777778,0.6,22.1,21.3,11.282075,0.0,24.7,20.6,11.10753888888889,2.2,21.0,21.2,11.181408333333334,0.3,18.6,21.2,10.254352777777777,0.0,21.0,0,57,20,27.10864735556552,1.229321940583958,-0.2293219405839584,650.6075365335724
2024-06-20,0.0,0.0,0.0,22.5,20.6,0.0,19.1,11.123563888888889,2024,6,20,25,3,Thursday,0,2,2024-06-01,1963112.0,0.0,0.0,0.0,0.0,0.0,0.0,0.0,46.107354,47.12867,24.10908,24.039643,33.507217714285716,26.801092285714283,24.20090661,47.171358999999995,22.978795,1.6,0.0,0.8,0.3,0.5857142857142856,0.8785714285714284,0.7133333333333333,0.8966666666666666,12.030502777777777,9.534447222222223,13.243522222222222,12.05679642857143,12.447747420634922,12.409864444444445,11.969040092592593,20.9,21.2,20.9,20.2,20.9,20.557142857142857,20.935714285714283,20.646666666666665,20.28666666666667,20.2,20.3,19.82857142857143,18.47142857142857,21.7,12.463330555555554,0.0,24.6,20.9,10.283469444444444,1.0,22.6,20.6,10.868102777777777,2.4,19.3,20.4,9.571325,0.0,19.6,21.3,12.288611111111111,0.2,23.7,0,56,21,27.10864735556552,1.229321940583958,-0.2293219405839584,650.6075365335724
2024-06-21,22.974047,1.0,1.0,22.9,20.7,0.0,20.4,10.603602777777779,2024,6,21,25,4,Friday,0,2,2024-06-01,1963112.0,0.0,0.0,0.0,0.0,0.0,0.0,0.0,0.0,46.107354,47.12867,47.171358999999995,30.072983,23.425300928571428,23.428540610000002,47.171358999999995,0.0,0.0,1.6,0.0,2.3,0.4714285714285715,0.8571428571428571,0.7133333333333333,0.9733333333333333,11.123563888888889,13.343005555555555,13.35446111111111,12.283813095238093,12.296321825396825,12.414918425925926,11.994826851851853,20.6,20.9,20.6,20.5,22.1,20.614285714285717,20.914285714285715,20.673333333333332,20.283333333333335,19.1,20.8,19.657142857142855,19.12142857142857,21.3,11.282075,0.0,24.7,20.6,11.10753888888889,2.2,21.0,20.8,10.7883,0.7,16.9,21.1,7.982597222222222,1.2,17.1,21.0,12.287183333333333,0.0,21.8,0,55,22,27.10864735556552,1.229321940583958,-0.2293219405839584,650.6075365335724
2024-06-22,22.974469,1.0,1.0,22.2,20.5,0.6,22.1,9.044077777777778,2024,6,22,25,5,Saturday,1,2,2024-06-01,1963112.0,0.0,0.0,0.0,0.0,0.0,0.0,0.0,22.974047,0.0,46.107354,23.015623,26.61622414285714,23.423383785714286,22.656291210000003,47.12867,0.0,0.0,0.0,0.2,0.0,0.4714285714285714,0.6928571428571428,0.65,0.9733333333333333,10.603602777777779,12.271086111111112,13.27301111111111,11.892469841269842,12.099831944444444,12.432164166666666,12.062461203703704,20.7,20.6,20.7,20.8,22.2,20.642857142857142,20.814285714285713,20.716666666666665,20.276666666666664,20.4,18.1,19.599999999999998,19.62142857142857,20.9,10.283469444444444,1.0,22.6,20.6,10.868102777777777,2.4,19.3,21.2,11.181408333333334,0.3,18.6,20.6,8.283861111111111,0.8,20.2,21.2,10.932716666666666,0.0,18.2,0,54,23,27.10864735556552,1.229321940583958,-0.2293219405839584,650.6075365335724
2024-06-23,46.965374,2.0,2.0,24.9,21.7,0.0,24.6,12.463330555555554,2024,6,23,25,6,Sunday,1,2,2024-06-01,1963112.0,0.0,0.0,0.0,0.0,0.0,0.0,0.0,22.974469,22.974047,0.0,22.978795,26.610345000000002,23.331291857142862,22.614764476666668,47.12867,0.0,0.6,0.0,1.5,0.0,0.5285714285714286,0.7357142857142857,0.5933333333333334,0.97,9.044077777777778,12.049613888888889,13.350413888888887,11.43146865079365,11.797765277777776,12.312770185185183,12.093816018518519,20.5,20.7,20.5,20.1,21.5,20.599999999999998,20.692857142857143,20.736666666666668,20.29,22.1,20.4,20.17142857142857,20.107142857142858,20.6,11.10753888888889,2.2,21.0,20.8,10.7883,0.7,16.9,20.4,9.571325,0.0,19.6,21.2,10.254352777777777,0.0,21.0,21.2,11.377230555555554,0.3,17.4,0,53,24,27.10864735556552,1.229321940583958,-0.2293219405839584,650.6075365335724
2024-06-24,27.44992707,3.0,2.0,24.0,21.3,0.0,24.7,11.282075,2024,6,24,26,0,Monday,0,2,2024-06-01,1963112.0,0.0,0.0,0.0,0.0,0.0,0.0,0.0,46.965374,22.974469,22.974047,24.10908,30.036999142857137,26.68596142857143,24.180276943333336,47.12867,0.0,0.0,0.6,0.0,0.4,0.31428571428571433,0.7357142857142857,0.5399999999999999,0.9766666666666667,12.463330555555554,12.703277777777778,13.34864722222222,11.49057103174603,11.734402182539682,12.309748148148147,12.115185277777778,21.7,20.5,21.7,20.2,21.7,20.82857142857143,20.707142857142856,20.806666666666665,20.33,24.6,19.2,20.771428571428572,20.47142857142857,20.6,10.868102777777777,2.4,19.3,21.2,11.181408333333334,0.3,18.6,21.1,7.982597222222222,1.2,17.1,21.3,12.288611111111111,0.2,23.7,20.9,12.16688888888889,0.0,18.8,0,52,25,27.10864735556552,1.229321940583958,-0.2293219405839584,650.6075365335724
2024-06-25,0.0,0.0,0.0,23.5,20.9,1.0,22.6,10.283469444444444,2024,6,25,26,1,Tuesday,0,2,2024-06-01,1963112.0,0.0,0.0,0.0,0.0,0.0,0.0,0.0,27.44992707,46.965374,22.974469,47.12867,30.514263009999997,26.999730076428573,25.095274512333333,47.12867,0.0,0.0,0.0,0.0,2.2,0.31428571428571433,0.7071428571428571,0.5399999999999999,1.0233333333333332,11.282075,12.465641666666667,12.821125,11.287542063492065,11.58678988095238,12.260108240740742,12.156743888888888,21.3,21.7,21.3,21.2,20.6,20.985714285714288,20.678571428571427,20.85,20.360000000000003,24.7,19.8,21.557142857142857,20.7,20.8,10.7883,0.7,16.9,20.4,9.571325,0.0,19.6,20.6,8.283861111111111,0.8,20.2,21.0,12.287183333333333,0.0,21.8,21.7,12.150649999999999,0.0,23.1,0,51,26,27.10864735556552,1.229321940583958,-0.2293219405839584,650.6075365335724
2024-06-26,70.179494,3.0,3.0,22.7,20.6,2.2,21.0,11.10753888888889,2024,6,26,26,2,Wednesday,0,2,2024-06-01,1963112.0,0.0,0.0,0.0,0.0,0.0,0.0,0.0,0.0,27.44992707,46.965374,46.107354,23.78159586714285,25.351024362142855,24.32730301233333,46.965374,0.0,1.0,0.0,1.6,3.0,0.4571428571428572,0.6214285714285713,0.5733333333333334,1.12,10.283469444444444,12.030502777777777,10.479708333333333,10.975803174603174,11.40552876984127,12.166929814814814,12.112359444444445,20.9,21.3,20.9,20.9,20.2,20.942857142857143,20.699999999999996,20.85666666666667,20.366666666666667,22.6,20.2,21.957142857142856,20.92142857142857,21.2,11.181408333333334,0.3,18.6,21.1,7.982597222222222,1.2,17.1,21.2,10.254352777777777,0.0,21.0,21.2,10.932716666666666,0.0,18.2,22.5,11.119647222222223,0.5,19.7,0,50,27,27.10864735556552,1.229321940583958,-0.2293219405839584,650.6075365335724
2024-06-27,47.334117,2.0,2.0,23.0,20.6,2.4,19.3,10.868102777777777,2024,6,27,26,3,Thursday,0,2,2024-06-01,1963112.0,0.0,0.0,0.0,0.0,0.0,0.0,0.0,70.179494,0.0,27.44992707,0.0,27.220473010000003,30.363845362142857,26.666619478999998,70.179494,0.0,2.2,1.0,0.0,0.8,0.5428571428571429,0.5642857142857143,0.6466666666666666,0.9633333333333334,11.10753888888889,11.123563888888889,9.534447222222223,10.84395119047619,11.45037380952381,12.122267314814815,12.184482129629629,20.6,20.9,20.6,20.6,20.2,20.9,20.728571428571428,20.860000000000003,20.383333333333333,21.0,19.1,22.071428571428573,20.949999999999996,20.4,9.571325,0.0,19.6,20.6,8.283861111111111,0.8,20.2,21.3,12.288611111111111,0.2,23.7,21.2,11.377230555555554,0.3,17.4,22.6,8.560780555555557,1.7,19.2,0,49,28,27.10864735556552,1.229321940583958,-0.2293219405839584,650.6075365335724
2024-06-28,22.932545,1.0,1.0,23.1,20.8,0.7,16.9,10.7883,2024,6,28,26,4,Friday,0,2,2024-06-01,1963112.0,0.0,0.0,0.0,0.0,0.0,0.0,0.0,47.334117,70.179494,0.0,22.974047,33.98248972428571,32.02773636214285,27.471895379,70.179494,0.0,2.4,2.2,0.0,0.0,0.8857142857142858,0.6785714285714286,0.7133333333333334,0.8633333333333334,10.868102777777777,10.603602777777779,13.343005555555555,10.807456746031747,11.545634920634921,12.095222870370371,12.382226296296297,20.6,20.6,20.6,20.7,20.5,20.900000000000002,20.75714285714286,20.886666666666667,20.44,19.3,20.4,22.1,20.87857142857143,21.1,7.982597222222222,1.2,17.1,21.2,10.254352777777777,0.0,21.0,21.0,12.287183333333333,0.0,21.8,20.9,12.16688888888889,0.0,18.8,22.9,11.202919444444445,0.0,18.4,0,48,29,27.10864735556552,1.229321940583958,-0.2293219405839584,650.6075365335724
2024-06-29,23.013701,1.0,1.0,23.6,21.2,0.3,18.6,11.181408333333334,2024,6,29,26,5,Saturday,1,2,2024-06-01,1963112.0,0.0,0.0,0.0,0.0,0.0,0.0,0.0,22.932545,47.334117,70.179494,22.974469,33.97656086714286,30.296392505,26.666320845666668,70.179494,0.0,0.7,2.4,0.6,0.2,0.9857142857142858,0.7285714285714286,0.7366666666666667,0.7833333333333333,10.7883,9.044077777777778,12.271086111111112,10.833842063492062,11.363155952380952,12.012819351851851,12.427130092592593,20.8,20.6,20.8,20.5,20.8,20.914285714285715,20.77857142857143,20.9,20.503333333333334,16.9,22.1,21.6,20.6,20.6,8.283861111111111,0.8,20.2,21.3,12.288611111111111,0.2,23.7,21.2,10.932716666666666,0.0,18.2,21.7,12.150649999999999,0.0,23.1,22.5,12.312586111111111,0.0,14.5,0,47,30,27.10864735556552,1.229321940583958,-0.2293219405839584,650.6075365335724
2024-06-30,23.001309,1.0,1.0,22.9,20.4,0.0,19.6,9.571325,2024,6,30,26,6,Sunday,1,2,2024-06-01,1963112.0,0.0,0.0,0.0,0.0,0.0,0.0,0.0,23.013701,22.932545,47.334117,46.965374,33.982165438571435,30.296255219285715,26.663321612333334,70.179494,0.0,0.3,0.7,0.0,1.5,0.942857142857143,0.7357142857142857,0.7466666666666667,0.7533333333333334,11.181408333333334,12.463330555555554,12.049613888888889,11.139174999999998,11.285321825396824,11.944881574074072,12.442724629629629,21.2,20.8,21.2,21.7,20.1,21.014285714285712,20.807142857142857,20.916666666666668,20.516666666666666,18.6,24.6,21.1,20.635714285714283,21.2,10.254352777777777,0.0,21.0,21.0,12.287183333333333,0.0,21.8,21.2,11.377230555555554,0.3,17.4,22.5,11.119647222222223,0.5,19.7,22.1,12.500933333333334,0.0,16.8,0,46,31,27.10864735556552,1.229321940583958,-0.2293219405839584,650.6075365335724
2024-07-01,24.015418,1.0,1.0,23.1,21.1,1.2,17.1,7.982597222222222,2024,7,1,27,0,Monday,0,3,2024-07-01,2445184.0,0.0,0.0,0.0,0.0,0.0,0.0,0.0,23.001309,23.013701,22.932545,27.44992707,30.55872758142857,30.29786336214286,26.660203979000002,70.179494,0.0,0.0,0.3,0.0,0.0,0.942857142857143,0.6285714285714287,0.7200000000000001,0.6666666666666666,9.571325,11.282075,12.703277777777778,10.72603134920635,11.108301190476192,11.876714907407406,12.444247314814815,20.4,21.2,20.4,21.3,20.2,20.82857142857143,20.82857142857143,20.903333333333332,20.533333333333335,19.6,24.7,20.38571428571429,20.57857142857143,21.3,12.288611111111111,0.2,23.7,21.2,10.932716666666666,0.0,18.2,20.9,12.16688888888889,0.0,18.8,22.6,8.560780555555557,1.7,19.2,23.7,12.761505555555555,0.0,13.6,0,45,32,28.47828612064241,1.229321940583958,-0.2293219405839584,683.4788668954178
2024-07-02,47.173365000000004,2.0,2.0,22.1,20.6,0.8,20.2,8.283861111111111,2024,7,2,27,1,Tuesday,0,3,2024-07-01,2445184.0,0.0,0.0,0.0,0.0,0.0,0.0,0.0,24.015418,23.001309,23.013701,0.0,30.06808342857143,30.291173219285717,27.402805935666667,70.179494,0.0,1.2,0.0,1.0,0.0,1.1142857142857143,0.7142857142857144,0.7466666666666667,0.66,7.982597222222222,10.283469444444444,12.465641666666667,10.254677380952382,10.77110972222222,11.758495555555555,12.43807212962963,21.1,20.4,21.1,20.9,21.2,20.8,20.892857142857142,20.90666666666667,20.596666666666668,17.1,22.6,19.3,20.428571428571427,21.0,12.287183333333333,0.0,21.8,21.2,11.377230555555554,0.3,17.4,21.7,12.150649999999999,0.0,23.1,22.9,11.202919444444445,0.0,18.4,22.8,11.30121388888889,0.0,19.0,0,44,33,28.47828612064241,1.229321940583958,-0.2293219405839584,683.4788668954178
2024-07-03,0.0,0.0,0.0,23.2,21.2,0.0,21.0,10.254352777777777,2024,7,3,27,2,Wednesday,0,3,2024-07-01,2445184.0,0.0,0.0,0.0,0.0,0.0,0.0,0.0,47.173365000000004,24.015418,23.001309,70.179494,36.80713557142857,30.294365719285715,28.207556769,70.179494,22.932545,0.8,1.2,2.2,1.6,1.0857142857142859,0.7714285714285714,0.7733333333333333,0.7133333333333333,8.283861111111111,11.10753888888889,12.030502777777777,9.969019047619046,10.472411111111112,11.589043055555555,12.409864444444445,20.6,21.1,20.6,20.6,20.9,20.75714285714286,20.849999999999998,20.883333333333333,20.646666666666665,20.2,21.0,18.95714285714286,20.45714285714286,21.2,10.932716666666666,0.0,18.2,20.9,12.16688888888889,0.0,18.8,22.5,11.119647222222223,0.5,19.7,22.5,12.312586111111111,0.0,14.5,22.4,12.397433333333334,0.0,18.4,0,43,34,28.47828612064241,1.229321940583958,-0.2293219405839584,683.4788668954178
2024-07-04,22.943736,1.0,1.0,23.9,21.3,0.2,23.7,12.288611111111111,2024,7,4,27,3,Thursday,0,3,2024-07-01,2445184.0,0.0,0.0,0.0,0.0,0.0,0.0,0.0,0.0,47.173365000000004,24.015418,47.334117,26.781493571428573,27.000983290714288,26.677367369,47.334117,0.0,0.0,0.8,2.4,0.0,0.7714285714285715,0.6571428571428571,0.7733333333333334,0.7133333333333333,10.254352777777777,10.868102777777777,11.123563888888889,9.847135317460317,10.345543253968254,11.482737222222223,12.414918425925926,21.2,20.6,21.2,20.6,20.6,20.842857142857145,20.87142857142857,20.9,20.673333333333332,21.0,19.3,18.95714285714286,20.514285714285716,21.2,11.377230555555554,0.3,17.4,21.7,12.150649999999999,0.0,23.1,22.6,8.560780555555557,1.7,19.2,22.1,12.500933333333334,0.0,16.8,23.2,12.477333333333334,0.0,17.5,0,42,35,28.47828612064241,1.229321940583958,-0.2293219405839584,683.4788668954178
2024-07-05,24.163746,1.0,1.0,23.5,21.0,0.0,21.8,12.287183333333333,2024,7,5,27,4,Friday,0,3,2024-07-01,2445184.0,0.0,0.0,0.0,0.0,0.0,0.0,0.0,22.943736,0.0,47.173365000000004,22.932545,23.297153428571427,28.639821576428574,26.637110202333336,47.173365000000004,0.0,0.2,0.0,0.7,0.0,0.4571428571428572,0.6714285714285715,0.77,0.65,12.288611111111111,10.7883,10.603602777777779,10.05006507936508,10.428760912698413,11.47860287037037,12.432164166666666,21.3,21.2,21.3,20.8,20.7,20.942857142857143,20.92142857142857,20.919999999999998,20.716666666666665,23.7,16.9,19.585714285714285,20.842857142857145,20.9,12.16688888888889,0.0,18.8,22.5,11.119647222222223,0.5,19.7,22.9,11.202919444444445,0.0,18.4,23.7,12.761505555555555,0.0,13.6,25.5,12.479358333333334,0.0,22.4,0,41,36,28.47828612064241,1.229321940583958,-0.2293219405839584,683.4788668954178
2024-07-06,23.11582,1.0,1.0,23.9,21.2,0.0,18.2,10.932716666666666,2024,7,6,27,5,Saturday,1,3,2024-07-01,2445184.0,0.0,0.0,0.0,0.0,0.0,0.0,0.0,24.163746,22.943736,0.0,23.013701,23.473039285714286,28.724800076428572,26.677884668999997,47.173365000000004,0.0,0.0,0.2,0.3,0.6,0.35714285714285715,0.6714285714285715,0.7233333333333333,0.5933333333333334,12.287183333333333,11.181408333333334,9.044077777777778,10.264191269841268,10.549016666666668,11.456062129629629,12.312770185185183,21.0,21.3,21.0,21.2,20.5,20.971428571428568,20.942857142857143,20.919999999999998,20.736666666666668,21.8,18.6,20.285714285714285,20.942857142857147,21.7,12.150649999999999,0.0,23.1,22.6,8.560780555555557,1.7,19.2,22.5,12.312586111111111,0.0,14.5,22.8,11.30121388888889,0.0,19.0,25.2,12.403833333333335,0.0,19.4,0,40,37,28.47828612064241,1.229321940583958,-0.2293219405839584,683.4788668954178
2024-07-07,22.915814,1.0,1.0,23.4,21.2,0.3,17.4,11.377230555555554,2024,7,7,27,6,Sunday,1,3,2024-07-01,2445184.0,0.0,0.0,0.0,0.0,0.0,0.0,0.0,23.11582,24.163746,22.943736,23.001309,23.48762771428571,28.734896576428575,25.873042702333333,47.173365000000004,0.0,0.0,0.0,0.0,0.0,0.31428571428571433,0.6285714285714287,0.7133333333333334,0.5399999999999999,10.932716666666666,9.571325,12.463330555555554,10.228663888888889,10.683919444444445,11.379035277777776,12.309748148148147,21.2,21.0,21.2,20.4,21.7,20.97142857142857,20.99285714285714,20.93,20.806666666666665,18.2,19.6,20.228571428571428,20.664285714285715,22.5,11.119647222222223,0.5,19.7,22.9,11.202919444444445,0.0,18.4,22.1,12.500933333333334,0.0,16.8,22.4,12.397433333333334,0.0,18.4,23.0,11.533777777777777,0.1,20.0,0,39,38,28.47828612064241,1.229321940583958,-0.2293219405839584,683.4788668954178
2024-07-08,22.34708,1.0,1.0,23.2,20.9,0.0,18.8,12.16688888888889,2024,7,8,28,0,Monday,0,3,2024-07-01,2445184.0,0.0,0.0,0.0,0.0,0.0,0.0,0.0,22.915814,23.11582,24.163746,24.015418,23.475414142857144,27.017070862142862,25.870206935666666,47.173365000000004,0.0,0.3,0.0,1.2,0.0,0.35714285714285715,0.65,0.6466666666666667,0.5399999999999999,11.377230555555554,7.982597222222222,11.282075,10.486650396825397,10.606340873015872,11.313127592592592,12.260108240740742,21.2,21.2,21.2,21.1,21.3,21.085714285714285,20.95714285714286,20.9,20.85,17.4,17.1,19.914285714285715,20.15,22.6,8.560780555555557,1.7,19.2,22.5,12.312586111111111,0.0,14.5,23.7,12.761505555555555,0.0,13.6,23.2,12.477333333333334,0.0,17.5,22.5,9.590675000000001,0.5,22.6,0,38,39,28.47828612064241,1.229321940583958,-0.2293219405839584,683.4788668954178
2024-07-09,0.0,0.0,0.0,24.3,21.7,0.0,23.1,12.150649999999999,2024,7,9,28,1,Tuesday,0,3,2024-07-01,2445184.0,0.0,0.0,0.0,0.0,0.0,0.0,0.0,22.34708,22.915814,23.11582,47.173365000000004,23.237080142857142,26.65258178571429,25.806317735666667,47.173365000000004,0.0,0.0,0.3,0.8,1.0,0.18571428571428572,0.65,0.6466666666666667,0.5733333333333334,12.16688888888889,8.283861111111111,10.283469444444444,11.084406349206349,10.669541865079365,11.276256851851851,12.166929814814814,20.9,21.2,20.9,20.6,20.9,21.057142857142857,20.928571428571427,20.85666666666667,20.85666666666667,18.8,20.2,20.157142857142855,19.728571428571428,22.9,11.202919444444445,0.0,18.4,22.1,12.500933333333334,0.0,16.8,22.8,11.30121388888889,0.0,19.0,25.5,12.479358333333334,0.0,22.4,23.3,12.091516666666667,0.0,21.2,0,37,40,28.47828612064241,1.229321940583958,-0.2293219405839584,683.4788668954178
2024-07-10,46.053064000000006,2.0,2.0,25.6,22.5,0.5,19.7,11.119647222222223,2024,7,10,28,2,Wednesday,0,3,2024-07-01,2445184.0,0.0,0.0,0.0,0.0,0.0,0.0,0.0,0.0,22.34708,22.915814,0.0,16.498028,26.65258178571429,25.806317735666667,24.163746,0.0,0.0,0.0,0.0,2.2,0.07142857142857142,0.5785714285714285,0.6466666666666667,0.6466666666666666,12.150649999999999,10.254352777777777,11.10753888888889,11.636804761904761,10.802911904761904,11.236264722222222,12.122267314814815,21.7,20.9,21.7,21.2,20.6,21.214285714285715,20.985714285714288,20.863333333333333,20.860000000000003,23.1,21.0,20.571428571428573,19.764285714285712,22.5,12.312586111111111,0.0,14.5,23.7,12.761505555555555,0.0,13.6,22.4,12.397433333333334,0.0,18.4,25.2,12.403833333333335,0.0,19.4,26.1,12.414525,0.0,20.1,0,36,41,28.47828612064241,1.229321940583958,-0.2293219405839584,683.4788668954178
2024-07-11,24.099234,1.0,1.0,25.9,22.6,1.7,19.2,8.560780555555557,2024,7,11,28,3,Thursday,0,3,2024-07-01,2445184.0,0.0,0.0,0.0,0.0,0.0,0.0,0.0,46.053064000000006,0.0,22.34708,22.943736,23.077037142857144,24.92926535714286,26.572847668999998,46.053064000000006,0.0,0.5,0.0,0.2,2.4,0.14285714285714285,0.4571428571428572,0.65,0.7133333333333334,11.119647222222223,12.288611111111111,10.868102777777777,11.760418253968254,10.803776785714286,11.161964722222221,12.095222870370371,22.5,21.7,22.5,21.3,20.6,21.400000000000002,21.12142857142857,20.889999999999997,20.886666666666667,19.7,23.7,20.38571428571429,19.67142857142857,22.1,12.500933333333334,0.0,16.8,22.8,11.30121388888889,0.0,19.0,23.2,12.477333333333334,0.0,17.5,23.0,11.533777777777777,0.1,20.0,27.6,12.446288888888889,0.0,19.6,0,35,42,28.47828612064241,1.229321940583958,-0.2293219405839584,683.4788668954178
2024-07-12,46.158099,2.0,2.0,25.7,22.9,0.0,18.4,11.202919444444445,2024,7,12,28,4,Friday,0,3,2024-07-01,2445184.0,0.0,0.0,0.0,0.0,0.0,0.0,0.0,24.099234,46.053064000000006,0.0,24.163746,23.242108285714288,23.269630857142857,26.606759469,46.053064000000006,0.0,1.7,0.5,0.0,0.7,0.35714285714285715,0.4071428571428571,0.6333333333333333,0.7366666666666667,8.560780555555557,12.287183333333333,10.7883,11.227871031746032,10.638968055555555,11.01995324074074,12.012819351851851,22.6,22.5,22.6,21.0,20.8,21.585714285714285,21.264285714285712,20.956666666666663,20.9,19.2,21.8,19.74285714285714,19.66428571428571,23.7,12.761505555555555,0.0,13.6,22.4,12.397433333333334,0.0,18.4,25.5,12.479358333333334,0.0,22.4,22.5,9.590675000000001,0.5,22.6,25.0,11.800719444444443,0.0,19.7,0,34,43,28.47828612064241,1.229321940583958,-0.2293219405839584,683.4788668954178
2024-07-13,0.0,0.0,0.0,25.7,22.5,0.0,14.5,12.312586111111111,2024,7,13,28,5,Saturday,1,3,2024-07-01,2445184.0,0.0,0.0,0.0,0.0,0.0,0.0,0.0,46.158099,24.099234,46.053064000000006,23.11582,26.384158714285714,24.928599,28.145362769,46.158099,0.0,0.0,1.7,0.0,0.3,0.35714285714285715,0.35714285714285715,0.5333333333333333,0.7466666666666667,11.202919444444445,10.932716666666666,11.181408333333334,11.072976190476192,10.66858373015873,11.044060277777778,11.944881574074072,22.9,22.6,22.9,21.2,21.2,21.857142857142858,21.414285714285715,21.046666666666667,20.916666666666668,18.4,18.2,19.257142857142856,19.771428571428572,22.8,11.30121388888889,0.0,19.0,23.2,12.477333333333334,0.0,17.5,25.2,12.403833333333335,0.0,19.4,23.3,12.091516666666667,0.0,21.2,23.1,12.116744444444445,0.0,18.0,0,33,44,28.47828612064241,1.229321940583958,-0.2293219405839584,683.4788668954178
2024-07-14,71.461855,3.0,3.0,25.8,22.1,0.0,16.8,12.500933333333334,2024,7,14,28,6,Sunday,1,3,2024-07-01,2445184.0,0.0,0.0,0.0,0.0,0.0,0.0,0.0,0.0,46.158099,24.099234,22.915814,23.081898714285717,23.28476321428571,27.344041335666667,46.158099,0.0,0.0,0.0,0.3,0.0,0.35714285714285715,0.33571428571428574,0.5066666666666667,0.7200000000000001,12.312586111111111,11.377230555555554,9.571325,11.270100396825397,10.749382142857142,11.136664907407408,11.876714907407406,22.5,22.9,22.5,21.2,20.4,22.042857142857144,21.507142857142856,21.12333333333333,20.903333333333332,14.5,17.4,18.728571428571428,19.478571428571428,22.4,12.397433333333334,0.0,18.4,25.5,12.479358333333334,0.0,22.4,23.0,11.533777777777777,0.1,20.0,26.1,12.414525,0.0,20.1,22.8,12.030727777777779,0.4,24.4,0,32,45,28.47828612064241,1.229321940583958,-0.2293219405839584,683.4788668954178
2024-07-15,22.321758,1.0,1.0,27.7,23.7,0.0,13.6,12.761505555555555,2024,7,15,29,0,Monday,0,3,2024-07-01,2445184.0,0.0,0.0,0.0,0.0,0.0,0.0,0.0,71.461855,0.0,46.158099,22.34708,30.017047428571427,26.746230785714285,28.153724535666665,71.461855,0.0,0.0,0.0,0.0,1.2,0.31428571428571433,0.33571428571428574,0.5066666666666667,0.7466666666666667,12.500933333333334,12.16688888888889,7.982597222222222,11.430629365079366,10.95863988095238,11.108595833333334,11.758495555555555,22.1,22.5,22.1,20.9,21.1,22.17142857142857,21.62857142857143,21.176666666666666,20.90666666666667,16.8,18.8,18.642857142857142,19.27857142857143,23.2,12.477333333333334,0.0,17.5,25.2,12.403833333333335,0.0,19.4,22.5,9.590675000000001,0.5,22.6,27.6,12.446288888888889,0.0,19.6,23.3,11.10825,0.6,21.7,0,31,46,28.47828612064241,1.229321940583958,-0.2293219405839584,683.4788668954178
2024-07-16,0.0,0.0,0.0,25.8,22.8,0.0,19.0,11.30121388888889,2024,7,16,29,1,Tuesday,0,3,2024-07-01,2445184.0,0.0,0.0,0.0,0.0,0.0,0.0,0.0,22.321758,71.461855,0.0,0.0,30.01343,26.62525507142857,28.130595702333334,71.461855,0.0,0.0,0.0,0.0,0.8,0.31428571428571433,0.25,0.5,0.7733333333333333,12.761505555555555,12.150649999999999,8.283861111111111,11.515574603174603,11.299990476190477,11.124943148148146,11.589043055555555,23.7,22.1,23.7,21.7,20.6,22.571428571428573,21.814285714285713,21.273333333333333,20.883333333333333,13.6,23.1,17.9,19.02857142857143,25.5,12.479358333333334,0.0,22.4,23.0,11.533777777777777,0.1,20.0,23.3,12.091516666666667,0.0,21.2,25.0,11.800719444444443,0.0,19.7,22.7,12.129316666666666,0.2,18.8,0,30,47,28.47828612064241,1.229321940583958,-0.2293219405839584,683.4788668954178
2024-07-17,46.129630000000006,2.0,2.0,26.1,22.4,0.0,18.4,12.397433333333334,2024,7,17,29,2,Wednesday,0,3,2024-07-01,2445184.0,0.0,0.0,0.0,0.0,0.0,0.0,0.0,0.0,22.321758,71.461855,46.053064000000006,30.01343,23.255729,27.364635869,71.461855,0.0,0.0,0.0,0.5,0.0,0.31428571428571433,0.19285714285714287,0.45,0.7733333333333334,11.30121388888889,11.119647222222223,10.254352777777777,11.394226587301587,11.515515674603174,11.099996481481481,11.482737222222223,22.8,23.7,22.8,22.5,21.2,22.728571428571428,21.97142857142857,21.363333333333333,20.9,19.0,19.7,17.314285714285713,18.942857142857143,25.2,12.403833333333335,0.0,19.4,22.5,9.590675000000001,0.5,22.6,26.1,12.414525,0.0,20.1,23.1,12.116744444444445,0.0,18.0,22.8,12.362958333333333,0.0,19.5,0,29,48,28.47828612064241,1.229321940583958,-0.2293219405839584,683.4788668954178
2024-07-18,22.911453,1.0,1.0,27.4,23.2,0.0,17.5,12.477333333333334,2024,7,18,29,3,Thursday,0,3,2024-07-01,2445184.0,0.0,0.0,0.0,0.0,0.0,0.0,0.0,46.129630000000006,0.0,22.321758,24.099234,30.024368,26.55070257142857,28.098654202333332,71.461855,0.0,0.0,0.0,1.7,0.2,0.24285714285714285,0.19285714285714287,0.45,0.77,12.397433333333334,8.560780555555557,12.288611111111111,11.576767460317459,11.668592857142857,11.089801666666666,11.47860287037037,22.4,22.8,22.4,22.6,21.3,22.714285714285715,22.057142857142857,21.436666666666664,20.919999999999998,18.4,19.2,17.12857142857143,18.75714285714286,23.0,11.533777777777777,0.1,20.0,23.3,12.091516666666667,0.0,21.2,27.6,12.446288888888889,0.0,19.6,22.8,12.030727777777779,0.4,24.4,22.9,10.725375,0.2,20.9,0,28,49,28.47828612064241,1.229321940583958,-0.2293219405839584,683.4788668954178
2024-07-19,23.025736,1.0,1.0,29.8,25.5,0.0,22.4,12.479358333333334,2024,7,19,29,4,Friday,0,3,2024-07-01,2445184.0,0.0,0.0,0.0,0.0,0.0,0.0,0.0,22.911453,46.129630000000006,0.0,46.158099,29.854685,26.548396642857142,27.291413635666668,71.461855,0.0,0.0,0.0,0.0,0.0,0.0,0.17857142857142858,0.45,0.7233333333333333,12.477333333333334,11.202919444444445,12.287183333333333,12.136275,11.682073015873016,11.090191388888888,11.456062129629629,23.2,22.4,23.2,22.9,21.0,22.8,22.192857142857143,21.503333333333334,20.919999999999998,17.5,18.4,16.885714285714283,18.314285714285713,22.5,9.590675000000001,0.5,22.6,26.1,12.414525,0.0,20.1,25.0,11.800719444444443,0.0,19.7,23.3,11.10825,0.6,21.7,23.6,11.060394444444444,0.0,19.1,0,27,50,28.47828612064241,1.229321940583958,-0.2293219405839584,683.4788668954178
2024-07-20,0.0,0.0,0.0,27.7,25.2,0.0,19.4,12.403833333333335,2024,7,20,29,5,Saturday,1,3,2024-07-01,2445184.0,0.0,0.0,0.0,0.0,0.0,0.0,0.0,23.025736,22.911453,46.129630000000006,0.0,26.550061714285714,26.467110214285714,26.522026369000002,71.461855,0.0,0.0,0.0,0.0,0.0,0.0,0.17857142857142858,0.39666666666666667,0.7133333333333334,12.479358333333334,12.312586111111111,10.932716666666666,12.318623412698413,11.6957998015873,11.105153240740743,11.379035277777776,25.5,23.2,25.5,22.5,21.2,23.17142857142857,22.514285714285712,21.65666666666667,20.93,22.4,14.5,17.457142857142856,18.357142857142858,23.3,12.091516666666667,0.0,21.2,27.6,12.446288888888889,0.0,19.6,23.1,12.116744444444445,0.0,18.0,22.7,12.129316666666666,0.2,18.8,25.3,12.224586111111112,0.0,14.7,0,26,51,28.47828612064241,1.229321940583958,-0.2293219405839584,683.4788668954178
2024-07-21,24.057104,1.0,1.0,25.2,23.0,0.1,20.0,11.533777777777777,2024,7,21,29,6,Sunday,1,3,2024-07-01,2445184.0,0.0,0.0,0.0,0.0,0.0,0.0,0.0,0.0,23.025736,22.911453,71.461855,26.550061714285714,24.815980214285712,26.522026369000002,71.461855,0.0,0.0,0.0,0.0,0.3,0.0,0.17857142857142858,0.39666666666666667,0.6466666666666667,12.403833333333335,12.500933333333334,11.377230555555554,12.331658730158733,11.800879563492064,11.147828888888888,11.313127592592592,25.2,25.5,25.2,22.1,21.2,23.557142857142853,22.800000000000004,21.81,20.9,19.4,16.8,18.157142857142855,18.442857142857143,26.1,12.414525,0.0,20.1,25.0,11.800719444444443,0.0,19.7,22.8,12.030727777777779,0.4,24.4,22.8,12.362958333333333,0.0,19.5,24.2,12.077991666666666,0.0,17.0,0,25,52,28.47828612064241,1.229321940583958,-0.2293219405839584,683.4788668954178
2024-07-22,47.090221,2.0,2.0,25.2,22.5,0.5,22.6,9.590675000000001,2024,7,22,30,0,Monday,0,3,2024-07-01,2445184.0,0.0,0.0,0.0,0.0,0.0,0.0,0.0,24.057104,0.0,23.025736,22.321758,19.77795442857143,24.89750092857143,26.558128269,46.129630000000006,0.0,0.1,0.0,0.0,0.0,0.014285714285714287,0.16428571428571428,0.4,0.6466666666666667,11.533777777777777,12.761505555555555,12.16688888888889,12.193493650793652,11.812061507936509,11.178834722222224,11.276256851851851,23.0,25.2,23.0,23.7,20.9,23.685714285714287,22.928571428571427,21.886666666666663,20.85666666666667,20.0,13.6,18.61428571428571,18.62857142857143,27.6,12.446288888888889,0.0,19.6,23.1,12.116744444444445,0.0,18.0,23.3,11.10825,0.6,21.7,22.9,10.725375,0.2,20.9,22.8,11.962919444444445,0.0,21.5,0,24,53,28.47828612064241,1.229321940583958,-0.2293219405839584,683.4788668954178
2024-07-23,46.120993,2.0,2.0,26.6,23.3,0.0,21.2,12.091516666666667,2024,7,23,30,1,Tuesday,0,3,2024-07-01,2445184.0,0.0,0.0,0.0,0.0,0.0,0.0,0.0,47.090221,24.057104,0.0,0.0,23.316306285714287,26.66486814285714,27.361986668999997,47.090221,0.0,0.5,0.1,0.0,0.0,0.08571428571428572,0.19999999999999998,0.39666666666666667,0.6466666666666667,9.590675000000001,11.30121388888889,12.150649999999999,11.740517857142859,11.62804623015873,11.19705462962963,11.236264722222222,22.5,23.0,22.5,22.8,21.7,23.514285714285716,23.042857142857144,21.95333333333333,20.863333333333333,22.6,19.0,19.900000000000002,18.900000000000002,25.0,11.800719444444443,0.0,19.7,22.8,12.030727777777779,0.4,24.4,22.7,12.129316666666666,0.2,18.8,23.6,11.060394444444444,0.0,19.1,22.7,9.85885,0.0,20.6,0,23,54,28.47828612064241,1.229321940583958,-0.2293219405839584,683.4788668954178
2024-07-24,24.014049,1.0,1.0,29.3,26.1,0.0,20.1,12.414525,2024,7,24,30,2,Wednesday,0,3,2024-07-01,2445184.0,0.0,0.0,0.0,0.0,0.0,0.0,0.0,46.120993,47.090221,24.057104,46.129630000000006,29.90501957142857,29.959224785714287,27.333840635666665,47.090221,0.0,0.0,0.5,0.0,0.5,0.08571428571428572,0.19999999999999998,0.39666666666666667,0.65,12.091516666666667,12.397433333333334,11.119647222222223,11.853418253968254,11.623822420634921,11.184660833333334,11.161964722222221,23.3,22.5,23.3,22.4,22.5,23.585714285714285,23.157142857142855,22.006666666666668,20.889999999999997,21.2,18.4,20.214285714285715,18.764285714285712,23.1,12.116744444444445,0.0,18.0,23.3,11.10825,0.6,21.7,22.8,12.362958333333333,0.0,19.5,25.3,12.224586111111112,0.0,14.7,23.0,11.297272222222222,0.1,16.9,0,22,55,28.47828612064241,1.229321940583958,-0.2293219405839584,683.4788668954178
2024-07-25,23.025793,1.0,1.0,30.8,27.6,0.0,19.6,12.446288888888889,2024,7,25,30,3,Thursday,0,3,2024-07-01,2445184.0,0.0,0.0,0.0,0.0,0.0,0.0,0.0,24.014049,46.120993,47.090221,22.911453,26.74565085714286,28.38500942857143,27.219311366666666,47.090221,0.0,0.0,0.0,0.0,1.7,0.08571428571428572,0.16428571428571428,0.39666666666666667,0.6333333333333333,12.414525,12.477333333333334,8.560780555555557,11.855859920634922,11.71631369047619,11.222409166666667,11.01995324074074,26.1,23.3,26.1,23.2,22.6,24.11428571428571,23.414285714285715,22.166666666666668,20.956666666666663,20.1,17.5,20.457142857142856,18.79285714285714,22.8,12.030727777777779,0.4,24.4,22.7,12.129316666666666,0.2,18.8,22.9,10.725375,0.2,20.9,24.2,12.077991666666666,0.0,17.0,22.9,11.466177777777776,0.7,17.3,0,21,56,28.47828612064241,1.229321940583958,-0.2293219405839584,683.4788668954178
2024-07-26,46.242936,2.0,2.0,27.7,25.0,0.0,19.7,11.800719444444443,2024,7,26,30,4,Friday,0,3,2024-07-01,2445184.0,0.0,0.0,0.0,0.0,0.0,0.0,0.0,23.025793,24.014049,46.120993,23.025736,26.76198514285714,28.30833507142857,27.9868378,47.090221,0.0,0.0,0.0,0.0,0.0,0.08571428571428572,0.04285714285714286,0.36333333333333334,0.5333333333333333,12.446288888888889,12.479358333333334,11.202919444444445,11.851425,11.993849999999998,11.294503148148149,11.044060277777778,27.6,26.1,27.6,25.5,22.9,24.742857142857144,23.771428571428572,22.39,21.046666666666667,19.6,22.4,20.757142857142856,18.821428571428573,23.3,11.10825,0.6,21.7,22.8,12.362958333333333,0.0,19.5,23.6,11.060394444444444,0.0,19.1,22.8,11.962919444444445,0.0,21.5,22.7,11.400888888888888,0.0,17.7,0,20,57,28.47828612064241,1.229321940583958,-0.2293219405839584,683.4788668954178
2024-07-27,24.001426,1.0,1.0,26.1,23.1,0.0,18.0,12.116744444444445,2024,7,27,30,5,Saturday,1,3,2024-07-01,2445184.0,0.0,0.0,0.0,0.0,0.0,0.0,0.0,46.242936,23.025793,24.014049,0.0,30.078728,28.31439485714286,27.18895253333333,47.090221,0.0,0.0,0.0,0.0,0.0,0.08571428571428572,0.04285714285714286,0.29,0.5066666666666667,11.800719444444443,12.403833333333335,12.312586111111111,11.754476587301586,12.036550000000002,11.317609166666667,11.136664907407408,25.0,27.6,25.0,25.2,22.5,24.671428571428574,23.921428571428574,22.53666666666667,21.12333333333333,19.7,19.4,20.37142857142857,18.914285714285715,22.7,12.129316666666666,0.2,18.8,22.9,10.725375,0.2,20.9,25.3,12.224586111111112,0.0,14.7,22.7,9.85885,0.0,20.6,23.0,12.081802777777778,0.0,19.5,0,19,58,28.47828612064241,1.229321940583958,-0.2293219405839584,683.4788668954178
2024-07-28,24.213643,1.0,1.0,24.9,22.8,0.4,24.4,12.030727777777779,2024,7,28,30,6,Sunday,1,3,2024-07-01,2445184.0,0.0,0.0,0.0,0.0,0.0,0.0,0.0,24.001426,46.242936,23.025793,24.057104,33.50750314285714,30.02878242857143,26.411196166666667,47.090221,23.025793,0.0,0.0,0.1,0.0,0.08571428571428572,0.04285714285714286,0.21,0.5066666666666667,12.116744444444445,11.533777777777777,12.500933333333334,11.713463888888887,12.02256130952381,11.359230555555554,11.108595833333334,23.1,25.0,23.1,23.0,22.1,24.37142857142857,23.964285714285715,22.619999999999997,21.176666666666666,18.0,20.0,20.17142857142857,19.164285714285715,22.8,12.362958333333333,0.0,19.5,23.6,11.060394444444444,0.0,19.1,24.2,12.077991666666666,0.0,17.0,23.0,11.297272222222222,0.1,16.9,23.3,12.0,0.0,19.1,0,18,59,28.47828612064241,1.229321940583958,-0.2293219405839584,683.4788668954178
2024-07-29,45.31369,2.0,2.0,26.8,23.3,0.6,21.7,11.10825,2024,7,29,31,0,Monday,0,3,2024-07-01,2445184.0,0.0,0.0,0.0,0.0,0.0,0.0,0.0,24.213643,24.001426,46.242936,47.090221,33.52986585714286,26.653910142857143,26.453899433333333,47.090221,23.025793,0.4,0.0,0.5,0.0,0.1285714285714286,0.07142857142857142,0.2,0.5,12.030727777777779,9.590675000000001,12.761505555555555,11.784456746031747,11.9889751984127,11.400644814814816,11.124943148148146,22.8,23.1,22.8,22.5,23.7,24.34285714285715,24.014285714285712,22.686666666666667,21.273333333333333,24.4,22.6,20.8,19.707142857142856,22.9,10.725375,0.2,20.9,25.3,12.224586111111112,0.0,14.7,22.8,11.962919444444445,0.0,21.5,22.9,11.466177777777776,0.7,17.3,23.2,11.67258611111111,0.0,19.0,0,17,60,28.47828612064241,1.229321940583958,-0.2293219405839584,683.4788668954178
2024-07-30,0.0,0.0,0.0,25.6,22.7,0.2,18.8,12.129316666666666,2024,7,30,31,1,Tuesday,0,3,2024-07-01,2445184.0,0.0,0.0,0.0,0.0,0.0,0.0,0.0,45.31369,24.213643,24.001426,46.120993,33.27607571428571,28.296191,27.1972324,46.242936,23.025793,0.6,0.4,0.0,0.0,0.14285714285714285,0.1142857142857143,0.21,0.45,11.10825,12.091516666666667,11.30121388888889,12.001253174603175,11.870885515873015,11.398206203703705,11.099996481481481,23.3,22.8,23.3,23.3,22.8,24.45714285714286,23.985714285714288,22.756666666666664,21.363333333333333,21.7,21.2,20.67142857142857,20.285714285714285,23.6,11.060394444444444,0.0,19.1,24.2,12.077991666666666,0.0,17.0,22.7,9.85885,0.0,20.6,22.7,11.400888888888888,0.0,17.7,23.1,11.559805555555556,0.0,16.6,0,16,61,28.47828612064241,1.229321940583958,-0.2293219405839584,683.4788668954178
2024-07-31,47.299904,2.0,2.0,25.1,22.8,0.0,19.5,12.362958333333333,2024,7,31,31,2,Wednesday,0,3,2024-07-01,2445184.0,0.0,0.0,0.0,0.0,0.0,0.0,0.0,0.0,45.31369,24.213643,24.014049,26.687362428571426,28.296191,26.4305221,46.242936,0.0,0.2,0.6,0.0,0.0,0.17142857142857143,0.1285714285714286,0.21666666666666667,0.45,12.129316666666666,12.414525,12.397433333333334,12.006653174603175,11.930035714285717,11.483472592592593,11.089801666666666,22.7,23.3,22.7,26.1,22.4,24.371428571428574,23.978571428571428,22.833333333333332,21.436666666666664,18.8,20.1,20.32857142857143,20.27142857142857,25.3,12.224586111111112,0.0,14.7,22.8,11.962919444444445,0.0,21.5,23.0,11.297272222222222,0.1,16.9,23.0,12.081802777777778,0.0,19.5,23.0,12.0,0.0,18.0,0,15,62,28.47828612064241,1.229321940583958,-0.2293219405839584,683.4788668954178
2024-08-01,0.0,0.0,0.0,24.6,22.9,0.2,20.9,10.725375,2024,8,1,31,3,Thursday,0,3,2024-08-01,2485819.0,0.0,0.0,0.0,0.0,0.0,0.0,0.0,47.299904,0.0,45.31369,23.025793,30.013913142857145,28.379782000000002,27.206671633333332,47.299904,0.0,0.0,0.2,0.0,0.0,0.17142857142857143,0.1285714285714286,0.17666666666666667,0.45,12.362958333333333,12.446288888888889,12.477333333333334,11.999286507936507,11.927573214285715,11.629484629629628,11.090191388888888,22.8,22.7,22.8,27.6,23.2,23.900000000000002,24.00714285714286,22.889999999999997,21.503333333333334,19.5,19.6,20.24285714285714,20.349999999999998,24.2,12.077991666666666,0.0,17.0,22.7,9.85885,0.0,20.6,22.9,11.466177777777776,0.7,17.3,23.3,12.0,0.0,19.1,22.7,10.266172222222222,0.7,21.3,0,14,63,37.74993531430474,1.229321940583958,-0.2293219405839584,905.9984475433139
2024-08-02,23.099635,1.0,1.0,26.5,23.6,0.0,19.1,11.060394444444444,2024,8,2,31,4,Friday,0,3,2024-08-01,2485819.0,0.0,0.0,0.0,0.0,0.0,0.0,0.0,0.0,47.299904,0.0,46.242936,26.724514142857142,26.74324964285714,25.634226133333335,47.299904,0.0,0.2,0.0,0.0,0.0,0.19999999999999998,0.14285714285714285,0.15666666666666668,0.39666666666666667,10.725375,11.800719444444443,12.479358333333334,11.753441666666665,11.802433333333331,11.710868425925927,11.105153240740743,22.9,22.8,22.9,25.0,25.5,23.228571428571428,23.985714285714288,22.966666666666665,21.65666666666667,20.9,19.7,20.428571428571427,20.592857142857145,22.8,11.962919444444445,0.0,21.5,23.0,11.297272222222222,0.1,16.9,22.7,11.400888888888888,0.0,17.7,23.2,11.67258611111111,0.0,19.0,24.8,12.080086111111111,0.0,20.8,0,13,64,37.74993531430474,1.229321940583958,-0.2293219405839584,905.9984475433139
2024-08-03,70.352351,3.0,3.0,28.3,25.3,0.0,14.7,12.224586111111112,2024,8,3,31,5,Saturday,1,3,2024-08-01,2485819.0,0.0,0.0,0.0,0.0,0.0,0.0,0.0,23.099635,0.0,47.299904,24.001426,23.418328285714285,26.748528142857143,26.404213966666667,47.299904,0.0,0.0,0.2,0.0,0.0,0.19999999999999998,0.14285714285714285,0.15666666666666668,0.39666666666666667,11.060394444444444,12.116744444444445,12.403833333333335,11.647680952380954,11.70107876984127,11.737736481481482,11.147828888888888,23.6,22.9,23.6,23.1,25.2,23.02857142857143,23.85,23.046666666666667,21.81,19.1,18.0,20.342857142857145,20.357142857142858,22.7,9.85885,0.0,20.6,22.9,11.466177777777776,0.7,17.3,23.0,12.081802777777778,0.0,19.5,23.1,11.559805555555556,0.0,16.6,26.4,12.013016666666667,0.0,22.0,0,12,65,37.74993531430474,1.229321940583958,-0.2293219405839584,905.9984475433139
2024-08-04,24.147572,1.0,1.0,27.1,24.2,0.0,17.0,12.077991666666666,2024,8,4,31,6,Sunday,1,3,2024-08-01,2485819.0,0.0,0.0,0.0,0.0,0.0,0.0,0.0,70.352351,23.099635,0.0,24.213643,30.039889,31.77369607142857,27.984501133333332,70.352351,0.0,0.0,0.0,0.4,0.1,0.19999999999999998,0.14285714285714285,0.15,0.4,12.224586111111112,12.030727777777779,11.533777777777777,11.663086904761906,11.688275396825395,11.735602314814816,11.178834722222224,25.3,23.6,25.3,22.8,23.0,23.342857142857145,23.85714285714286,23.180000000000003,21.886666666666663,14.7,24.4,19.87142857142857,20.021428571428572,23.0,11.297272222222222,0.1,16.9,22.7,11.400888888888888,0.0,17.7,23.3,12.0,0.0,19.1,23.0,12.0,0.0,18.0,25.4,12.0,0.0,21.0,0,11,66,37.74993531430474,1.229321940583958,-0.2293219405839584,905.9984475433139
2024-08-05,44.715785,2.0,2.0,25.3,22.8,0.0,21.5,11.962919444444445,2024,8,5,32,0,Monday,0,3,2024-08-01,2485819.0,0.0,0.0,0.0,0.0,0.0,0.0,0.0,24.147572,70.352351,23.099635,45.31369,30.030450285714284,31.78015807142857,27.983962000000002,70.352351,0.0,0.0,0.0,0.6,0.5,0.14285714285714285,0.1357142857142857,0.15,0.39666666666666667,12.077991666666666,11.10825,9.590675000000001,11.669838888888888,11.727147817460317,11.72862925925926,11.19705462962963,24.2,25.3,24.2,23.3,22.5,23.542857142857144,23.942857142857143,23.28666666666667,21.95333333333333,17.0,21.7,18.814285714285713,19.807142857142857,22.9,11.466177777777776,0.7,17.3,23.0,12.081802777777778,0.0,19.5,23.2,11.67258611111111,0.0,19.0,22.7,10.266172222222222,0.7,21.3,25.8,10.078269444444443,0.0,24.5,0,10,67,37.74993531430474,1.229321940583958,-0.2293219405839584,905.9984475433139
2024-08-06,23.09135,1.0,1.0,24.8,22.7,0.0,20.6,9.85885,2024,8,6,32,1,Tuesday,0,3,2024-08-01,2485819.0,0.0,0.0,0.0,0.0,0.0,0.0,0.0,44.715785,24.147572,70.352351,0.0,29.94503528571428,31.6105555,28.703960833333333,70.352351,0.0,0.0,0.0,0.2,0.0,0.05714285714285715,0.09999999999999999,0.15,0.39666666666666667,11.962919444444445,12.129316666666666,12.091516666666667,11.791934523809525,11.896593849206349,11.762969351851854,11.184660833333334,22.8,24.2,22.8,22.7,23.3,23.47142857142857,23.96428571428572,23.34,22.006666666666668,21.5,18.8,18.785714285714285,19.728571428571428,22.7,11.400888888888888,0.0,17.7,23.3,12.0,0.0,19.1,23.1,11.559805555555556,0.0,16.6,24.8,12.080086111111111,0.0,20.8,25.1,7.150725,0.2,13.4,0,9,68,37.74993531430474,1.229321940583958,-0.2293219405839584,905.9984475433139
2024-08-07,23.12904,1.0,1.0,25.6,23.0,0.1,16.9,11.297272222222222,2024,8,7,32,2,Wednesday,0,3,2024-08-01,2485819.0,0.0,0.0,0.0,0.0,0.0,0.0,0.0,23.09135,44.715785,24.147572,47.299904,33.24379957142857,29.965580999999997,28.709812033333332,70.352351,0.0,0.0,0.0,0.0,0.0,0.028571428571428574,0.09999999999999999,0.14,0.39666666666666667,9.85885,12.362958333333333,12.414525,11.467582142857141,11.737117658730158,11.712356666666667,11.222409166666667,22.7,22.8,22.7,22.8,26.1,23.47142857142857,23.921428571428574,23.389999999999997,22.166666666666668,20.6,19.5,19.042857142857144,19.685714285714287,23.0,12.081802777777778,0.0,19.5,23.2,11.67258611111111,0.0,19.0,23.0,12.0,0.0,18.0,26.4,12.013016666666667,0.0,22.0,24.7,11.938094444444443,0.0,11.8,0,8,69,37.74993531430474,1.229321940583958,-0.2293219405839584,905.9984475433139
2024-08-08,0.0,0.0,0.0,25.2,22.9,0.7,17.3,11.466177777777776,2024,8,8,32,3,Thursday,0,3,2024-08-01,2485819.0,0.0,0.0,0.0,0.0,0.0,0.0,0.0,23.12904,23.09135,44.715785,0.0,29.790818999999995,29.90236607142857,28.735877366666667,70.352351,0.0,0.1,0.0,0.2,0.0,0.042857142857142864,0.10714285714285714,0.14333333333333334,0.36333333333333334,11.297272222222222,10.725375,12.446288888888889,11.315341269841271,11.65731388888889,11.683369444444446,11.294503148148149,23.0,22.7,23.0,22.9,27.6,23.5,23.7,23.459999999999997,22.39,16.9,20.9,18.67142857142857,19.457142857142856,23.3,12.0,0.0,19.1,23.1,11.559805555555556,0.0,16.6,22.7,10.266172222222222,0.7,21.3,25.4,12.0,0.0,21.0,24.3,11.659969444444444,0.0,15.2,0,7,70,37.74993531430474,1.229321940583958,-0.2293219405839584,905.9984475433139
2024-08-09,47.096119,2.0,2.0,25.0,22.7,0.0,17.7,11.400888888888888,2024,8,9,32,4,Friday,0,3,2024-08-01,2485819.0,0.0,0.0,0.0,0.0,0.0,0.0,0.0,0.0,23.12904,23.09135,23.099635,29.790819,28.257666571428576,28.735877366666667,70.352351,0.0,0.7,0.1,0.0,0.0,0.1142857142857143,0.1571428571428571,0.16666666666666666,0.29,11.466177777777776,11.060394444444444,11.800719444444443,11.42117023809524,11.587305952380953,11.660553703703703,11.317609166666667,22.9,23.0,22.9,23.6,25.0,23.5,23.36428571428571,23.5,22.53666666666667,17.3,19.1,18.157142857142855,19.292857142857144,23.2,11.67258611111111,0.0,19.0,23.0,12.0,0.0,18.0,24.8,12.080086111111111,0.0,20.8,25.8,10.078269444444443,0.0,24.5,22.5,9.17365,0.0,20.5,0,6,71,37.74993531430474,1.229321940583958,-0.2293219405839584,905.9984475433139
2024-08-10,46.065628000000004,2.0,1.0,26.2,23.0,0.0,19.5,12.081802777777778,2024,8,10,32,5,Saturday,1,3,2024-08-01,2485819.0,0.0,0.0,0.0,0.0,0.0,0.0,0.0,47.096119,0.0,23.12904,70.352351,33.218888142857146,28.318608214285714,28.770645866666666,70.352351,0.0,0.0,0.7,0.0,0.0,0.1142857142857143,0.1571428571428571,0.15,0.21,11.400888888888888,12.224586111111112,12.116744444444445,11.4698123015873,11.558746626984128,11.669928425925926,11.359230555555554,22.7,22.9,22.7,25.3,23.1,23.37142857142857,23.199999999999996,23.506666666666668,22.619999999999997,17.7,14.7,17.95714285714286,19.150000000000002,23.1,11.559805555555556,0.0,16.6,22.7,10.266172222222222,0.7,21.3,26.4,12.013016666666667,0.0,22.0,25.1,7.150725,0.2,13.4,23.3,10.212877777777777,3.0,21.7,0,5,72,37.74993531430474,1.229321940583958,-0.2293219405839584,905.9984475433139
2024-08-11,47.320865,2.0,2.0,27.4,23.3,0.0,19.1,12.0,2024,8,11,32,6,Sunday,1,3,2024-08-01,2485819.0,0.0,0.0,0.0,0.0,0.0,0.0,0.0,46.065628000000004,47.096119,0.0,24.147572,29.74935628571429,29.894622642857144,29.502859,47.096119,0.0,0.0,0.0,0.0,0.4,0.1142857142857143,0.1571428571428571,0.09333333333333332,0.2,12.081802777777778,12.077991666666666,12.030727777777779,11.449414682539683,11.556250793650793,11.787295833333333,11.400644814814816,23.0,22.7,23.0,24.2,22.8,23.04285714285714,23.192857142857143,23.52,22.686666666666667,19.5,17.0,18.642857142857142,19.25714285714286,23.0,12.0,0.0,18.0,24.8,12.080086111111111,0.0,20.8,25.4,12.0,0.0,21.0,24.7,11.938094444444443,0.0,11.8,23.3,12.0,0.3,18.7,0,4,73,37.74993531430474,1.229321940583958,-0.2293219405839584,905.9984475433139
2024-08-12,46.631455,2.0,2.0,25.9,23.2,0.0,19.0,11.67258611111111,2024,8,12,33,0,Monday,0,3,2024-08-01,2485819.0,0.0,0.0,0.0,0.0,0.0,0.0,0.0,47.320865,46.065628000000004,47.096119,44.715785,33.05982671428571,31.5451385,29.54161786666667,47.320865,0.0,0.0,0.0,0.0,0.6,0.1142857142857143,0.12857142857142856,0.09333333333333332,0.21,12.0,11.962919444444445,11.10825,11.438273015873017,11.554055952380953,11.813865185185186,11.398206203703705,23.3,23.0,23.3,22.8,23.3,22.914285714285715,23.228571428571428,23.533333333333335,22.756666666666664,19.1,21.5,18.942857142857143,18.87857142857143,22.7,10.266172222222222,0.7,21.3,26.4,12.013016666666667,0.0,22.0,25.8,10.078269444444443,0.0,24.5,24.3,11.659969444444444,0.0,15.2,23.6,11.865686111111112,0.0,12.6,0,3,74,37.74993531430474,1.229321940583958,-0.2293219405839584,905.9984475433139
2024-08-13,70.031559,3.0,3.0,26.3,23.1,0.0,16.6,11.559805555555556,2024,8,13,33,1,Tuesday,0,3,2024-08-01,2485819.0,0.0,0.0,0.0,0.0,0.0,0.0,0.0,46.631455,47.320865,46.065628000000004,23.09135,33.33349385714286,31.639264571428573,31.0959997,47.320865,0.0,0.0,0.0,0.0,0.2,0.1142857142857143,0.0857142857142857,0.09333333333333332,0.21666666666666667,11.67258611111111,9.85885,12.129316666666666,11.396796825396823,11.594365674603173,11.792531851851853,11.483472592592593,23.2,23.3,23.2,22.7,22.7,22.971428571428568,23.221428571428568,23.55666666666667,22.833333333333332,19.0,20.6,18.585714285714285,18.685714285714287,24.8,12.080086111111111,0.0,20.8,25.4,12.0,0.0,21.0,25.1,7.150725,0.2,13.4,22.5,9.17365,0.0,20.5,23.1,11.0,0.0,18.6,0,2,75,37.74993531430474,1.229321940583958,-0.2293219405839584,905.9984475433139
2024-08-14,23.00399,1.0,1.0,25.4,23.0,0.0,18.0,12.0,2024,8,14,33,2,Wednesday,0,3,2024-08-01,2485819.0,0.0,0.0,0.0,0.0,0.0,0.0,0.0,70.031559,46.631455,47.320865,23.12904,40.039238000000005,36.64151878571429,31.048323166666666,70.031559,0.0,0.0,0.0,0.1,0.0,0.1142857142857143,0.07142857142857142,0.09333333333333332,0.17666666666666667,11.559805555555556,11.297272222222222,12.362958333333333,11.639790476190475,11.553686309523808,11.761160925925926,11.629484629629628,23.1,23.2,23.1,23.0,22.8,23.02857142857143,23.25,23.59,22.889999999999997,16.6,16.9,18.014285714285716,18.52857142857143,26.4,12.013016666666667,0.0,22.0,25.8,10.078269444444443,0.0,24.5,24.7,11.938094444444443,0.0,11.8,23.3,10.212877777777777,3.0,21.7,22.7,11.6124,1.6,20.8,0,1,76,37.74993531430474,1.229321940583958,-0.2293219405839584,905.9984475433139
2024-08-15,46.024570999999995,2.0,2.0,24.6,22.7,0.7,21.3,10.266172222222222,2024,8,15,33,3,Thursday,0,3,2024-08-01,2485819.0,0.0,0.0,0.0,0.0,0.0,0.0,0.0,23.00399,70.031559,46.631455,0.0,40.02137371428571,34.90609635714286,31.07106423333333,70.031559,0.0,0.0,0.0,0.7,0.2,0.1,0.07142857142857142,0.09333333333333332,0.15666666666666668,12.0,11.466177777777776,10.725375,11.740180158730157,11.527760714285714,11.735777407407408,11.710868425925927,23.0,23.1,23.0,22.9,22.9,23.02857142857143,23.264285714285712,23.566666666666666,22.966666666666665,18.0,17.3,18.17142857142857,18.42142857142857,25.4,12.0,0.0,21.0,25.1,7.150725,0.2,13.4,24.3,11.659969444444444,0.0,15.2,23.3,12.0,0.3,18.7,23.2,11.086391666666668,1.7,18.3,1,0,0,37.74993531430474,1.229321940583958,-0.2293219405839584,905.9984475433139
2024-08-16,23.033451,1.0,1.0,28.5,24.8,0.0,20.8,12.080086111111111,2024,8,16,33,4,Friday,0,3,2024-08-01,2485819.0,0.0,0.0,0.0,0.0,0.0,0.0,0.0,46.024570999999995,23.00399,70.031559,47.096119,46.59631242857142,38.19356571428572,32.6052166,70.031559,23.00399,0.7,0.0,0.0,0.0,0.1,0.10714285714285714,0.11666666666666665,0.15666666666666668,10.266172222222222,11.400888888888888,11.060394444444444,11.568750793650793,11.494960515873016,11.701276018518518,11.737736481481482,22.7,23.0,22.7,22.7,23.6,23.0,23.25,23.563333333333333,23.046666666666667,21.3,17.7,18.74285714285714,18.45,25.8,10.078269444444443,0.0,24.5,24.7,11.938094444444443,0.0,11.8,22.5,9.17365,0.0,20.5,23.6,11.865686111111112,0.0,12.6,22.7,12.0,2.7,16.3,0,57,1,37.74993531430474,1.229321940583958,-0.2293219405839584,905.9984475433139
2024-08-17,24.030105,1.0,1.0,29.5,26.4,0.0,22.0,12.013016666666667,2024,8,17,33,5,Saturday,1,3,2024-08-01,2485819.0,0.0,0.0,0.0,0.0,0.0,0.0,0.0,23.033451,46.024570999999995,23.00399,46.065628000000004,43.15878842857143,38.18883828571428,31.835343966666663,70.031559,23.00399,0.0,0.7,0.0,0.0,0.1,0.10714285714285714,0.11666666666666667,0.15,12.080086111111111,12.081802777777778,12.224586111111112,11.665778968253969,11.567795634920634,11.690697777777778,11.735602314814816,24.8,22.7,24.8,23.0,25.3,23.300000000000004,23.335714285714285,23.643333333333334,23.180000000000003,20.8,19.5,19.185714285714287,18.571428571428573,25.1,7.150725,0.2,13.4,24.3,11.659969444444444,0.0,15.2,23.3,10.212877777777777,3.0,21.7,23.1,11.0,0.0,18.6,22.7,12.0,0.0,16.0,0,56,2,37.74993531430474,1.229321940583958,-0.2293219405839584,905.9984475433139
2024-08-18,43.448272,2.0,2.0,28.1,25.4,0.0,21.0,12.0,2024,8,18,33,6,Sunday,1,3,2024-08-01,2485819.0,0.0,0.0,0.0,0.0,0.0,0.0,0.0,24.030105,23.033451,46.024570999999995,47.320865,40.01085657142857,34.88010642857143,31.872632366666668,70.031559,23.00399,0.0,0.0,0.0,0.0,0.1,0.10714285714285714,0.11666666666666667,0.15,12.013016666666667,12.0,12.077991666666666,11.655952380952382,11.552683531746032,11.675220555555557,11.72862925925926,26.4,24.8,26.4,23.3,24.2,23.785714285714285,23.41428571428571,23.75,23.28666666666667,22.0,19.1,19.542857142857144,19.092857142857145,24.7,11.938094444444443,0.0,11.8,22.5,9.17365,0.0,20.5,23.3,12.0,0.3,18.7,22.7,11.6124,1.6,20.8,22.5,11.665652777777778,0.0,16.6,0,55,3,37.74993531430474,1.229321940583958,-0.2293219405839584,905.9984475433139
2024-08-19,25.3380907,2.0,1.0,30.3,25.8,0.0,24.5,10.078269444444443,2024,8,19,34,0,Monday,0,3,2024-08-01,2485819.0,0.0,0.0,0.0,0.0,0.0,0.0,0.0,43.448272,24.030105,23.033451,46.631455,39.457629000000004,36.25872785714286,32.55338356666667,70.031559,23.00399,0.0,0.0,0.0,0.0,0.1,0.10714285714285714,0.11666666666666667,0.15,12.0,11.67258611111111,11.962919444444445,11.655952380952382,11.5471126984127,11.659241944444442,11.762969351851854,25.4,26.4,25.4,23.2,22.8,24.085714285714285,23.5,23.746666666666666,23.34,21.0,19.0,19.814285714285717,19.37857142857143,24.3,11.659969444444444,0.0,15.2,23.3,10.212877777777777,3.0,21.7,23.6,11.865686111111112,0.0,12.6,23.2,11.086391666666668,1.7,18.3,22.8,11.650038888888888,1.5,17.3,0,54,4,37.74993531430474,1.229321940583958,-0.2293219405839584,905.9984475433139
2024-08-20,71.265192,3.0,3.0,28.9,25.1,0.2,13.4,7.150725,2024,8,20,34,1,Tuesday,0,3,2024-08-01,2485819.0,0.0,0.0,0.0,0.0,0.0,0.0,0.0,25.3380907,43.448272,24.030105,70.031559,36.415719814285715,34.87460683571428,33.397986589999995,70.031559,23.00399,0.0,0.0,0.0,0.0,0.1,0.10714285714285714,0.11666666666666667,0.14,10.078269444444443,11.559805555555556,9.85885,11.428192857142859,11.412494841269842,11.581723148148148,11.712356666666667,25.8,25.4,25.8,23.1,22.7,24.45714285714286,23.714285714285715,23.76666666666667,23.389999999999997,24.5,16.6,20.6,19.592857142857145,22.5,9.17365,0.0,20.5,23.3,12.0,0.3,18.7,23.1,11.0,0.0,18.6,22.7,12.0,2.7,16.3,22.2,8.275069444444444,9.8,17.8,0,53,5,37.74993531430474,1.229321940583958,-0.2293219405839584,905.9984475433139
2024-08-21,46.011519,2.0,2.0,27.3,24.7,0.0,11.8,11.938094444444443,2024,8,21,34,2,Wednesday,0,3,2024-08-01,2485819.0,0.0,0.0,0.0,0.0,0.0,0.0,0.0,71.265192,25.3380907,43.448272,23.00399,36.591953100000005,38.315595550000005,34.971589523333336,71.265192,23.00399,0.2,0.0,0.0,0.1,0.1285714285714286,0.12142857142857143,0.12000000000000001,0.14333333333333334,7.150725,12.0,11.297272222222222,10.798324206349207,11.219057341269842,11.435621388888888,11.683369444444446,25.1,25.8,25.1,23.0,23.0,24.742857142857144,23.885714285714283,23.836666666666662,23.459999999999997,13.4,18.0,20.142857142857142,19.078571428571426,23.3,10.212877777777777,3.0,21.7,23.6,11.865686111111112,0.0,12.6,22.7,11.6124,1.6,20.8,22.7,12.0,0.0,16.0,21.9,7.286169444444444,6.9,19.5,0,52,6,37.74993531430474,1.229321940583958,-0.2293219405839584,905.9984475433139
2024-08-22,46.009457,2.0,2.0,27.2,24.3,0.0,15.2,11.659969444444444,2024,8,22,34,3,Thursday,0,3,2024-08-01,2485819.0,0.0,0.0,0.0,0.0,0.0,0.0,0.0,46.011519,71.265192,25.3380907,46.024570999999995,39.878742957142855,39.95005833571428,34.93563279,71.265192,23.033451,0.0,0.2,0.7,0.7,0.1285714285714286,0.11428571428571428,0.10333333333333333,0.16666666666666666,11.938094444444443,10.266172222222222,11.466177777777776,10.789480555555555,11.264830357142857,11.513868703703704,11.660553703703703,24.7,25.1,24.7,22.7,22.9,24.985714285714284,24.007142857142856,23.91,23.5,11.8,21.3,19.25714285714286,18.714285714285715,23.3,12.0,0.3,18.7,23.1,11.0,0.0,18.6,23.2,11.086391666666668,1.7,18.3,22.5,11.665652777777778,0.0,16.6,22.5,11.395163888888888,0.5,19.3,0,51,7,37.74993531430474,1.229321940583958,-0.2293219405839584,905.9984475433139
2024-08-23,22.909422,1.0,1.0,24.1,22.5,0.0,20.5,9.17365,2024,8,23,34,4,Friday,0,3,2024-08-01,2485819.0,0.0,0.0,0.0,0.0,0.0,0.0,0.0,46.009457,46.011519,71.265192,23.033451,39.876583814285716,43.236448121428566,34.93191492333334,71.265192,23.033451,0.0,0.0,0.0,0.0,0.028571428571428588,0.06428571428571428,0.10333333333333333,0.15,11.659969444444444,12.080086111111111,11.400888888888888,10.988594444444443,11.27867261904762,11.499483796296296,11.669928425925926,24.3,24.7,24.3,24.8,22.7,25.214285714285715,24.107142857142858,23.94333333333333,23.506666666666668,15.2,20.8,18.385714285714283,18.564285714285713,23.6,11.865686111111112,0.0,12.6,22.7,11.6124,1.6,20.8,22.7,12.0,2.7,16.3,22.8,11.650038888888888,1.5,17.3,22.4,12.0,2.7,19.4,0,50,8,37.74993531430474,1.229321940583958,-0.2293219405839584,905.9984475433139
2024-08-24,45.956487,2.0,1.0,26.6,23.3,3.0,21.7,10.212877777777777,2024,8,24,34,5,Saturday,1,3,2024-08-01,2485819.0,0.0,0.0,0.0,0.0,0.0,0.0,0.0,22.909422,46.009457,46.011519,24.030105,39.85886538571429,41.50882690714286,34.89509402333333,71.265192,22.909422,0.0,0.0,0.0,0.0,0.028571428571428588,0.06428571428571428,0.10333333333333333,0.09333333333333332,9.17365,12.013016666666667,12.081802777777778,10.573389285714285,11.119584126984126,11.39145462962963,11.787295833333333,22.5,24.3,22.5,26.4,23.0,24.885714285714283,24.092857142857145,23.82333333333333,23.52,20.5,22.0,18.342857142857145,18.764285714285716,23.1,11.0,0.0,18.6,23.2,11.086391666666668,1.7,18.3,22.7,12.0,0.0,16.0,22.2,8.275069444444444,9.8,17.8,22.5,12.0,0.0,19.9,0,49,9,37.74993531430474,1.229321940583958,-0.2293219405839584,905.9984475433139
2024-08-25,0.0,0.0,0.0,25.8,23.3,0.3,18.7,12.0,2024,8,25,34,6,Sunday,1,3,2024-08-01,2485819.0,0.0,0.0,0.0,0.0,0.0,0.0,0.0,45.956487,22.909422,46.009457,43.448272,42.991205671428574,41.501031121428575,35.659450490000005,71.265192,22.909422,3.0,0.0,0.0,0.0,0.4571428571428572,0.2785714285714286,0.2033333333333333,0.09333333333333332,10.212877777777777,12.0,12.0,10.316226587301587,10.986089484126982,11.317007592592592,11.813865185185186,23.3,22.5,23.3,25.4,23.3,24.442857142857147,24.114285714285717,23.68,23.533333333333335,21.7,21.0,18.3,18.921428571428574,22.7,11.6124,1.6,20.8,22.7,12.0,2.7,16.3,22.5,11.665652777777778,0.0,16.6,21.9,7.286169444444444,6.9,19.5,22.2,11.48087777777778,0.3,15.1,0,48,10,37.74993531430474,1.229321940583958,-0.2293219405839584,905.9984475433139
2024-08-26,45.439842,2.0,2.0,26.7,23.6,0.0,12.6,11.865686111111112,2024,8,26,35,0,Monday,0,3,2024-08-01,2485819.0,0.0,0.0,0.0,0.0,0.0,0.0,0.0,0.0,45.956487,22.909422,25.3380907,36.784309671428566,38.120969335714285,34.11801929,71.265192,0.0,0.3,3.0,0.0,0.0,0.5,0.3,0.21333333333333335,0.09333333333333332,12.0,10.078269444444443,11.67258611111111,10.316226587301587,10.986089484126982,11.323650277777777,11.792531851851853,23.3,23.3,23.3,25.8,23.2,24.142857142857142,24.114285714285717,23.62333333333333,23.55666666666667,18.7,24.5,17.97142857142857,18.892857142857142,23.2,11.086391666666668,1.7,18.3,22.7,12.0,0.0,16.0,22.8,11.650038888888888,1.5,17.3,22.5,11.395163888888888,0.5,19.3,22.3,12.0,0.0,13.6,0,47,11,37.74993531430474,1.229321940583958,-0.2293219405839584,905.9984475433139
2024-08-27,70.297023,3.0,3.0,25.9,23.1,0.0,18.6,11.0,2024,8,27,35,1,Tuesday,0,3,2024-08-01,2485819.0,0.0,0.0,0.0,0.0,0.0,0.0,0.0,45.439842,0.0,45.956487,71.265192,39.65598842857143,38.03585412142858,34.83263315666667,71.265192,0.0,0.0,0.3,0.2,0.0,0.5,0.3,0.21333333333333335,0.09333333333333332,11.865686111111112,7.150725,11.559805555555556,10.571571825396825,10.999882341269842,11.315281666666667,11.761160925925926,23.6,23.3,23.6,25.1,23.1,23.828571428571426,24.142857142857142,23.64,23.59,12.6,13.4,16.271428571428572,18.435714285714283,22.7,12.0,2.7,16.3,22.5,11.665652777777778,0.0,16.6,22.2,8.275069444444444,9.8,17.8,22.4,12.0,2.7,19.4,22.3,11.76648611111111,0.0,14.6,0,46,12,37.74993531430474,1.229321940583958,-0.2293219405839584,905.9984475433139
2024-08-28,23.057365,1.0,1.0,25.0,22.7,1.6,20.8,11.6124,2024,8,28,35,2,Wednesday,0,3,2024-08-01,2485819.0,0.0,0.0,0.0,0.0,0.0,0.0,0.0,70.297023,45.439842,0.0,46.011519,39.51767857142857,38.05481583571429,36.368745823333334,70.297023,0.0,0.0,0.0,0.0,0.0,0.4714285714285714,0.3,0.2,0.09333333333333332,11.0,11.938094444444443,12.0,11.121468253968255,10.959896230158732,11.280924074074074,11.735777407407408,23.1,23.6,23.1,24.7,23.0,23.542857142857144,24.142857142857142,23.65,23.566666666666666,18.6,11.8,17.014285714285712,18.57857142857143,22.7,12.0,0.0,16.0,22.8,11.650038888888888,1.5,17.3,21.9,7.286169444444444,6.9,19.5,22.5,12.0,0.0,19.9,22.4,10.231027777777777,1.1,20.7,0,45,13,37.74993531430474,1.229321940583958,-0.2293219405839584,905.9984475433139
2024-08-29,23.11233,1.0,1.0,25.8,23.2,1.7,18.3,11.086391666666668,2024,8,29,35,3,Thursday,0,3,2024-08-01,2485819.0,0.0,0.0,0.0,0.0,0.0,0.0,0.0,23.057365,70.297023,45.439842,46.009457,36.23851371428571,38.05862833571428,35.62686832333333,70.297023,0.0,1.6,0.0,0.0,0.7,0.7000000000000001,0.41428571428571426,0.23333333333333334,0.11666666666666665,11.6124,11.659969444444444,10.266172222222222,11.074940476190477,10.932210515873015,11.297729074074073,11.701276018518518,22.7,23.1,22.7,24.3,22.7,23.25714285714286,24.12142857142857,23.63,23.563333333333333,20.8,15.2,18.3,18.77857142857143,22.5,11.665652777777778,0.0,16.6,22.2,8.275069444444444,9.8,17.8,22.5,11.395163888888888,0.5,19.3,22.2,11.48087777777778,0.3,15.1,22.4,11.082697222222222,3.4,24.7,0,44,14,37.74993531430474,1.229321940583958,-0.2293219405839584,905.9984475433139
2024-08-30,46.068422999999996,2.0,2.0,25.1,22.7,2.7,16.3,12.0,2024,8,30,35,4,Friday,0,3,2024-08-01,2485819.0,0.0,0.0,0.0,0.0,0.0,0.0,0.0,23.11233,23.057365,70.297023,22.909422,32.967495571428564,36.42203969285715,36.397279323333336,70.297023,0.0,1.7,1.6,0.0,0.0,0.9428571428571428,0.4857142857142857,0.2833333333333333,0.11666666666666667,11.086391666666668,9.17365,12.080086111111111,10.993000793650793,10.99079761904762,11.262964907407406,11.690697777777778,23.2,22.7,23.2,22.5,24.8,23.099999999999998,24.157142857142855,23.646666666666665,23.643333333333334,18.3,20.5,18.74285714285714,18.564285714285713,22.8,11.650038888888888,1.5,17.3,21.9,7.286169444444444,6.9,19.5,22.4,12.0,2.7,19.4,22.3,12.0,0.0,13.6,22.8,10.820852777777779,0.4,18.1,0,43,15,37.74993531430474,1.229321940583958,-0.2293219405839584,905.9984475433139
2024-08-31,23.076871,1.0,1.0,25.2,22.7,0.0,16.0,12.0,2024,8,31,35,5,Saturday,1,3,2024-08-01,2485819.0,0.0,0.0,0.0,0.0,0.0,0.0,0.0,46.068422999999996,23.11233,23.057365,45.956487,36.27592428571428,38.06739483571429,36.35622995666667,70.297023,0.0,2.7,1.7,3.0,0.0,1.3285714285714287,0.6785714285714286,0.3733333333333333,0.11666666666666667,12.0,10.212877777777777,12.013016666666667,11.396765079365078,10.985077182539683,11.250866296296296,11.675220555555557,22.7,23.2,22.7,23.3,26.4,23.12857142857143,24.00714285714286,23.643333333333334,23.75,16.3,21.7,18.142857142857142,18.242857142857144,22.2,8.275069444444444,9.8,17.8,22.5,11.395163888888888,0.5,19.3,22.5,12.0,0.0,19.9,22.3,11.76648611111111,0.0,14.6,22.9,11.382869444444445,0.0,16.3,0,42,16,37.74993531430474,1.229321940583958,-0.2293219405839584,905.9984475433139
2024-09-01,22.941883,1.0,1.0,24.7,22.5,0.0,16.6,11.665652777777778,2024,9,1,35,6,Sunday,1,3,2024-09-01,2131648.0,0.0,0.0,0.0,0.0,0.0,0.0,0.0,23.076871,46.068422999999996,23.11233,0.0,33.00740771428571,37.99930669285715,37.12545899,70.297023,0.0,0.0,2.7,0.3,0.0,0.9000000000000001,0.6785714285714286,0.36666666666666664,0.11666666666666667,12.0,12.0,12.0,11.652068253968253,10.98414742063492,11.293353796296294,11.659241944444442,22.7,22.7,22.7,23.3,25.4,23.042857142857144,23.742857142857144,23.636666666666667,23.746666666666666,16.0,18.7,17.32857142857143,17.814285714285713,21.9,7.286169444444444,6.9,19.5,22.4,12.0,2.7,19.4,22.2,11.48087777777778,0.3,15.1,22.4,10.231027777777777,1.1,20.7,22.4,12.0,0.0,16.2,0,41,17,30.46502074052006,1.229321940583958,-0.2293219405839584,731.1604977724814
2024-09-02,0.0,0.0,0.0,24.7,22.8,1.5,17.3,11.650038888888888,2024,9,2,36,0,Monday,0,3,2024-09-01,2131648.0,0.0,0.0,0.0,0.0,0.0,0.0,0.0,22.941883,23.076871,46.068422999999996,45.439842,36.28481957142857,36.53456462142857,37.120200589999996,70.297023,22.941883,0.0,0.0,0.0,0.0,0.8571428571428571,0.6785714285714286,0.36666666666666664,0.11666666666666667,11.665652777777778,11.865686111111112,10.078269444444443,11.604304365079363,10.960265476190475,11.313529074074072,11.581723148148148,22.5,22.7,22.5,23.6,25.8,22.928571428571427,23.535714285714285,23.6,23.76666666666667,16.6,12.6,17.02857142857143,17.5,22.5,11.395163888888888,0.5,19.3,22.5,12.0,0.0,19.9,22.3,12.0,0.0,13.6,22.4,11.082697222222222,3.4,24.7,22.6,8.957061111111111,0.2,16.3,0,40,18,30.46502074052006,1.229321940583958,-0.2293219405839584,731.1604977724814
2024-09-03,23.141148,1.0,1.0,24.2,22.2,9.8,17.8,8.275069444444444,2024,9,3,36,1,Tuesday,0,3,2024-09-01,2131648.0,0.0,0.0,0.0,0.0,0.0,0.0,0.0,0.0,22.941883,23.076871,70.297023,29.793413571428573,34.724701,34.775122223333334,70.297023,0.0,1.5,0.0,0.0,0.2,1.0714285714285714,0.7857142857142857,0.4166666666666667,0.12000000000000001,11.650038888888888,11.0,7.150725,11.57349761904762,11.07253472222222,11.2943775,11.435621388888888,22.8,22.5,22.8,23.1,25.1,22.814285714285717,23.321428571428573,23.516666666666666,23.836666666666662,17.3,18.6,17.7,16.985714285714288,22.4,12.0,2.7,19.4,22.2,11.48087777777778,0.3,15.1,22.3,11.76648611111111,0.0,14.6,22.8,10.820852777777779,0.4,18.1,22.1,11.186177777777777,0.4,12.3,0,39,19,30.46502074052006,1.229321940583958,-0.2293219405839584,731.1604977724814
2024-09-04,45.992262,2.0,2.0,23.7,21.9,6.9,19.5,7.286169444444444,2024,9,4,36,2,Wednesday,0,3,2024-09-01,2131648.0,0.0,0.0,0.0,0.0,0.0,0.0,0.0,23.141148,0.0,22.941883,23.057365,23.05686,31.287269285714284,34.741574756666665,46.068422999999996,0.0,9.8,1.5,1.6,0.0,2.4714285714285715,1.4714285714285715,0.7433333333333334,0.10333333333333333,8.275069444444444,11.6124,11.938094444444443,11.184221825396827,11.152845039682541,11.167613425925927,11.513868703703704,22.2,22.8,22.2,22.7,24.7,22.685714285714283,23.114285714285717,23.45,23.91,17.8,20.8,17.585714285714285,17.3,22.5,12.0,0.0,19.9,22.3,12.0,0.0,13.6,22.4,10.231027777777777,1.1,20.7,22.9,11.382869444444445,0.0,16.3,21.9,11.525252777777778,0.0,10.7,0,38,20,30.46502074052006,1.229321940583958,-0.2293219405839584,731.1604977724814
2024-09-05,23.126783,1.0,1.0,25.0,22.5,0.5,19.3,11.395163888888888,2024,9,5,36,3,Thursday,0,3,2024-09-01,2131648.0,0.0,0.0,0.0,0.0,0.0,0.0,0.0,45.992262,23.141148,0.0,23.11233,26.33327385714286,31.285893785714283,34.784123990000005,46.068422999999996,0.0,6.9,9.8,1.7,0.0,3.2285714285714286,1.9642857142857142,0.9733333333333334,0.10333333333333333,7.286169444444444,11.086391666666668,11.659969444444444,10.566188888888888,10.820564682539683,11.011721759259258,11.499483796296296,21.9,22.2,21.9,23.2,24.3,22.571428571428573,22.914285714285715,23.419999999999998,23.94333333333333,19.5,18.3,17.4,17.85,22.2,11.48087777777778,0.3,15.1,22.3,11.76648611111111,0.0,14.6,22.4,11.082697222222222,3.4,24.7,22.4,12.0,0.0,16.2,21.7,7.253438888888889,0.0,13.7,0,37,21,30.46502074052006,1.229321940583958,-0.2293219405839584,731.1604977724814
2024-09-06,46.092815,2.0,2.0,24.5,22.4,2.7,19.4,12.0,2024,9,6,36,4,Friday,0,3,2024-09-01,2131648.0,0.0,0.0,0.0,0.0,0.0,0.0,0.0,23.126783,45.992262,23.141148,46.068422999999996,26.335338571428572,29.65141707142857,34.785305089999994,46.068422999999996,0.0,0.5,6.9,2.7,0.0,3.0571428571428574,2.0,0.9900000000000001,0.10333333333333333,11.395163888888888,12.0,9.17365,10.610299206349206,10.801649999999999,11.062932222222223,11.39145462962963,22.5,21.9,22.5,22.7,22.5,22.47142857142857,22.785714285714285,23.413333333333334,23.82333333333333,19.3,16.3,17.542857142857144,18.142857142857142,22.3,12.0,0.0,13.6,22.4,10.231027777777777,1.1,20.7,22.8,10.820852777777779,0.4,18.1,22.6,8.957061111111111,0.2,16.3,22.4,11.923486111111112,0.0,13.2,0,36,22,30.46502074052006,1.229321940583958,-0.2293219405839584,731.1604977724814
2024-09-07,24.045705,1.0,1.0,24.9,22.5,0.0,19.9,12.0,2024,9,7,36,5,Saturday,1,3,2024-09-01,2131648.0,0.0,0.0,0.0,0.0,0.0,0.0,0.0,46.092815,23.126783,45.992262,23.076871,26.338823142857144,31.307373714285713,35.55076425666666,46.092815,0.0,2.7,0.5,0.0,3.0,3.057142857142857,2.192857142857143,1.0766666666666667,0.2033333333333333,12.0,12.0,10.212877777777777,10.610299206349206,11.003532142857143,11.08635648148148,11.317007592592592,22.4,22.5,22.4,22.7,23.3,22.428571428571427,22.778571428571432,23.393333333333334,23.68,19.4,16.0,17.985714285714288,18.064285714285713,22.3,11.76648611111111,0.0,14.6,22.4,11.082697222222222,3.4,24.7,22.9,11.382869444444445,0.0,16.3,22.1,11.186177777777777,0.4,12.3,22.3,11.919466666666667,0.0,14.8,0,35,23,30.46502074052006,1.229321940583958,-0.2293219405839584,731.1604977724814
2024-09-08,24.0513,1.0,1.0,24.2,22.2,0.3,15.1,11.48087777777778,2024,9,8,36,6,Sunday,1,3,2024-09-01,2131648.0,0.0,0.0,0.0,0.0,0.0,0.0,0.0,24.045705,46.092815,23.126783,22.941883,26.477228,29.742317857142858,36.35228775666667,46.092815,0.0,0.0,2.7,0.0,0.3,3.057142857142857,1.9785714285714289,1.0533333333333335,0.21333333333333335,12.0,11.665652777777778,12.0,10.610299206349206,11.13118373015873,11.104150555555554,11.323650277777777,22.5,22.4,22.5,22.5,23.3,22.400000000000002,22.72142857142857,23.380000000000003,23.62333333333333,19.9,16.6,18.542857142857144,17.935714285714287,22.4,10.231027777777777,1.1,20.7,22.8,10.820852777777779,0.4,18.1,22.4,12.0,0.0,16.2,21.9,11.525252777777778,0.0,10.7,22.3,11.89956111111111,0.0,13.4,0,34,24,30.46502074052006,1.229321940583958,-0.2293219405839584,731.1604977724814
2024-09-09,21.136344,1.0,1.0,24.9,22.3,0.0,13.6,12.0,2024,9,9,37,0,Monday,0,3,2024-09-01,2131648.0,0.0,0.0,0.0,0.0,0.0,0.0,0.0,24.0513,24.045705,46.092815,0.0,26.63571614285714,31.46026785714286,35.58412712333333,46.092815,0.0,0.3,0.0,1.5,0.0,3.1,1.9785714285714289,1.0633333333333335,0.21333333333333335,11.48087777777778,11.650038888888888,11.865686111111112,10.583902777777778,11.094103571428573,11.106816851851852,11.315281666666667,22.2,22.5,22.2,22.8,23.6,22.357142857142858,22.642857142857142,23.363333333333333,23.64,15.1,17.3,18.328571428571426,17.678571428571427,22.4,11.082697222222222,3.4,24.7,22.9,11.382869444444445,0.0,16.3,22.6,8.957061111111111,0.2,16.3,21.7,7.253438888888889,0.0,13.7,22.5,11.434625,0.0,15.9,0,33,25,30.46502074052006,1.229321940583958,-0.2293219405839584,731.1604977724814
2024-09-10,46.262641,2.0,1.0,24.5,22.3,0.0,14.6,11.76648611111111,2024,9,10,37,1,Tuesday,0,3,2024-09-01,2131648.0,0.0,0.0,0.0,0.0,0.0,0.0,0.0,21.136344,24.0513,24.045705,23.141148,29.65519385714286,29.724303714285718,34.75315099,46.092815,21.136344,0.0,0.3,9.8,0.0,2.8857142857142857,1.9785714285714289,1.0633333333333335,0.2,12.0,8.275069444444444,11.0,10.633897222222222,11.10369742063492,11.104090092592592,11.280924074074074,22.3,22.2,22.3,22.2,23.1,22.285714285714285,22.550000000000004,23.34,23.65,13.6,17.8,17.8,17.75,22.8,10.820852777777779,0.4,18.1,22.4,12.0,0.0,16.2,22.1,11.186177777777777,0.4,12.3,22.4,11.923486111111112,0.0,13.2,22.2,11.101672222222222,0.0,14.9,0,32,26,30.46502074052006,1.229321940583958,-0.2293219405839584,731.1604977724814
2024-09-11,0.0,0.0,0.0,24.9,22.4,1.1,20.7,10.231027777777777,2024,9,11,37,2,Wednesday,0,3,2024-09-01,2131648.0,0.0,0.0,0.0,0.0,0.0,0.0,0.0,46.262641,21.136344,24.0513,45.992262,32.958264285714286,28.007562142857147,34.71787685666666,46.262641,21.136344,0.0,0.0,6.9,1.6,1.4857142857142858,1.9785714285714289,1.0633333333333335,0.23333333333333334,11.76648611111111,7.286169444444444,11.6124,11.132671031746032,11.158446428571427,11.096306296296296,11.297729074074073,22.3,22.3,22.3,21.9,22.7,22.3,22.49285714285714,23.30666666666667,23.63,14.6,19.5,17.342857142857145,17.464285714285715,22.9,11.382869444444445,0.0,16.3,22.6,8.957061111111111,0.2,16.3,21.9,11.525252777777778,0.0,10.7,22.3,11.919466666666667,0.0,14.8,22.5,11.595263888888889,0.0,13.6,0,31,27,30.46502074052006,1.229321940583958,-0.2293219405839584,731.1604977724814
2024-09-12,23.139521,1.0,1.0,24.4,22.4,3.4,24.7,11.082697222222222,2024,9,12,37,3,Thursday,0,3,2024-09-01,2131648.0,0.0,0.0,0.0,0.0,0.0,0.0,0.0,0.0,46.262641,21.136344,23.126783,26.387941142857148,26.360607500000004,33.16349502333333,46.262641,0.0,1.1,0.0,0.5,1.7,0.6571428571428573,1.9428571428571428,1.1,0.2833333333333333,10.231027777777777,11.395163888888888,11.086391666666668,11.55336507936508,11.059776984126984,11.04825435185185,11.262964907407406,22.4,22.3,22.4,22.5,23.2,22.37142857142857,22.47142857142857,23.279999999999998,23.646666666666665,20.7,19.3,17.514285714285712,17.45714285714286,22.4,12.0,0.0,16.2,22.1,11.186177777777777,0.4,12.3,21.7,7.253438888888889,0.0,13.7,22.3,11.89956111111111,0.0,13.4,23.0,11.750347222222222,0.0,12.2,0,30,28,30.46502074052006,1.229321940583958,-0.2293219405839584,731.1604977724814
2024-09-13,23.158516,1.0,1.0,25.2,22.8,0.4,18.1,10.820852777777779,2024,9,13,37,4,Friday,0,3,2024-09-01,2131648.0,0.0,0.0,0.0,0.0,0.0,0.0,0.0,23.139521,0.0,46.262641,46.092815,26.389760857142857,26.362549714285713,31.600427089999997,46.262641,0.0,3.4,1.1,2.7,2.7,1.0714285714285714,2.064285714285714,1.2133333333333334,0.3733333333333333,11.082697222222222,12.0,12.0,11.508726984126984,11.059513095238094,11.03235074074074,11.250866296296296,22.4,22.4,22.4,22.4,22.7,22.357142857142858,22.414285714285715,23.256666666666664,23.643333333333334,24.7,19.4,18.285714285714285,17.914285714285715,22.6,8.957061111111111,0.2,16.3,21.9,11.525252777777778,0.0,10.7,22.4,11.923486111111112,0.0,13.2,22.5,11.434625,0.0,15.9,22.9,11.397408333333333,0.0,12.6,0,29,29,30.46502074052006,1.229321940583958,-0.2293219405839584,731.1604977724814
2024-09-14,46.081252,2.0,2.0,25.8,22.9,0.0,16.3,11.382869444444445,2024,9,14,37,5,Saturday,1,3,2024-09-01,2131648.0,0.0,0.0,0.0,0.0,0.0,0.0,0.0,23.158516,23.139521,0.0,24.045705,23.11343242857143,24.726127785714286,31.605577956666664,46.262641,0.0,0.4,3.4,0.0,0.0,0.7428571428571429,1.9000000000000001,1.2266666666666666,0.36666666666666664,10.820852777777779,12.0,12.0,11.340277380952383,10.975288293650793,10.993045833333332,11.293353796296294,22.8,22.4,22.8,22.5,22.7,22.41428571428571,22.42142857142857,23.25,23.636666666666667,18.1,19.9,18.1,18.04285714285714,22.1,11.186177777777777,0.4,12.3,21.7,7.253438888888889,0.0,13.7,22.3,11.919466666666667,0.0,14.8,22.2,11.101672222222222,0.0,14.9,23.2,10.887108333333332,1.1,15.3,0,28,30,30.46502074052006,1.229321940583958,-0.2293219405839584,731.1604977724814
2024-09-15,23.09713,1.0,1.0,25.4,22.4,0.0,16.2,12.0,2024,9,15,37,6,Sunday,1,3,2024-09-01,2131648.0,0.0,0.0,0.0,0.0,0.0,0.0,0.0,46.081252,23.158516,23.139521,24.0513,26.261367714285715,26.369297857142858,31.60746732333333,46.262641,0.0,0.0,0.4,0.3,0.0,0.7428571428571429,1.9000000000000001,1.2033333333333331,0.36666666666666664,11.382869444444445,11.48087777777778,11.665652777777778,11.252115873015873,10.931207539682537,11.030269074074074,11.313529074074072,22.9,22.8,22.9,22.2,22.5,22.471428571428568,22.435714285714283,23.256666666666668,23.6,16.3,15.1,17.585714285714285,18.064285714285713,21.9,11.525252777777778,0.0,10.7,22.4,11.923486111111112,0.0,13.2,22.3,11.89956111111111,0.0,13.4,22.5,11.595263888888889,0.0,13.6,22.1,10.370230555555557,0.1,18.3,0,27,31,30.46502074052006,1.229321940583958,-0.2293219405839584,731.1604977724814
2024-09-16,23.344107,1.0,1.0,25.7,22.6,0.2,16.3,8.957061111111111,2024,9,16,38,0,Monday,0,3,2024-09-01,2131648.0,0.0,0.0,0.0,0.0,0.0,0.0,0.0,23.09713,46.081252,23.158516,21.136344,26.125057714285713,26.38038692857143,31.609589956666664,46.262641,0.0,0.0,0.0,0.0,1.5,0.7000000000000001,1.9000000000000001,1.2033333333333331,0.4166666666666667,12.0,12.0,11.650038888888888,11.32627619047619,10.955089484126983,11.027599537037037,11.2943775,22.4,22.9,22.4,22.3,22.8,22.5,22.428571428571427,23.176666666666666,23.516666666666666,16.2,13.6,17.742857142857144,18.035714285714285,21.7,7.253438888888889,0.0,13.7,22.3,11.919466666666667,0.0,14.8,22.5,11.434625,0.0,15.9,23.0,11.750347222222222,0.0,12.2,22.3,11.374430555555556,0.0,19.1,0,26,32,30.46502074052006,1.229321940583958,-0.2293219405839584,731.1604977724814
2024-09-17,68.298347,3.0,3.0,24.6,22.1,0.4,12.3,11.186177777777777,2024,9,17,38,1,Tuesday,0,3,2024-09-01,2131648.0,0.0,0.0,0.0,0.0,0.0,0.0,0.0,23.344107,23.09713,46.081252,46.262641,26.44045242857143,28.047823142857144,31.586723356666663,46.262641,0.0,0.2,0.0,0.0,9.8,0.7285714285714285,1.8071428571428572,1.21,0.7433333333333334,8.957061111111111,11.76648611111111,8.275069444444444,10.891570634920635,10.76273392857143,10.925734351851851,11.167613425925927,22.6,22.4,22.6,22.3,22.2,22.54285714285714,22.41428571428571,23.05,23.45,16.3,14.6,18.12857142857143,17.964285714285715,22.4,11.923486111111112,0.0,13.2,22.3,11.89956111111111,0.0,13.4,22.2,11.101672222222222,0.0,14.9,22.9,11.397408333333333,0.0,12.6,22.9,11.218519444444444,0.0,18.5,0,25,33,30.46502074052006,1.229321940583958,-0.2293219405839584,731.1604977724814
2024-09-18,0.0,0.0,0.0,25.2,21.9,0.0,10.7,11.525252777777778,2024,9,18,38,2,Wednesday,0,3,2024-09-01,2131648.0,0.0,0.0,0.0,0.0,0.0,0.0,0.0,68.298347,23.344107,23.09713,0.0,29.58841042857143,31.273337357142857,32.41505919,68.298347,0.0,0.4,0.2,1.1,6.9,0.7857142857142857,1.1357142857142857,1.2233333333333332,0.9733333333333334,11.186177777777777,10.231027777777777,7.286169444444444,10.808669444444444,10.970670238095238,10.898606944444445,11.011721759259258,22.1,22.6,22.1,22.4,21.9,22.514285714285712,22.407142857142855,22.94,23.419999999999998,12.3,20.7,17.8,17.571428571428573,22.3,11.919466666666667,0.0,14.8,22.5,11.434625,0.0,15.9,22.5,11.595263888888889,0.0,13.6,23.2,10.887108333333332,1.1,15.3,22.8,10.17623611111111,1.5,18.4,0,24,34,30.46502074052006,1.229321940583958,-0.2293219405839584,731.1604977724814
2024-09-19,46.03353,2.0,2.0,24.5,21.7,0.0,13.7,7.253438888888889,2024,9,19,38,3,Thursday,0,3,2024-09-01,2131648.0,0.0,0.0,0.0,0.0,0.0,0.0,0.0,0.0,68.298347,23.344107,23.139521,29.58841042857143,27.988175785714287,31.570456166666666,68.298347,0.0,0.0,0.4,3.4,0.5,0.6285714285714284,0.6428571428571429,1.2233333333333332,0.9900000000000001,11.525252777777778,11.082697222222222,11.395163888888888,10.993558730158728,11.273461904761904,10.946839722222222,11.062932222222223,21.9,22.1,21.9,22.4,22.5,22.442857142857143,22.407142857142855,22.81,23.413333333333334,10.7,24.7,16.371428571428574,16.942857142857143,22.3,11.89956111111111,0.0,13.4,22.2,11.101672222222222,0.0,14.9,23.0,11.750347222222222,0.0,12.2,22.1,10.370230555555557,0.1,18.3,23.3,11.456611111111112,0.3,11.0,0,23,35,30.46502074052006,1.229321940583958,-0.2293219405839584,731.1604977724814
2024-09-20,46.127041000000006,2.0,2.0,25.1,22.4,0.0,13.2,11.923486111111112,2024,9,20,38,4,Friday,0,3,2024-09-01,2131648.0,0.0,0.0,0.0,0.0,0.0,0.0,0.0,46.03353,0.0,68.298347,23.158516,32.85898314285714,29.624372,30.729400766666668,68.298347,0.0,0.0,0.0,0.4,2.7,0.14285714285714285,0.6071428571428571,1.2166666666666666,1.0766666666666667,7.253438888888889,10.820852777777779,12.0,10.446521825396827,10.977624404761906,10.950263518518517,11.08635648148148,21.7,21.9,21.7,22.8,22.4,22.342857142857138,22.349999999999998,22.69666666666667,23.393333333333334,13.7,18.1,14.8,16.54285714285714,22.5,11.434625,0.0,15.9,22.5,11.595263888888889,0.0,13.6,22.9,11.397408333333333,0.0,12.6,22.3,11.374430555555556,0.0,19.1,23.2,11.025327777777777,0.0,10.0,0,22,36,30.46502074052006,1.229321940583958,-0.2293219405839584,731.1604977724814
2024-09-21,23.097826,1.0,1.0,25.9,22.3,0.0,14.8,11.919466666666667,2024,9,21,38,5,Saturday,1,3,2024-09-01,2131648.0,0.0,0.0,0.0,0.0,0.0,0.0,0.0,46.127041000000006,46.03353,0.0,46.081252,36.140201000000005,29.626816714285717,30.7332515,68.298347,0.0,0.0,0.0,0.0,0.0,0.08571428571428573,0.41428571428571426,1.2166666666666666,1.0533333333333335,11.923486111111112,11.382869444444445,12.0,10.604040873015874,10.972159126984126,10.949776574074074,11.104150555555554,22.4,21.7,22.4,22.9,22.5,22.285714285714285,22.349999999999998,22.62,23.380000000000003,13.2,16.3,14.099999999999998,16.1,22.2,11.101672222222222,0.0,14.9,23.0,11.750347222222222,0.0,12.2,23.2,10.887108333333332,1.1,15.3,22.9,11.218519444444444,0.0,18.5,23.6,11.172094444444445,0.0,9.7,0,21,37,30.46502074052006,1.229321940583958,-0.2293219405839584,731.1604977724814
2024-09-22,47.121893,2.0,2.0,25.2,22.3,0.0,13.4,11.89956111111111,2024,9,22,38,6,Sunday,1,3,2024-09-01,2131648.0,0.0,0.0,0.0,0.0,0.0,0.0,0.0,23.097826,46.127041000000006,46.03353,23.09713,32.85685442857143,29.55911107142857,29.969530466666672,68.298347,0.0,0.0,0.0,0.0,0.3,0.08571428571428573,0.41428571428571426,1.2166666666666666,1.0633333333333335,11.919466666666667,12.0,11.48087777777778,10.680697619047619,10.966406746031748,10.95842648148148,11.106816851851852,22.3,22.4,22.3,22.4,22.2,22.2,22.335714285714285,22.553333333333335,23.363333333333333,14.8,16.2,13.885714285714286,15.735714285714284,22.5,11.595263888888889,0.0,13.6,22.9,11.397408333333333,0.0,12.6,22.1,10.370230555555557,0.1,18.3,22.8,10.17623611111111,1.5,18.4,23.5,11.31900277777778,0.0,13.0,0,20,38,30.46502074052006,1.229321940583958,-0.2293219405839584,731.1604977724814
2024-09-23,46.202451999999994,2.0,2.0,25.0,22.5,0.0,15.9,11.434625,2024,9,23,39,0,Monday,0,3,2024-09-01,2131648.0,0.0,0.0,0.0,0.0,0.0,0.0,0.0,47.121893,23.097826,46.127041000000006,23.344107,36.28896342857143,31.207010571428572,30.776612833333335,68.298347,0.0,0.0,0.0,0.2,0.0,0.08571428571428573,0.39285714285714285,1.2166666666666666,1.0633333333333335,11.89956111111111,8.957061111111111,12.0,10.666349206349206,10.996312698412698,11.049290185185184,11.104090092592592,22.3,22.3,22.3,22.6,22.3,22.185714285714287,22.342857142857138,22.54666666666667,23.34,13.4,16.3,13.485714285714284,15.614285714285714,23.0,11.750347222222222,0.0,12.2,23.2,10.887108333333332,1.1,15.3,22.3,11.374430555555556,0.0,19.1,23.3,11.456611111111112,0.3,11.0,23.6,11.246983333333333,0.0,14.6,0,19,39,30.46502074052006,1.229321940583958,-0.2293219405839584,731.1604977724814
2024-09-24,21.87454,1.0,1.0,24.4,22.2,0.0,14.9,11.101672222222222,2024,9,24,39,1,Tuesday,0,3,2024-09-01,2131648.0,0.0,0.0,0.0,0.0,0.0,0.0,0.0,46.202451999999994,47.121893,23.097826,68.298347,39.55444128571428,32.997446857142855,30.784811666666663,68.298347,0.0,0.0,0.0,0.4,0.0,0.05714285714285715,0.39285714285714285,1.1166666666666667,1.0633333333333335,11.434625,11.186177777777777,11.76648611111111,11.020286904761903,10.95592876984127,11.090015092592592,11.096306296296296,22.5,22.3,22.5,22.1,22.3,22.17142857142857,22.357142857142858,22.519999999999996,23.30666666666667,15.9,12.3,13.428571428571429,15.778571428571428,22.9,11.397408333333333,0.0,12.6,22.1,10.370230555555557,0.1,18.3,22.9,11.218519444444444,0.0,18.5,23.2,11.025327777777777,0.0,10.0,23.2,11.174722222222222,0.3,17.2,0,18,40,30.46502074052006,1.229321940583958,-0.2293219405839584,731.1604977724814
2024-09-25,22.966125,1.0,1.0,25.2,22.5,0.0,13.6,11.595263888888889,2024,9,25,39,2,Wednesday,0,3,2024-09-01,2131648.0,0.0,0.0,0.0,0.0,0.0,0.0,0.0,21.87454,46.202451999999994,47.121893,0.0,32.92246885714285,31.255439642857144,31.513962999999997,47.121893,0.0,0.0,0.0,0.0,1.1,0.0,0.39285714285714285,1.1066666666666665,1.1,11.101672222222222,11.525252777777778,10.231027777777777,11.008214682539682,10.908442063492064,11.060070833333333,11.04825435185185,22.2,22.5,22.2,21.9,22.4,22.185714285714287,22.35,22.483333333333334,23.279999999999998,14.9,10.7,13.8,15.8,23.2,10.887108333333332,1.1,15.3,22.3,11.374430555555556,0.0,19.1,22.8,10.17623611111111,1.5,18.4,23.6,11.172094444444445,0.0,9.7,22.3,11.102186111111111,0.0,15.9,0,17,41,30.46502074052006,1.229321940583958,-0.2293219405839584,731.1604977724814
2024-09-26,22.994854,1.0,1.0,25.9,23.0,0.0,12.2,11.750347222222222,2024,9,26,39,3,Thursday,0,3,2024-09-01,2131648.0,0.0,0.0,0.0,0.0,0.0,0.0,0.0,22.966125,21.87454,46.202451999999994,46.03353,36.203343857142855,32.895877142857145,30.7648391,47.121893,21.87454,0.0,0.0,0.0,3.4,0.0,0.3142857142857142,1.1066666666666665,1.2133333333333334,11.595263888888889,7.253438888888889,11.082697222222222,11.01821626984127,11.0058875,11.051056759259259,11.03235074074074,22.5,22.2,22.5,21.7,22.4,22.271428571428572,22.357142857142858,22.446666666666665,23.256666666666664,13.6,13.7,14.214285714285714,15.292857142857143,22.1,10.370230555555557,0.1,18.3,22.9,11.218519444444444,0.0,18.5,23.3,11.456611111111112,0.3,11.0,23.5,11.31900277777778,0.0,13.0,23.4,11.102588888888889,0.0,9.4,0,16,42,30.46502074052006,1.229321940583958,-0.2293219405839584,731.1604977724814
2024-09-27,22.993473,1.0,1.0,25.4,22.9,0.0,12.6,11.397408333333333,2024,9,27,39,4,Friday,0,3,2024-09-01,2131648.0,0.0,0.0,0.0,0.0,0.0,0.0,0.0,22.994854,22.966125,21.87454,46.127041000000006,32.91210442857143,32.88554378571428,29.188100133333332,47.121893,21.87454,0.0,0.0,0.0,0.4,0.0,0.07142857142857142,1.1066666666666665,1.2266666666666666,11.750347222222222,11.923486111111112,10.820852777777779,11.660631746031745,11.053576785714286,11.076068333333332,10.993045833333332,23.0,22.5,23.0,22.4,22.8,22.457142857142856,22.400000000000002,22.44333333333333,23.25,12.2,13.2,14.0,14.4,22.3,11.374430555555556,0.0,19.1,22.8,10.17623611111111,1.5,18.4,23.2,11.025327777777777,0.0,10.0,23.6,11.246983333333333,0.0,14.6,23.2,11.029505555555556,0.0,13.5,0,15,43,30.46502074052006,1.229321940583958,-0.2293219405839584,731.1604977724814
2024-09-28,46.077353,2.0,2.0,25.8,23.2,1.1,15.3,10.887108333333332,2024,9,28,39,5,Saturday,1,3,2024-09-01,2131648.0,0.0,0.0,0.0,0.0,0.0,0.0,0.0,22.993473,22.994854,22.966125,23.097826,29.607308999999997,32.873755,29.1859704,47.121893,21.87454,0.0,0.0,0.0,0.0,0.0,0.042857142857142864,1.0533333333333335,1.2033333333333331,11.397408333333333,11.919466666666667,11.382869444444445,11.585477777777779,11.094759325396824,11.068901944444445,11.030269074074074,22.9,23.0,22.9,22.3,22.9,22.528571428571432,22.407142857142855,22.45,23.256666666666668,12.6,14.8,13.914285714285715,14.007142857142858,22.9,11.218519444444444,0.0,18.5,23.3,11.456611111111112,0.3,11.0,23.6,11.172094444444445,0.0,9.7,23.2,11.174722222222222,0.3,17.2,23.3,7.6170222222222215,0.9,17.4,0,14,44,30.46502074052006,1.229321940583958,-0.2293219405839584,731.1604977724814
2024-09-29,22.979281,1.0,1.0,24.4,22.1,0.1,18.3,10.370230555555557,2024,9,29,39,6,Sunday,1,3,2024-09-01,2131648.0,0.0,0.0,0.0,0.0,0.0,0.0,0.0,46.077353,22.993473,22.994854,47.121893,32.89009857142857,32.8734765,29.95147116666667,47.121893,21.87454,1.1,0.0,0.0,0.0,0.15714285714285717,0.12142857142857144,1.0333333333333334,1.2033333333333331,10.887108333333332,11.89956111111111,12.0,11.437998015873017,11.059347817460319,11.062259166666667,11.027599537037037,23.2,22.9,23.2,22.3,22.4,22.657142857142855,22.428571428571427,22.45,23.176666666666666,15.3,13.4,13.985714285714284,13.935714285714285,22.8,10.17623611111111,1.5,18.4,23.2,11.025327777777777,0.0,10.0,23.5,11.31900277777778,0.0,13.0,22.3,11.102186111111111,0.0,15.9,22.7,8.55738888888889,2.8,21.6,0,13,45,30.46502074052006,1.229321940583958,-0.2293219405839584,731.1604977724814
2024-09-30,46.45352,2.0,2.0,25.3,22.3,0.0,19.1,11.374430555555556,2024,9,30,40,0,Monday,0,3,2024-09-01,2131648.0,0.0,0.0,0.0,0.0,0.0,0.0,0.0,22.979281,46.077353,22.993473,46.202451999999994,29.441154,32.865058714285716,29.181833100000002,46.202451999999994,21.87454,0.1,1.1,0.0,0.2,0.17142857142857146,0.1285714285714286,0.9466666666666668,1.21,10.370230555555557,11.434625,8.957061111111111,11.219522222222222,10.942935714285714,11.007933518518518,10.925734351851851,22.1,23.2,22.1,22.5,22.6,22.62857142857143,22.407142857142855,22.43,23.05,18.3,15.9,14.685714285714287,14.085714285714287,23.3,11.456611111111112,0.3,11.0,23.6,11.172094444444445,0.0,9.7,23.6,11.246983333333333,0.0,14.6,23.4,11.102588888888889,0.0,9.4,22.9,8.658152777777778,0.2,16.1,0,12,46,30.46502074052006,1.229321940583958,-0.2293219405839584,731.1604977724814
2024-10-01,0.0,0.0,0.0,25.3,22.9,0.0,18.5,11.218519444444444,2024,10,1,40,1,Tuesday,0,4,2024-10-01,2460445.0,0.0,0.0,0.0,0.0,0.0,0.0,0.0,46.45352,22.979281,46.077353,21.87454,29.477020857142858,34.51573107142857,29.961054733333334,46.45352,21.87454,0.0,0.1,0.0,0.4,0.17142857142857146,0.11428571428571431,0.9466666666666668,1.2233333333333332,11.374430555555556,11.101672222222222,11.186177777777777,11.210923015873018,11.115604960317459,10.987081203703704,10.898606944444445,22.3,22.1,22.3,22.2,22.1,22.599999999999998,22.38571428571429,22.416666666666668,22.94,19.1,14.9,15.142857142857142,14.285714285714286,23.2,11.025327777777777,0.0,10.0,23.5,11.31900277777778,0.0,13.0,23.2,11.174722222222222,0.3,17.2,23.2,11.029505555555556,0.0,13.5,22.8,10.866819444444445,0.0,14.1,0,11,47,28.00664505641646,1.229321940583958,-0.2293219405839584,672.159481353995
2024-10-02,23.012133,1.0,1.0,25.2,22.8,1.5,18.4,10.17623611111111,2024,10,2,40,2,Wednesday,0,4,2024-10-01,2460445.0,0.0,0.0,0.0,0.0,0.0,0.0,0.0,0.0,46.45352,22.979281,22.966125,26.352086571428572,29.637277714285712,29.1963253,46.45352,0.0,0.0,0.0,0.0,0.0,0.17142857142857146,0.08571428571428573,0.9466666666666668,1.2233333333333332,11.218519444444444,11.595263888888889,11.525252777777778,11.227615476190477,11.117915079365078,10.972176759259261,10.946839722222222,22.9,22.3,22.9,22.5,21.9,22.7,22.442857142857143,22.43,22.81,18.5,13.6,15.657142857142857,14.728571428571428,23.6,11.172094444444445,0.0,9.7,23.6,11.246983333333333,0.0,14.6,22.3,11.102186111111111,0.0,15.9,23.3,7.6170222222222215,0.9,17.4,24.0,10.271141666666667,0.2,9.7,0,10,48,28.00664505641646,1.229321940583958,-0.2293219405839584,672.159481353995
2024-10-03,22.917953,1.0,1.0,27.2,23.3,0.3,11.0,11.456611111111112,2024,10,3,40,3,Thursday,0,4,2024-10-01,2460445.0,0.0,0.0,0.0,0.0,0.0,0.0,0.0,23.012133,0.0,46.45352,22.994854,26.358659142857142,31.2810015,29.963396400000004,46.45352,0.0,1.5,0.0,0.0,0.0,0.38571428571428573,0.19285714285714287,0.9466666666666668,1.2166666666666666,10.17623611111111,11.750347222222222,7.253438888888889,11.024897222222222,11.021556746031747,10.92305,10.950263518518517,22.8,22.9,22.8,23.0,21.7,22.74285714285714,22.50714285714286,22.43,22.69666666666667,18.4,12.2,16.342857142857145,15.278571428571428,23.5,11.31900277777778,0.0,13.0,23.2,11.174722222222222,0.3,17.2,23.4,11.102588888888889,0.0,9.4,22.7,8.55738888888889,2.8,21.6,22.6,9.765719444444443,2.4,18.5,0,9,49,28.00664505641646,1.229321940583958,-0.2293219405839584,672.159481353995
2024-10-04,23.154152,1.0,1.0,25.7,23.2,0.0,10.0,11.025327777777777,2024,10,4,40,4,Friday,0,4,2024-10-01,2460445.0,0.0,0.0,0.0,0.0,0.0,0.0,0.0,22.917953,23.012133,0.0,22.993473,26.347673285714283,29.629888857142856,29.955956566666668,46.45352,0.0,0.3,1.5,0.0,0.0,0.42857142857142855,0.21428571428571427,0.6300000000000001,1.2166666666666666,11.456611111111112,11.397408333333333,11.923486111111112,10.982934920634921,11.321783333333332,11.029101388888888,10.949776574074074,23.3,22.8,23.3,22.9,22.4,22.785714285714285,22.62142857142857,22.466666666666665,22.62,11.0,12.6,16.17142857142857,15.085714285714287,23.6,11.246983333333333,0.0,14.6,22.3,11.102186111111111,0.0,15.9,23.2,11.029505555555556,0.0,13.5,22.9,8.658152777777778,0.2,16.1,22.2,10.864430555555554,0.0,17.1,0,8,50,28.00664505641646,1.229321940583958,-0.2293219405839584,672.159481353995
2024-10-05,46.201553000000004,2.0,2.0,27.1,23.6,0.0,9.7,11.172094444444445,2024,10,5,40,5,Saturday,1,4,2024-10-01,2460445.0,0.0,0.0,0.0,0.0,0.0,0.0,0.0,23.154152,22.917953,23.012133,46.077353,26.370627428571428,27.988968214285713,29.194686233333336,46.45352,0.0,0.0,0.3,1.1,0.0,0.42857142857142855,0.21428571428571427,0.4,1.2166666666666666,11.025327777777777,10.887108333333332,11.919466666666667,10.929780555555556,11.257629166666666,11.153739999999999,10.95842648148148,23.2,23.3,23.2,23.2,22.3,22.828571428571426,22.678571428571427,22.51,22.553333333333335,10.0,15.3,15.799999999999999,14.857142857142858,23.2,11.174722222222222,0.3,17.2,23.4,11.102588888888889,0.0,9.4,23.3,7.6170222222222215,0.9,17.4,22.8,10.866819444444445,0.0,14.1,21.5,10.874025,0.0,13.8,0,7,51,28.00664505641646,1.229321940583958,-0.2293219405839584,672.159481353995
2024-10-06,23.01695,1.0,1.0,26.9,23.5,0.0,13.0,11.31900277777778,2024,10,6,40,6,Sunday,1,4,2024-10-01,2460445.0,0.0,0.0,0.0,0.0,0.0,0.0,0.0,46.201553000000004,23.154152,22.917953,22.979281,26.388370285714284,29.639234428571427,29.963845233333334,46.45352,0.0,0.0,0.0,0.1,0.0,0.27142857142857146,0.21428571428571427,0.38333333333333336,1.2166666666666666,11.172094444444445,10.370230555555557,11.89956111111111,10.970492857142856,11.204245436507936,11.146304351851851,11.049290185185184,23.6,23.2,23.6,22.1,22.3,22.885714285714283,22.77142857142857,22.54666666666667,22.54666666666667,9.7,18.3,15.0,14.492857142857144,22.3,11.102186111111111,0.0,15.9,23.2,11.029505555555556,0.0,13.5,22.7,8.55738888888889,2.8,21.6,24.0,10.271141666666667,0.2,9.7,22.0,10.84376388888889,0.0,12.1,0,6,52,28.00664505641646,1.229321940583958,-0.2293219405839584,672.159481353995
2024-10-07,23.121844,1.0,1.0,26.6,23.6,0.0,14.6,11.246983333333333,2024,10,7,41,0,Monday,0,4,2024-10-01,2460445.0,0.0,0.0,0.0,0.0,0.0,0.0,0.0,23.01695,46.201553000000004,23.154152,46.45352,26.39375157142857,27.917452785714286,29.194649733333335,46.45352,0.0,0.0,0.0,0.0,0.0,0.2571428571428572,0.21428571428571427,0.29333333333333333,1.1166666666666667,11.31900277777778,11.374430555555556,11.434625,11.106031746031746,11.162776984126983,11.123604444444444,11.090015092592592,23.5,23.6,23.5,22.3,22.5,23.08571428571429,22.857142857142858,22.583333333333332,22.519999999999996,13.0,19.1,14.242857142857142,14.464285714285714,23.4,11.102588888888889,0.0,9.4,23.3,7.6170222222222215,0.9,17.4,22.9,8.658152777777778,0.2,16.1,22.6,9.765719444444443,2.4,18.5,21.3,1.213572222222222,1.0,14.8,0,5,53,28.00664505641646,1.229321940583958,-0.2293219405839584,672.159481353995
2024-10-08,41.634174,2.0,2.0,25.8,23.2,0.3,17.2,11.174722222222222,2024,10,8,41,1,Tuesday,0,4,2024-10-01,2460445.0,0.0,0.0,0.0,0.0,0.0,0.0,0.0,23.121844,23.01695,46.201553000000004,0.0,23.060655,26.26883792857143,29.163854366666666,46.201553000000004,0.0,0.0,0.0,0.0,0.0,0.2571428571428572,0.21428571428571427,0.29333333333333333,1.1066666666666665,11.246983333333333,11.218519444444444,11.101672222222222,11.087825,11.149374007936506,11.098503888888889,11.060070833333333,23.6,23.5,23.6,22.9,22.2,23.271428571428572,22.935714285714287,22.619999999999997,22.483333333333334,14.6,18.5,13.6,14.37142857142857,23.2,11.029505555555556,0.0,13.5,22.7,8.55738888888889,2.8,21.6,22.8,10.866819444444445,0.0,14.1,22.2,10.864430555555554,0.0,17.1,21.7,10.711491666666667,5.6,14.6,0,4,54,28.00664505641646,1.229321940583958,-0.2293219405839584,672.159481353995
2024-10-09,42.929557,2.0,2.0,25.5,22.3,0.0,15.9,11.102186111111111,2024,10,9,41,2,Wednesday,0,4,2024-10-01,2460445.0,0.0,0.0,0.0,0.0,0.0,0.0,0.0,41.634174,23.121844,23.01695,23.012133,29.008394142857146,27.680240357142857,29.749950166666668,46.201553000000004,22.917953,0.3,0.0,1.5,0.0,0.3,0.23571428571428574,0.29333333333333333,1.1066666666666665,11.174722222222222,10.17623611111111,11.595263888888889,11.081568253968255,11.154591865079365,11.088298703703705,11.051056759259259,23.2,23.6,23.2,22.8,22.5,23.314285714285713,23.007142857142856,22.653333333333332,22.446666666666665,17.2,18.4,13.414285714285715,14.535714285714286,23.3,7.6170222222222215,0.9,17.4,22.9,8.658152777777778,0.2,16.1,24.0,10.271141666666667,0.2,9.7,21.5,10.874025,0.0,13.8,21.9,10.493825,0.5,12.2,0,3,55,28.00664505641646,1.229321940583958,-0.2293219405839584,672.159481353995
2024-10-10,0.0,0.0,0.0,26.6,23.4,0.0,9.4,11.102588888888889,2024,10,10,41,3,Thursday,0,4,2024-10-01,2460445.0,0.0,0.0,0.0,0.0,0.0,0.0,0.0,42.929557,41.634174,23.121844,22.917953,31.853740428571427,29.10619978571429,30.476390600000002,46.201553000000004,22.917953,0.0,0.3,0.3,0.0,0.08571428571428572,0.23571428571428574,0.29333333333333333,1.1066666666666665,11.102186111111111,11.456611111111112,11.750347222222222,11.213846825396827,11.119372023809522,11.058371574074075,11.076068333333332,22.3,23.2,22.3,23.3,23.0,23.242857142857144,22.99285714285714,22.65333333333333,22.44333333333333,15.9,11.0,13.057142857142855,14.700000000000001,22.7,8.55738888888889,2.8,21.6,22.8,10.866819444444445,0.0,14.1,22.6,9.765719444444443,2.4,18.5,22.0,10.84376388888889,0.0,12.1,21.7,10.800811111111111,0.0,13.0,0,2,56,28.00664505641646,1.229321940583958,-0.2293219405839584,672.159481353995
2024-10-11,23.082332,1.0,1.0,27.0,23.2,0.0,13.5,11.029505555555556,2024,10,11,41,4,Friday,0,4,2024-10-01,2460445.0,0.0,0.0,0.0,0.0,0.0,0.0,0.0,0.0,42.929557,41.634174,23.154152,28.579747142857148,27.46371021428572,28.934302566666666,46.201553000000004,0.0,0.0,0.0,0.0,0.0,0.04285714285714286,0.23571428571428574,0.29333333333333333,1.0533333333333335,11.102588888888889,11.025327777777777,11.397408333333333,11.163272222222222,11.073103571428572,11.036241666666665,11.068901944444445,23.4,22.3,23.4,23.2,22.9,23.25714285714286,23.02142857142857,22.69,22.45,9.4,10.0,12.828571428571431,14.5,22.9,8.658152777777778,0.2,16.1,24.0,10.271141666666667,0.2,9.7,22.2,10.864430555555554,0.0,17.1,21.3,1.213572222222222,1.0,14.8,21.8,10.332775,0.3,15.8,0,1,57,28.00664505641646,1.229321940583958,-0.2293219405839584,672.159481353995
2024-10-12,23.022129,1.0,1.0,26.9,23.3,0.9,17.4,7.6170222222222215,2024,10,12,41,5,Saturday,1,4,2024-10-01,2460445.0,0.0,0.0,0.0,0.0,0.0,0.0,0.0,23.082332,0.0,42.929557,46.201553000000004,28.569487142857145,27.470057285714287,29.703713633333333,46.201553000000004,0.0,0.0,0.0,0.0,1.1,0.04285714285714286,0.23571428571428574,0.25666666666666665,1.0333333333333334,11.029505555555556,11.172094444444445,10.887108333333332,11.163869047619047,11.046824801587302,11.062857592592593,11.062259166666667,23.2,23.4,23.2,23.6,23.2,23.25714285714286,23.042857142857144,22.716666666666665,22.45,13.5,9.7,13.328571428571431,14.564285714285713,22.8,10.866819444444445,0.0,14.1,22.6,9.765719444444443,2.4,18.5,21.5,10.874025,0.0,13.8,21.7,10.711491666666667,5.6,14.6,20.5,10.590408333333334,22.1,25.0,1,0,0,28.00664505641646,1.229321940583958,-0.2293219405839584,672.159481353995
2024-10-13,23.073023,1.0,1.0,25.4,22.7,2.8,21.6,8.55738888888889,2024,10,13,41,6,Sunday,1,4,2024-10-01,2460445.0,0.0,0.0,0.0,0.0,0.0,0.0,0.0,23.022129,23.082332,0.0,23.01695,25.258140857142855,25.82325557142857,29.69980056666667,42.929557,0.0,0.9,0.0,0.0,0.1,0.17142857142857143,0.22142857142857145,0.17333333333333334,0.9466666666666668,7.6170222222222215,11.31900277777778,10.370230555555557,10.656001587301589,10.813247222222222,10.947335092592592,11.007933518518518,23.3,23.2,23.3,23.5,22.1,23.214285714285715,23.050000000000004,22.74666666666667,22.43,17.4,13.0,14.428571428571429,14.714285714285714,24.0,10.271141666666667,0.2,9.7,22.2,10.864430555555554,0.0,17.1,22.0,10.84376388888889,0.0,12.1,21.9,10.493825,0.5,12.2,20.4,10.371311111111112,6.8,23.9,0,19,1,28.00664505641646,1.229321940583958,-0.2293219405839584,672.159481353995
2024-10-14,46.427135,2.0,2.0,26.7,22.9,0.2,16.1,8.658152777777778,2024,10,14,42,0,Monday,0,4,2024-10-01,2460445.0,0.0,0.0,0.0,0.0,0.0,0.0,0.0,23.073023,23.022129,23.082332,23.121844,25.26615128571429,25.82995142857143,29.6969508,42.929557,0.0,2.8,0.9,0.0,0.0,0.5714285714285714,0.41428571428571426,0.2533333333333333,0.9466666666666668,8.55738888888889,11.246983333333333,11.374430555555556,10.261485317460316,10.683758531746031,10.871886296296298,10.987081203703704,22.7,23.3,22.7,23.6,22.3,23.099999999999998,23.092857142857145,22.743333333333332,22.416666666666668,21.6,14.6,15.657142857142858,14.95,22.6,9.765719444444443,2.4,18.5,21.5,10.874025,0.0,13.8,21.3,1.213572222222222,1.0,14.8,21.7,10.800811111111111,0.0,13.0,20.5,10.605272222222224,4.8,22.9,0,18,2,28.00664505641646,1.229321940583958,-0.2293219405839584,672.159481353995
2024-10-15,45.977042999999995,2.0,2.0,26.6,22.8,0.0,14.1,10.866819444444445,2024,10,15,42,1,Tuesday,0,4,2024-10-01,2460445.0,0.0,0.0,0.0,0.0,0.0,0.0,0.0,46.427135,23.073023,23.022129,41.634174,28.595478571428572,25.828066785714288,29.708480233333333,46.427135,0.0,0.2,2.8,0.3,0.0,0.6,0.42857142857142855,0.26,0.9466666666666668,8.658152777777778,11.174722222222222,11.218519444444444,9.891652380952381,10.489738690476191,10.781062407407408,10.972176759259261,22.9,22.7,22.9,23.2,22.9,23.0,23.135714285714283,22.743333333333332,22.43,16.1,17.2,15.87142857142857,14.735714285714286,22.2,10.864430555555554,0.0,17.1,22.0,10.84376388888889,0.0,12.1,21.7,10.711491666666667,5.6,14.6,21.8,10.332775,0.3,15.8,19.8,10.233969444444444,2.0,15.7,0,17,3,28.00664505641646,1.229321940583958,-0.2293219405839584,672.159481353995
2024-10-16,45.946332,2.0,2.0,27.2,24.0,0.2,9.7,10.271141666666667,2024,10,16,42,2,Wednesday,0,4,2024-10-01,2460445.0,0.0,0.0,0.0,0.0,0.0,0.0,0.0,45.977042999999995,46.427135,23.073023,42.929557,29.215888428571425,29.112141285714284,30.471144,46.427135,0.0,0.0,0.2,0.0,1.5,0.5571428571428572,0.42857142857142855,0.26,0.9466666666666668,10.866819444444445,11.102186111111111,10.17623611111111,9.84766626984127,10.464617261904763,10.743289722222222,10.92305,22.8,22.9,22.8,22.3,22.8,22.942857142857143,23.12857142857143,22.756666666666668,22.43,14.1,15.9,15.42857142857143,14.421428571428573,21.5,10.874025,0.0,13.8,21.3,1.213572222222222,1.0,14.8,21.9,10.493825,0.5,12.2,20.5,10.590408333333334,22.1,25.0,19.2,10.732755555555554,0.0,9.4,0,16,4,28.00664505641646,1.229321940583958,-0.2293219405839584,672.159481353995
2024-10-17,22.970285,1.0,1.0,24.7,22.6,2.4,18.5,9.765719444444443,2024,10,17,42,3,Thursday,0,4,2024-10-01,2460445.0,0.0,0.0,0.0,0.0,0.0,0.0,0.0,45.946332,45.977042999999995,46.427135,0.0,29.646856285714286,30.75029835714286,31.2245515,46.427135,0.0,0.2,0.0,0.0,0.3,0.5857142857142857,0.33571428571428574,0.26,0.6300000000000001,10.271141666666667,11.102588888888889,11.456611111111112,9.728945634920635,10.47139623015873,10.787092407407409,11.029101388888888,24.0,22.8,24.0,23.4,23.3,23.185714285714283,23.214285714285715,22.803333333333335,22.466666666666665,9.7,9.4,14.542857142857143,13.799999999999999,22.0,10.84376388888889,0.0,12.1,21.7,10.711491666666667,5.6,14.6,21.7,10.800811111111111,0.0,13.0,20.4,10.371311111111112,6.8,23.9,18.9,10.721044444444445,0.0,8.3,0,15,5,28.00664505641646,1.229321940583958,-0.2293219405839584,672.159481353995
2024-10-18,46.100325999999995,2.0,2.0,24.4,22.2,0.0,17.1,10.864430555555554,2024,10,18,42,4,Friday,0,4,2024-10-01,2460445.0,0.0,0.0,0.0,0.0,0.0,0.0,0.0,22.970285,45.946332,45.977042999999995,23.082332,32.928325571428566,30.75403635714286,29.713616100000003,46.427135,22.970285,2.4,0.2,0.0,0.0,0.9285714285714286,0.4857142857142857,0.3266666666666667,0.4,9.765719444444443,11.029505555555556,11.025327777777777,9.537964285714285,10.350618253968253,10.739743796296295,11.153739999999999,22.6,24.0,22.6,23.2,23.2,23.071428571428573,23.16428571428571,22.819999999999997,22.51,18.5,13.5,15.842857142857143,14.335714285714285,21.3,1.213572222222222,1.0,14.8,21.9,10.493825,0.5,12.2,21.8,10.332775,0.3,15.8,20.5,10.605272222222224,4.8,22.9,19.6,10.4835,0.0,11.6,0,14,6,28.00664505641646,1.229321940583958,-0.2293219405839584,672.159481353995
2024-10-19,0.0,0.0,0.0,24.4,21.5,0.0,13.8,10.874025,2024,10,19,42,5,Saturday,1,4,2024-10-01,2460445.0,0.0,0.0,0.0,0.0,0.0,0.0,0.0,46.100325999999995,22.970285,45.946332,23.022129,36.21661042857143,32.393048785714285,31.250293633333335,46.427135,22.970285,0.0,2.4,0.9,0.0,0.9285714285714286,0.4857142857142857,0.3266666666666667,0.38333333333333336,10.864430555555554,7.6170222222222215,11.172094444444445,9.514382142857142,10.339125595238096,10.71771638888889,11.146304351851851,22.2,22.6,22.2,23.3,23.6,22.928571428571427,23.092857142857145,22.83,22.54666666666667,17.1,17.4,16.357142857142858,14.842857142857143,21.7,10.711491666666667,5.6,14.6,21.7,10.800811111111111,0.0,13.0,20.5,10.590408333333334,22.1,25.0,19.8,10.233969444444444,2.0,15.7,20.3,10.340880555555556,0.0,11.3,0,13,7,28.00664505641646,1.229321940583958,-0.2293219405839584,672.159481353995
2024-10-20,22.940924,1.0,1.0,25.5,22.0,0.0,12.1,10.84376388888889,2024,10,20,42,6,Sunday,1,4,2024-10-01,2460445.0,0.0,0.0,0.0,0.0,0.0,0.0,0.0,0.0,46.100325999999995,22.970285,23.073023,32.92773485714286,29.092937857142857,29.715842633333335,46.427135,0.0,0.0,0.0,2.8,0.0,0.7999999999999999,0.4857142857142857,0.3266666666666667,0.29333333333333333,10.874025,8.55738888888889,11.31900277777778,9.979668253968255,10.31783492063492,10.838402592592592,11.123604444444444,21.5,22.2,21.5,22.7,23.5,22.67142857142857,22.942857142857147,22.823333333333334,22.583333333333332,13.8,21.6,15.842857142857143,15.135714285714286,21.9,10.493825,0.5,12.2,21.8,10.332775,0.3,15.8,20.4,10.371311111111112,6.8,23.9,19.2,10.732755555555554,0.0,9.4,20.4,9.674088888888889,0.0,12.6,0,12,8,28.00664505641646,1.229321940583958,-0.2293219405839584,672.159481353995
2024-10-21,67.648999,3.0,3.0,23.3,21.3,1.0,14.8,1.213572222222222,2024,10,21,43,0,Monday,0,4,2024-10-01,2460445.0,0.0,0.0,0.0,0.0,0.0,0.0,0.0,22.940924,0.0,46.100325999999995,46.427135,32.90886357142857,29.087507428571428,28.942972066666666,46.427135,0.0,0.0,0.0,0.2,0.0,0.39999999999999997,0.4857142857142857,0.3266666666666667,0.29333333333333333,10.84376388888889,8.658152777777778,11.246983333333333,10.306293253968253,10.283889285714285,10.802411851851852,11.098503888888889,22.0,21.5,22.0,22.9,23.6,22.571428571428573,22.83571428571429,22.81,22.619999999999997,12.1,16.1,14.485714285714286,15.071428571428571,21.7,10.800811111111111,0.0,13.0,20.5,10.590408333333334,22.1,25.0,20.5,10.605272222222224,4.8,22.9,18.9,10.721044444444445,0.0,8.3,21.0,10.123083333333334,0.0,9.1,0,11,9,28.00664505641646,1.229321940583958,-0.2293219405839584,672.159481353995
2024-10-22,0.0,0.0,0.0,23.9,21.7,5.6,14.6,10.711491666666667,2024,10,22,43,1,Tuesday,0,4,2024-10-01,2460445.0,0.0,0.0,0.0,0.0,0.0,0.0,0.0,67.648999,22.940924,0.0,45.977042999999995,35.94055842857143,32.2680185,30.428011166666668,67.648999,0.0,1.0,0.0,0.0,0.3,0.5142857142857142,0.5571428571428572,0.36000000000000004,0.29333333333333333,1.213572222222222,10.866819444444445,11.174722222222222,9.242781746031747,9.567217063492064,10.445548703703704,11.088298703703705,21.3,22.0,21.3,22.8,23.2,22.342857142857138,22.67142857142857,22.776666666666664,22.653333333333332,14.8,14.1,14.3,15.085714285714287,21.8,10.332775,0.3,15.8,20.4,10.371311111111112,6.8,23.9,19.8,10.233969444444444,2.0,15.7,19.6,10.4835,0.0,11.6,21.2,10.513844444444443,0.0,10.3,0,10,10,28.00664505641646,1.229321940583958,-0.2293219405839584,672.159481353995
2024-10-23,0.0,0.0,0.0,24.2,21.9,0.5,12.2,10.493825,2024,10,23,43,2,Wednesday,0,4,2024-10-01,2460445.0,0.0,0.0,0.0,0.0,0.0,0.0,0.0,0.0,67.648999,22.940924,45.946332,29.372409428571434,29.294148928571424,28.8572814,67.648999,0.0,5.6,1.0,0.2,0.0,1.3142857142857143,0.9357142857142857,0.5466666666666666,0.29333333333333333,10.711491666666667,10.271141666666667,11.102186111111111,9.220592063492063,9.534129166666668,10.40594638888889,11.058371574074075,21.7,21.3,21.7,24.0,22.3,22.185714285714287,22.564285714285717,22.756666666666668,22.65333333333333,14.6,9.7,14.37142857142857,14.9,20.5,10.590408333333334,22.1,25.0,20.5,10.605272222222224,4.8,22.9,19.2,10.732755555555554,0.0,9.4,20.3,10.340880555555556,0.0,11.3,21.6,10.521513888888888,0.0,9.9,0,9,11,28.00664505641646,1.229321940583958,-0.2293219405839584,672.159481353995
2024-10-24,24.112123,1.0,1.0,24.8,21.7,0.0,13.0,10.800811111111111,2024,10,24,43,3,Thursday,0,4,2024-10-01,2460445.0,0.0,0.0,0.0,0.0,0.0,0.0,0.0,0.0,0.0,67.648999,22.970285,22.808647714285712,26.227752,27.31719966666667,67.648999,0.0,0.5,5.6,2.4,0.0,1.3571428571428572,0.9714285714285714,0.5633333333333332,0.29333333333333333,10.493825,9.765719444444443,11.102588888888889,9.252403968253969,9.490674801587302,10.37458638888889,11.036241666666665,21.9,21.7,21.9,22.6,23.4,21.88571428571429,22.535714285714285,22.736666666666668,22.69,12.2,18.5,14.72857142857143,14.635714285714284,20.4,10.371311111111112,6.8,23.9,19.8,10.233969444444444,2.0,15.7,18.9,10.721044444444445,0.0,8.3,20.4,9.674088888888889,0.0,12.6,22.4,8.884383333333332,0.0,10.3,0,8,12,28.00664505641646,1.229321940583958,-0.2293219405839584,672.159481353995
2024-10-25,22.928076,1.0,1.0,23.9,21.8,0.3,15.8,10.332775,2024,10,25,43,4,Friday,0,4,2024-10-01,2460445.0,0.0,0.0,0.0,0.0,0.0,0.0,0.0,24.112123,0.0,0.0,46.100325999999995,22.971767428571432,27.950046499999996,27.39178576666667,67.648999,0.0,0.0,0.5,0.0,0.0,1.0142857142857142,0.9714285714285714,0.5633333333333332,0.25666666666666665,10.800811111111111,10.864430555555554,11.029505555555556,9.400274206349208,9.469119246031747,10.364557685185186,11.062857592592593,21.7,21.9,21.7,22.2,23.2,21.75714285714286,22.414285714285715,22.720000000000002,22.716666666666665,13.0,17.1,13.942857142857141,14.892857142857142,20.5,10.605272222222224,4.8,22.9,19.2,10.732755555555554,0.0,9.4,19.6,10.4835,0.0,11.6,21.0,10.123083333333334,0.0,9.1,26.4,4.653044444444444,0.0,16.1,0,7,13,28.00664505641646,1.229321940583958,-0.2293219405839584,672.159481353995
2024-10-26,0.0,0.0,0.0,22.1,20.5,22.1,25.0,10.590408333333334,2024,10,26,43,5,Saturday,1,4,2024-10-01,2460445.0,0.0,0.0,0.0,0.0,0.0,0.0,0.0,22.928076,24.112123,0.0,0.0,19.661446,27.939028214285713,27.390517466666665,67.648999,0.0,0.3,0.0,0.0,0.9,1.0571428571428572,0.9928571428571429,0.5733333333333334,0.17333333333333334,10.332775,10.874025,7.6170222222222215,9.324323412698414,9.419352777777778,10.322474722222221,10.947335092592592,21.8,21.7,21.8,21.5,23.3,21.7,22.314285714285713,22.696666666666665,22.74666666666667,15.8,13.8,13.757142857142856,15.057142857142859,19.8,10.233969444444444,2.0,15.7,18.9,10.721044444444445,0.0,8.3,20.3,10.340880555555556,0.0,11.3,21.2,10.513844444444443,0.0,10.3,27.7,10.544727777777776,0.0,20.2,0,6,14,28.00664505641646,1.229321940583958,-0.2293219405839584,672.159481353995
2024-10-27,47.010049,2.0,2.0,22.0,20.4,6.8,23.9,10.371311111111112,2024,10,27,43,6,Sunday,1,4,2024-10-01,2460445.0,0.0,0.0,0.0,0.0,0.0,0.0,0.0,0.0,22.928076,24.112123,22.940924,19.661446,26.294590428571432,26.624022333333333,67.648999,0.0,22.1,0.3,0.0,2.8,4.214285714285714,2.507142857142857,1.3099999999999998,0.2533333333333333,10.590408333333334,10.84376388888889,8.55738888888889,9.283806746031745,9.6317375,10.283810092592594,10.871886296296298,20.5,21.8,20.5,22.0,22.7,21.557142857142857,22.114285714285717,22.613333333333333,22.743333333333332,25.0,12.1,15.357142857142858,15.6,19.2,10.732755555555554,0.0,9.4,19.6,10.4835,0.0,11.6,20.4,9.674088888888889,0.0,12.6,21.6,10.521513888888888,0.0,9.9,26.4,10.475130555555555,0.0,16.8,0,5,15,28.00664505641646,1.229321940583958,-0.2293219405839584,672.159481353995
2024-10-28,46.971948,2.0,2.0,23.1,20.5,4.8,22.9,10.605272222222224,2024,10,28,44,0,Monday,0,4,2024-10-01,2460445.0,0.0,0.0,0.0,0.0,0.0,0.0,0.0,47.010049,0.0,22.928076,67.648999,23.09989242857143,28.004378,27.424574866666667,67.648999,0.0,6.8,22.1,1.0,0.2,5.185714285714285,2.792857142857143,1.5366666666666666,0.26,10.371311111111112,1.213572222222222,8.658152777777778,9.216313492063492,9.761303373015874,10.24960685185185,10.781062407407408,20.4,20.5,20.4,21.3,22.9,21.328571428571426,21.949999999999996,22.529999999999998,22.743333333333332,23.9,14.8,17.04285714285714,15.764285714285716,18.9,10.721044444444445,0.0,8.3,20.3,10.340880555555556,0.0,11.3,21.0,10.123083333333334,0.0,9.1,22.4,8.884383333333332,0.0,10.3,22.2,10.405344444444443,0.0,7.3,0,4,16,28.00664505641646,1.229321940583958,-0.2293219405839584,672.159481353995
2024-10-29,24.012428,1.0,1.0,23.2,19.8,2.0,15.7,10.233969444444444,2024,10,29,44,1,Tuesday,0,4,2024-10-01,2460445.0,0.0,0.0,0.0,0.0,0.0,0.0,0.0,46.971948,47.010049,0.0,0.0,20.146028,28.04329321428571,27.4543947,47.010049,0.0,4.8,6.8,5.6,0.0,5.728571428571429,3.1214285714285714,1.66,0.26,10.605272222222224,10.711491666666667,10.866819444444445,10.55798492063492,9.900383333333334,10.240212314814816,10.743289722222222,20.5,20.4,20.5,21.7,22.8,21.214285714285715,21.77857142857143,22.439999999999998,22.756666666666668,22.9,14.6,18.2,16.25,19.6,10.4835,0.0,11.6,20.4,9.674088888888889,0.0,12.6,21.2,10.513844444444443,0.0,10.3,26.4,4.653044444444444,0.0,16.1,20.7,10.179777777777778,0.7,20.0,0,3,17,28.00664505641646,1.229321940583958,-0.2293219405839584,672.159481353995
2024-10-30,24.081389,1.0,1.0,22.8,19.2,0.0,9.4,10.732755555555554,2024,10,30,44,2,Wednesday,0,4,2024-10-01,2460445.0,0.0,0.0,0.0,0.0,0.0,0.0,0.0,24.012428,46.971948,47.010049,0.0,23.57637485714286,26.47439214285714,27.488832933333335,47.010049,0.0,2.0,4.8,0.5,0.2,5.214285714285714,3.2642857142857147,1.7233333333333332,0.26,10.233969444444444,10.493825,10.271141666666667,10.489767460317461,9.855179761904761,10.235670277777778,10.787092407407409,19.8,20.5,19.8,21.9,24.0,20.942857142857143,21.564285714285713,22.363333333333333,22.803333333333335,15.7,12.2,18.357142857142858,16.364285714285714,20.3,10.340880555555556,0.0,11.3,21.0,10.123083333333334,0.0,9.1,21.6,10.521513888888888,0.0,9.9,27.7,10.544727777777776,0.0,20.2,20.4,10.109250000000001,0.6,24.0,0,2,18,28.00664505641646,1.229321940583958,-0.2293219405839584,672.159481353995
2024-10-31,24.007541,1.0,1.0,22.8,18.9,0.0,8.3,10.721044444444445,2024,10,31,44,3,Thursday,0,4,2024-10-01,2460445.0,0.0,0.0,0.0,0.0,0.0,0.0,0.0,24.081389,24.012428,46.971948,24.112123,27.016573285714287,24.9126105,26.743095233333335,47.010049,0.0,0.0,2.0,0.0,2.4,5.142857142857143,3.25,1.7233333333333332,0.3266666666666667,10.732755555555554,10.800811111111111,9.765719444444443,10.523900396825397,9.888152182539683,10.214281111111111,10.739743796296295,19.2,19.8,19.2,21.7,22.6,20.557142857142857,21.221428571428568,22.259999999999998,22.819999999999997,9.4,13.0,17.95714285714286,16.342857142857145,20.4,9.674088888888889,0.0,12.6,21.2,10.513844444444443,0.0,10.3,22.4,8.884383333333332,0.0,10.3,26.4,10.475130555555555,0.0,16.8,19.3,10.0,6.1,6.7,0,1,19,28.00664505641646,1.229321940583958,-0.2293219405839584,672.159481353995
2024-11-01,0.0,0.0,0.0,23.4,19.6,0.0,11.6,10.4835,2024,11,1,44,4,Friday,0,4,2024-11-01,2414136.0,0.0,0.0,0.0,0.0,0.0,0.0,0.0,24.007541,24.081389,24.012428,22.928076,27.001633,24.986700214285715,27.543346600000003,47.010049,0.0,0.0,0.0,0.3,0.0,5.142857142857143,3.0785714285714287,1.7233333333333332,0.3266666666666667,10.721044444444445,10.332775,10.864430555555554,10.512505158730159,9.956389682539681,10.197698611111111,10.71771638888889,18.9,19.2,18.9,21.8,22.2,20.157142857142855,20.95714285714286,22.12666666666667,22.83,8.3,15.8,17.285714285714285,15.614285714285714,21.0,10.123083333333334,0.0,9.1,21.6,10.521513888888888,0.0,9.9,26.4,4.653044444444444,0.0,16.1,22.2,10.405344444444443,0.0,7.3,19.3,10.123861111111111,6.6,8.9,1,0,0,26.88015002140376,1.229321940583958,-0.2293219405839584,645.1236005136902
2024-11-02,22.948834,1.0,1.0,23.3,20.3,0.0,11.3,10.340880555555556,2024,11,2,44,5,Saturday,1,4,2024-11-01,2414136.0,0.0,0.0,0.0,0.0,0.0,0.0,0.0,0.0,24.007541,24.081389,0.0,23.726193571428574,21.693819785714286,26.7762755,47.010049,0.0,0.0,0.0,22.1,0.0,5.1000000000000005,3.0785714285714287,1.6733333333333331,0.3266666666666667,10.4835,10.590408333333334,10.874025,10.534037301587302,9.929180357142858,10.20794074074074,10.838402592592592,19.6,18.9,19.6,20.5,21.5,19.842857142857145,20.77142857142857,22.019999999999996,22.823333333333334,11.6,25.0,16.685714285714287,15.221428571428573,21.2,10.513844444444443,0.0,10.3,22.4,8.884383333333332,0.0,10.3,27.7,10.544727777777776,0.0,20.2,20.7,10.179777777777778,0.7,20.0,20.0,10.0,2.6,15.7,0,34,1,26.88015002140376,1.229321940583958,-0.2293219405839584,645.1236005136902
2024-11-03,23.064143,1.0,1.0,23.2,20.4,0.0,12.6,9.674088888888889,2024,11,3,44,6,Sunday,1,4,2024-11-01,2414136.0,0.0,0.0,0.0,0.0,0.0,0.0,0.0,22.948834,0.0,24.007541,47.010049,27.00459842857143,23.333022214285716,26.777304866666665,47.010049,0.0,0.0,0.0,6.8,0.0,1.9428571428571428,3.0785714285714287,1.6633333333333333,0.3266666666666667,10.340880555555556,10.371311111111112,10.84376388888889,10.498390476190478,9.89109861111111,10.170749722222222,10.802411851851852,20.3,19.6,20.3,20.4,22.0,19.814285714285713,20.685714285714283,21.92,22.81,11.3,23.9,14.728571428571428,15.042857142857143,21.6,10.521513888888888,0.0,9.9,26.4,4.653044444444444,0.0,16.1,26.4,10.475130555555555,0.0,16.8,20.4,10.109250000000001,0.6,24.0,20.2,10.0,2.7,11.0,0,33,2,26.88015002140376,1.229321940583958,-0.2293219405839584,645.1236005136902
2024-11-04,21.1412079,1.0,1.0,24.8,21.0,0.0,9.1,10.123083333333334,2024,11,4,45,0,Monday,0,4,2024-11-01,2414136.0,0.0,0.0,0.0,0.0,0.0,0.0,0.0,23.064143,22.948834,0.0,46.971948,23.58375471428571,23.34182357142857,26.774304566666668,46.971948,0.0,0.0,0.0,4.8,1.0,0.9714285714285714,3.0785714285714287,1.6633333333333333,0.36000000000000004,9.674088888888889,10.605272222222224,1.213572222222222,10.398787301587303,9.807550396825397,10.125708425925927,10.445548703703704,20.4,20.3,20.4,20.5,21.3,19.814285714285713,20.571428571428573,21.826666666666664,22.776666666666664,12.6,22.9,13.114285714285714,15.078571428571427,22.4,8.884383333333332,0.0,10.3,27.7,10.544727777777776,0.0,20.2,22.2,10.405344444444443,0.0,7.3,19.3,10.0,6.1,6.7,20.5,10.0,1.3,12.4,0,32,3,26.88015002140376,1.229321940583958,-0.2293219405839584,645.1236005136902
2024-11-05,22.326256,1.0,1.0,24.1,21.2,0.0,10.3,10.513844444444443,2024,11,5,45,1,Tuesday,0,4,2024-11-01,2414136.0,0.0,0.0,0.0,0.0,0.0,0.0,0.0,21.1412079,23.064143,22.948834,24.012428,19.893648985714286,20.019838492857144,25.93895973,24.081389,0.0,0.0,0.0,2.0,5.6,0.2857142857142857,3.007142857142857,1.6633333333333333,0.5466666666666666,10.123083333333334,10.233969444444444,10.711491666666667,10.329903174603174,10.443944047619047,10.090741388888889,10.40594638888889,21.0,20.4,21.0,19.8,21.7,19.885714285714283,20.550000000000004,21.740000000000002,22.756666666666668,9.1,15.7,11.142857142857142,14.671428571428573,26.4,4.653044444444444,0.0,16.1,26.4,10.475130555555555,0.0,16.8,20.7,10.179777777777778,0.7,20.0,19.3,10.123861111111111,6.6,8.9,21.7,10.153297222222223,0.2,19.8,0,31,4,26.88015002140376,1.229321940583958,-0.2293219405839584,645.1236005136902
2024-11-06,24.23506,1.0,1.0,24.8,21.6,0.0,9.9,10.521513888888888,2024,11,6,45,2,Wednesday,0,4,2024-11-01,2414136.0,0.0,0.0,0.0,0.0,0.0,0.0,0.0,22.326256,21.1412079,23.064143,24.081389,19.65276727142857,21.614571064285716,25.915936596666665,24.081389,0.0,0.0,0.0,0.0,0.5,0.0,2.607142857142857,1.6633333333333333,0.5633333333333332,10.513844444444443,10.732755555555554,10.493825,10.369885317460318,10.429826388888888,10.063902777777777,10.37458638888889,21.2,21.0,21.2,19.2,21.9,20.085714285714285,20.514285714285712,21.663333333333338,22.736666666666668,10.3,9.4,10.37142857142857,14.364285714285714,27.7,10.544727777777776,0.0,20.2,22.2,10.405344444444443,0.0,7.3,20.4,10.109250000000001,0.6,24.0,20.0,10.0,2.6,15.7,23.3,7.3917527777777785,2.1,19.3,0,30,5,26.88015002140376,1.229321940583958,-0.2293219405839584,645.1236005136902
2024-11-07,23.427184,1.0,1.0,25.2,22.4,0.0,10.3,8.884383333333332,2024,11,7,45,3,Thursday,0,4,2024-11-01,2414136.0,0.0,0.0,0.0,0.0,0.0,0.0,0.0,24.23506,22.326256,21.1412079,24.007541,19.674720271428573,23.345646778571428,25.95304379666667,24.23506,0.0,0.0,0.0,0.0,0.0,0.0,2.5714285714285716,1.6633333333333333,0.5633333333333332,10.521513888888888,10.721044444444445,10.800811111111111,10.339707936507935,10.431804166666668,10.039720462962965,10.364557685185186,21.6,21.2,21.6,18.9,21.7,20.428571428571427,20.49285714285714,21.596666666666668,22.720000000000002,9.9,8.3,10.442857142857145,14.2,26.4,10.475130555555555,0.0,16.8,20.7,10.179777777777778,0.7,20.0,19.3,10.0,6.1,6.7,20.2,10.0,2.7,11.0,24.1,9.0,0.3,21.3,0,29,6,26.88015002140376,1.229321940583958,-0.2293219405839584,645.1236005136902
2024-11-08,21.270303,1.0,1.0,31.2,26.4,0.0,16.1,4.653044444444444,2024,11,8,45,4,Friday,0,4,2024-11-01,2414136.0,0.0,0.0,0.0,0.0,0.0,0.0,0.0,23.427184,24.23506,22.326256,0.0,19.59181212857143,23.296722564285716,25.346144130000003,24.23506,0.0,0.0,0.0,0.0,0.3,0.0,2.5714285714285716,1.6533333333333333,0.5733333333333334,8.884383333333332,10.4835,10.332775,10.077327777777777,10.294916468253968,9.963375833333334,10.322474722222221,22.4,21.6,22.4,19.6,21.8,20.928571428571427,20.542857142857144,21.57,22.696666666666665,10.3,11.6,10.72857142857143,14.007142857142858,22.2,10.405344444444443,0.0,7.3,20.4,10.109250000000001,0.6,24.0,19.3,10.123861111111111,6.6,8.9,20.5,10.0,1.3,12.4,23.9,10.096055555555557,0.0,19.4,0,28,7,26.88015002140376,1.229321940583958,-0.2293219405839584,645.1236005136902
2024-11-09,0.0,0.0,0.0,31.0,27.7,0.0,20.2,10.544727777777776,2024,11,9,45,5,Saturday,1,4,2024-11-01,2414136.0,0.0,0.0,0.0,0.0,0.0,0.0,0.0,21.270303,23.427184,24.23506,22.948834,22.630426842857144,23.178310207142857,24.624168996666665,24.23506,21.1412079,0.0,0.0,0.0,22.1,0.0,2.5500000000000003,1.6533333333333333,1.3099999999999998,4.653044444444444,10.340880555555556,10.590408333333334,9.244405555555556,9.889221428571428,9.748404444444445,10.283810092592594,26.4,22.4,26.4,20.3,20.5,21.9,20.87142857142857,21.706666666666667,22.613333333333333,16.1,11.3,11.37142857142857,14.028571428571428,20.7,10.179777777777778,0.7,20.0,19.3,10.0,6.1,6.7,20.0,10.0,2.6,15.7,21.7,10.153297222222223,0.2,19.8,23.1,5.201916666666667,0.0,8.8,0,27,8,26.88015002140376,1.229321940583958,-0.2293219405839584,645.1236005136902
2024-11-10,24.13243,1.0,1.0,31.3,26.4,0.0,16.8,10.475130555555555,2024,11,10,45,6,Sunday,1,4,2024-11-01,2414136.0,0.0,0.0,0.0,0.0,0.0,0.0,0.0,0.0,21.270303,23.427184,23.064143,19.352021985714288,23.178310207142857,24.624168996666665,24.23506,0.0,0.0,0.0,0.0,6.8,0.0,0.9714285714285714,1.6533333333333333,1.5366666666666666,10.544727777777776,9.674088888888889,10.371311111111112,9.273526587301587,9.88595853174603,9.729809074074073,10.24960685185185,27.7,26.4,27.7,20.4,20.4,22.95714285714286,21.385714285714283,21.849999999999998,22.529999999999998,20.2,12.6,12.642857142857142,13.685714285714285,20.4,10.109250000000001,0.6,24.0,19.3,10.123861111111111,6.6,8.9,20.2,10.0,2.7,11.0,23.3,7.3917527777777785,2.1,19.3,21.5,9.210644444444444,0.0,14.3,0,26,9,26.88015002140376,1.229321940583958,-0.2293219405839584,645.1236005136902
2024-11-11,23.153352,1.0,1.0,25.4,22.2,0.0,7.3,10.405344444444443,2024,11,11,46,0,Monday,0,4,2024-11-01,2414136.0,0.0,0.0,0.0,0.0,0.0,0.0,0.0,24.13243,0.0,21.270303,21.1412079,19.504634414285714,21.544194564285714,24.659172263333335,24.23506,0.0,0.0,0.0,0.0,4.8,0.0,0.4857142857142857,1.6533333333333333,1.66,10.475130555555555,10.123083333333334,10.605272222222224,9.38796111111111,9.893374206349206,9.711329907407409,10.240212314814816,26.4,27.7,26.4,21.0,20.5,23.814285714285713,21.814285714285717,21.956666666666667,22.439999999999998,16.8,9.1,13.242857142857146,13.178571428571429,19.3,10.0,6.1,6.7,20.0,10.0,2.6,15.7,20.5,10.0,1.3,12.4,24.1,9.0,0.3,21.3,21.5,8.063649999999999,1.4,14.4,0,25,10,26.88015002140376,1.229321940583958,-0.2293219405839584,645.1236005136902
2024-11-12,47.310848,2.0,2.0,23.3,20.7,0.7,20.0,10.179777777777778,2024,11,12,46,1,Tuesday,0,4,2024-11-01,2414136.0,0.0,0.0,0.0,0.0,0.0,0.0,0.0,23.153352,24.13243,0.0,22.326256,19.792083571428574,19.842866278571428,24.663546363333335,24.23506,0.0,0.0,0.0,0.0,2.0,0.0,0.14285714285714285,1.6233333333333333,1.7233333333333332,10.405344444444443,10.513844444444443,10.233969444444444,9.428284126984126,9.87909365079365,9.804273981481483,10.235670277777778,22.2,26.4,22.2,21.2,19.8,23.985714285714288,21.935714285714287,21.92,22.363333333333333,7.3,10.3,12.985714285714286,12.064285714285715,19.3,10.123861111111111,6.6,8.9,20.2,10.0,2.7,11.0,21.7,10.153297222222223,0.2,19.8,23.9,10.096055555555557,0.0,19.4,21.0,4.715577777777778,0.9,10.7,0,24,11,26.88015002140376,1.229321940583958,-0.2293219405839584,645.1236005136902
2024-11-13,47.310159999999996,2.0,2.0,23.4,20.4,0.6,24.0,10.109250000000001,2024,11,13,46,2,Wednesday,0,4,2024-11-01,2414136.0,0.0,0.0,0.0,0.0,0.0,0.0,0.0,47.310848,23.153352,24.13243,24.23506,23.361311,21.507039135714287,25.471473863333337,47.310848,0.0,0.7,0.0,0.0,0.0,0.09999999999999999,0.049999999999999996,1.5533333333333335,1.7233333333333332,10.179777777777778,10.521513888888888,10.732755555555554,9.380560317460318,9.875222817460317,9.858353611111111,10.214281111111111,20.7,22.2,20.7,21.6,19.2,23.91428571428571,22.0,21.853333333333335,22.259999999999998,20.0,9.9,14.371428571428572,12.371428571428572,20.0,10.0,2.6,15.7,20.5,10.0,1.3,12.4,23.3,7.3917527777777785,2.1,19.3,23.1,5.201916666666667,0.0,8.8,22.8,5.445458333333334,0.0,18.6,0,23,12,26.88015002140376,1.229321940583958,-0.2293219405839584,645.1236005136902
2024-11-14,24.14541,1.0,1.0,20.7,19.3,6.1,6.7,10.0,2024,11,14,46,3,Thursday,0,4,2024-11-01,2414136.0,0.0,0.0,0.0,0.0,0.0,0.0,0.0,47.310159999999996,47.310848,23.153352,23.427184,26.657753857142858,23.166237064285717,25.50090803,47.310848,0.0,0.6,0.7,0.0,0.0,0.1857142857142857,0.09285714285714285,1.5666666666666667,1.7233333333333332,10.109250000000001,8.884383333333332,10.721044444444445,9.321665476190475,9.830686706349207,9.906723518518517,10.197698611111111,20.4,20.7,20.4,22.4,18.9,23.74285714285714,22.08571428571429,21.77,22.12666666666667,24.0,10.3,16.385714285714286,13.414285714285715,20.2,10.0,2.7,11.0,21.7,10.153297222222223,0.2,19.8,24.1,9.0,0.3,21.3,21.5,9.210644444444444,0.0,14.3,24.1,7.799286111111111,0.0,18.0,0,22,13,26.88015002140376,1.229321940583958,-0.2293219405839584,645.1236005136902
2024-11-15,23.095752,1.0,1.0,21.8,19.3,6.6,8.9,10.123861111111111,2024,11,15,46,4,Friday,0,4,2024-11-01,2414136.0,0.0,0.0,0.0,0.0,0.0,0.0,0.0,24.14541,47.310159999999996,47.310848,21.270303,26.760357571428568,23.17608485,24.77318693,47.310848,0.0,6.1,0.6,0.0,0.0,1.0571428571428572,0.5285714285714286,1.7699999999999998,1.6733333333333331,10.0,4.653044444444444,10.4835,9.481039285714285,9.77918353174603,9.877829537037035,10.20794074074074,19.3,20.4,19.3,26.4,19.6,23.3,22.11428571428571,21.65333333333333,22.019999999999996,6.7,16.1,15.871428571428572,13.3,20.5,10.0,1.3,12.4,23.3,7.3917527777777785,2.1,19.3,23.9,10.096055555555557,0.0,19.4,21.5,8.063649999999999,1.4,14.4,23.2,9.0,0.0,19.4,0,21,14,26.88015002140376,1.229321940583958,-0.2293219405839584,645.1236005136902
2024-11-16,47.263338000000005,2.0,2.0,23.5,20.0,2.6,15.7,10.0,2024,11,16,46,5,Saturday,1,4,2024-11-01,2414136.0,0.0,0.0,0.0,0.0,0.0,0.0,0.0,23.095752,24.14541,47.310159999999996,0.0,27.021136000000002,24.82578142142857,24.01150093,47.310848,0.0,6.6,6.1,0.0,0.0,2.0,1.0,1.9833333333333334,1.6633333333333333,10.123861111111111,10.544727777777776,10.340880555555556,10.262584523809524,9.753495039682539,9.872920185185185,10.170749722222222,19.3,19.3,19.3,27.7,20.3,22.285714285714285,22.092857142857145,21.496666666666666,21.92,8.9,20.2,14.842857142857142,13.107142857142858,21.7,10.153297222222223,0.2,19.8,24.1,9.0,0.3,21.3,23.1,5.201916666666667,0.0,8.8,21.0,4.715577777777778,0.9,10.7,24.6,8.116911111111111,0.0,24.4,0,20,15,26.88015002140376,1.229321940583958,-0.2293219405839584,645.1236005136902
2024-11-17,0.0,0.0,0.0,24.6,20.2,2.7,11.0,10.0,2024,11,17,46,6,Sunday,1,4,2024-11-01,2414136.0,0.0,0.0,0.0,0.0,0.0,0.0,0.0,47.263338000000005,23.095752,24.14541,24.13243,33.77304142857143,26.562531707142856,24.821269363333332,47.310848,23.095752,2.6,6.6,0.0,0.0,2.371428571428571,1.1857142857142855,1.99,1.6633333333333333,10.0,10.475130555555555,9.674088888888889,10.18476626984127,9.729146428571427,9.880729537037038,10.125708425925927,20.0,19.3,20.0,26.4,20.4,21.185714285714283,22.071428571428573,21.41,21.826666666666664,15.7,16.8,14.200000000000001,13.421428571428573,23.3,7.3917527777777785,2.1,19.3,23.9,10.096055555555557,0.0,19.4,21.5,9.210644444444444,0.0,14.3,22.8,5.445458333333334,0.0,18.6,23.1,10.0,0.0,8.9,0,19,16,26.88015002140376,1.229321940583958,-0.2293219405839584,645.1236005136902
2024-11-18,67.6430306,3.0,1.0,23.5,20.5,1.3,12.4,10.0,2024,11,18,47,0,Monday,0,4,2024-11-01,2414136.0,0.0,0.0,0.0,0.0,0.0,0.0,0.0,0.0,47.263338000000005,23.095752,23.153352,30.32555142857143,24.91509292142857,23.28459183,47.310848,0.0,2.7,2.6,0.0,0.0,2.757142857142857,1.3785714285714286,2.08,1.6633333333333333,10.0,10.405344444444443,10.123083333333334,10.116890476190477,9.752425793650792,9.851915185185184,10.090741388888889,20.2,20.0,20.2,22.2,21.0,20.3,22.057142857142853,21.34333333333333,21.740000000000002,11.0,7.3,13.37142857142857,13.307142857142859,24.1,9.0,0.3,21.3,23.1,5.201916666666667,0.0,8.8,21.5,8.063649999999999,1.4,14.4,24.1,7.799286111111111,0.0,18.0,22.0,10.0,0.0,12.1,0,18,17,26.88015002140376,1.229321940583958,-0.2293219405839584,645.1236005136902
2024-11-19,48.156395,2.0,2.0,25.1,21.7,0.2,19.8,10.153297222222223,2024,11,19,47,1,Tuesday,0,4,2024-11-01,2414136.0,0.0,0.0,0.0,0.0,0.0,0.0,0.0,67.6430306,0.0,47.263338000000005,47.310848,36.6812198,28.236651685714286,25.539359516666664,67.6430306,0.0,1.3,2.7,0.7,0.0,2.9428571428571426,1.4714285714285713,2.1233333333333335,1.6633333333333333,10.0,10.179777777777778,10.513844444444443,10.058984126984127,9.743634126984125,9.82278101851852,10.063902777777777,20.5,20.2,20.5,20.7,21.2,20.057142857142857,22.02142857142857,21.31,21.663333333333338,12.4,20.0,14.1,13.542857142857143,23.9,10.096055555555557,0.0,19.4,21.5,9.210644444444444,0.0,14.3,21.0,4.715577777777778,0.9,10.7,23.2,9.0,0.0,19.4,20.4,10.0,5.2,17.3,0,17,18,26.88015002140376,1.229321940583958,-0.2293219405839584,645.1236005136902
2024-11-20,0.0,0.0,0.0,27.4,23.3,2.1,19.3,7.3917527777777785,2024,11,20,47,2,Wednesday,0,4,2024-11-01,2414136.0,0.0,0.0,0.0,0.0,0.0,0.0,0.0,48.156395,67.6430306,0.0,47.310159999999996,36.80201222857143,30.081661614285714,26.379875216666665,67.6430306,0.0,0.2,1.3,0.6,0.0,2.8714285714285714,1.4857142857142858,2.1300000000000003,1.6633333333333333,10.153297222222223,10.109250000000001,10.521513888888888,10.055201190476192,9.717880753968254,9.799765462962963,10.039720462962965,21.7,20.5,21.7,20.4,21.6,20.2,22.057142857142853,21.3,21.596666666666668,19.8,24.0,14.071428571428571,14.221428571428573,23.1,5.201916666666667,0.0,8.8,21.5,8.063649999999999,1.4,14.4,22.8,5.445458333333334,0.0,18.6,24.6,8.116911111111111,0.0,24.4,20.2,10.0,31.2,20.2,0,16,19,26.88015002140376,1.229321940583958,-0.2293219405839584,645.1236005136902
2024-11-21,0.0,0.0,0.0,27.4,24.1,0.3,21.3,9.0,2024,11,21,47,3,Thursday,0,4,2024-11-01,2414136.0,0.0,0.0,0.0,0.0,0.0,0.0,0.0,0.0,48.156395,67.6430306,24.14541,30.043417942857143,28.350585900000002,24.12490858333333,67.6430306,0.0,2.1,0.2,6.1,0.0,3.0857142857142854,1.6357142857142857,2.1666666666666665,1.6533333333333333,7.3917527777777785,10.0,8.884383333333332,9.666987301587302,9.49432638888889,10.005704814814814,9.963375833333334,23.3,21.7,23.3,19.3,22.4,20.614285714285717,22.178571428571427,21.366666666666667,21.57,19.3,6.7,13.4,14.892857142857142,21.5,9.210644444444444,0.0,14.3,21.0,4.715577777777778,0.9,10.7,24.1,7.799286111111111,0.0,18.0,23.1,10.0,0.0,8.9,19.7,10.0,0.1,11.4,0,15,20,26.88015002140376,1.229321940583958,-0.2293219405839584,645.1236005136902
2024-11-22,47.08318,2.0,2.0,28.1,23.9,0.0,19.4,10.096055555555557,2024,11,22,47,4,Friday,0,4,2024-11-01,2414136.0,0.0,0.0,0.0,0.0,0.0,0.0,0.0,0.0,0.0,48.156395,23.095752,26.59407365714286,26.677215614285718,24.12490858333333,67.6430306,0.0,0.3,2.1,6.6,0.0,2.257142857142857,1.657142857142857,1.99,1.6533333333333333,9.0,10.123861111111111,4.653044444444444,9.52413015873016,9.502584722222222,9.948655092592592,9.748404444444445,24.1,23.3,24.1,19.3,26.4,21.3,22.3,21.446666666666665,21.706666666666667,21.3,8.9,15.485714285714286,15.678571428571429,21.5,8.063649999999999,1.4,14.4,22.8,5.445458333333334,0.0,18.6,23.2,9.0,0.0,19.4,22.0,10.0,0.0,12.1,19.4,4.0,0.0,10.1,0,14,21,26.88015002140376,1.229321940583958,-0.2293219405839584,645.1236005136902
2024-11-23,24.075018,1.0,1.0,26.5,23.1,0.0,8.8,5.201916666666667,2024,11,23,47,5,Saturday,1,4,2024-11-01,2414136.0,0.0,0.0,0.0,0.0,0.0,0.0,0.0,47.08318,0.0,0.0,47.263338000000005,30.020849085714286,28.52099254285714,25.69434791666667,67.6430306,0.0,0.0,0.3,2.6,0.0,1.3142857142857143,1.657142857142857,1.9733333333333334,1.6533333333333333,10.096055555555557,10.0,10.544727777777776,9.520157936507937,9.89137123015873,9.93539611111111,9.729809074074073,23.9,24.1,23.9,20.0,27.7,21.957142857142856,22.12142857142857,21.513333333333332,21.849999999999998,19.4,15.7,16.985714285714288,15.914285714285715,21.0,4.715577777777778,0.9,10.7,24.1,7.799286111111111,0.0,18.0,24.6,8.116911111111111,0.0,24.4,20.4,10.0,5.2,17.3,19.8,3.7126777777777775,0.3,10.8,0,13,22,26.88015002140376,1.229321940583958,-0.2293219405839584,645.1236005136902
2024-11-24,24.241986,1.0,1.0,25.0,21.5,0.0,14.3,9.210644444444444,2024,11,24,47,6,Sunday,1,4,2024-11-01,2414136.0,0.0,0.0,0.0,0.0,0.0,0.0,0.0,24.075018,47.08318,0.0,0.0,26.708231942857143,30.240636685714286,25.693111083333335,67.6430306,0.0,0.0,0.0,2.7,0.0,0.9428571428571428,1.657142857142857,1.9733333333333334,1.6533333333333333,5.201916666666667,10.0,10.475130555555555,8.83471746031746,9.509741865079365,9.748766296296298,9.711329907407409,23.1,23.9,23.1,20.2,26.4,22.4,21.792857142857144,21.56,21.956666666666667,8.8,11.0,16.0,15.1,22.8,5.445458333333334,0.0,18.6,23.2,9.0,0.0,19.4,23.1,10.0,0.0,8.9,20.2,10.0,31.2,20.2,19.4,10.0,0.0,13.0,0,12,23,26.88015002140376,1.229321940583958,-0.2293219405839584,645.1236005136902
2024-11-25,24.084232,1.0,1.0,23.6,21.5,1.4,14.4,8.063649999999999,2024,11,25,48,0,Monday,0,4,2024-11-01,2414136.0,0.0,0.0,0.0,0.0,0.0,0.0,0.0,24.241986,24.075018,47.08318,67.6430306,30.1713728,30.24846211428571,25.736908083333336,67.6430306,0.0,0.0,0.0,1.3,0.0,0.5571428571428572,1.657142857142857,1.9633333333333334,1.6233333333333333,9.210644444444444,10.0,10.405344444444443,8.721952380952382,9.419421428571429,9.711361944444445,9.804273981481483,21.5,23.1,21.5,20.5,22.2,22.585714285714285,21.442857142857143,21.55,21.92,14.3,12.4,16.47142857142857,14.921428571428573,24.1,7.799286111111111,0.0,18.0,24.6,8.116911111111111,0.0,24.4,22.0,10.0,0.0,12.1,19.7,10.0,0.1,11.4,19.0,5.161569444444445,7.4,16.7,0,11,24,26.88015002140376,1.229321940583958,-0.2293219405839584,645.1236005136902
2024-11-26,45.209596,2.0,2.0,23.2,21.0,0.9,10.7,4.715577777777778,2024,11,26,48,1,Tuesday,0,4,2024-11-01,2414136.0,0.0,0.0,0.0,0.0,0.0,0.0,0.0,24.084232,24.241986,24.075018,48.156395,23.94868728571429,30.314953542857147,26.539715816666668,48.156395,0.0,1.4,0.0,0.2,0.7,0.5714285714285714,1.757142857142857,1.2733333333333332,1.5533333333333335,8.063649999999999,10.153297222222223,10.179777777777778,8.445330952380953,9.252157539682539,9.627136666666667,9.858353611111111,21.5,21.5,21.5,21.7,20.7,22.728571428571428,21.392857142857142,21.583333333333332,21.853333333333335,14.4,19.8,16.757142857142856,15.428571428571429,23.2,9.0,0.0,19.4,23.1,10.0,0.0,8.9,20.4,10.0,5.2,17.3,19.4,4.0,0.0,10.1,17.8,9.896738888888889,10.1,20.0,0,10,25,26.88015002140376,1.229321940583958,-0.2293219405839584,645.1236005136902
2024-11-27,47.392984,2.0,2.0,27.8,22.8,0.0,18.6,5.445458333333334,2024,11,27,48,2,Wednesday,0,4,2024-11-01,2414136.0,0.0,0.0,0.0,0.0,0.0,0.0,0.0,45.209596,24.084232,24.241986,0.0,23.527715999999998,30.164864114285713,26.479700716666667,47.08318,0.0,0.9,1.4,2.1,0.6,0.6714285714285715,1.7714285714285716,1.0766666666666667,1.5666666666666667,4.715577777777778,7.3917527777777785,10.109250000000001,7.6685138888888895,8.861857539682541,9.438612222222222,9.906723518518517,21.0,21.5,21.0,23.3,20.4,22.628571428571426,21.414285714285715,21.603333333333335,21.77,10.7,19.3,15.457142857142857,14.764285714285714,24.6,8.116911111111111,0.0,24.4,22.0,10.0,0.0,12.1,20.2,10.0,31.2,20.2,19.8,3.7126777777777775,0.3,10.8,17.9,10.0,1.2,19.0,0,9,26,26.88015002140376,1.229321940583958,-0.2293219405839584,645.1236005136902
2024-11-28,23.162607,1.0,1.0,29.6,24.1,0.0,18.0,7.799286111111111,2024,11,28,48,3,Thursday,0,4,2024-11-01,2414136.0,0.0,0.0,0.0,0.0,0.0,0.0,0.0,47.392984,45.209596,24.084232,0.0,30.298142285714285,30.170780114285716,26.493735249999997,47.392984,0.0,0.0,0.9,0.3,6.1,0.37142857142857144,1.7285714285714284,0.9166666666666666,1.7699999999999998,5.445458333333334,9.0,10.0,7.3904718253968245,8.528729563492064,9.266618425925925,9.877829537037035,22.8,21.0,22.8,24.1,19.3,22.557142857142857,21.585714285714285,21.680000000000003,21.65333333333333,18.6,21.3,15.357142857142858,14.37857142857143,23.1,10.0,0.0,8.9,20.4,10.0,5.2,17.3,19.7,10.0,0.1,11.4,19.4,10.0,0.0,13.0,17.9,10.0,0.0,15.7,0,8,27,26.88015002140376,1.229321940583958,-0.2293219405839584,645.1236005136902
2024-11-29,23.19279,1.0,1.0,27.1,23.2,0.0,19.4,9.0,2024,11,29,48,4,Friday,0,4,2024-11-01,2414136.0,0.0,0.0,0.0,0.0,0.0,0.0,0.0,23.162607,47.392984,45.209596,47.08318,33.60708614285714,30.100579900000003,26.465407883333334,47.392984,23.162607,0.0,0.0,0.0,6.6,0.3285714285714286,1.292857142857143,0.85,1.9833333333333334,7.799286111111111,10.096055555555557,10.123861111111111,7.218941269841271,8.371535714285715,9.185462314814815,9.872920185185185,24.1,22.8,24.1,23.9,19.3,22.557142857142857,21.928571428571427,21.82333333333333,21.496666666666666,18.0,19.4,14.885714285714284,15.185714285714287,22.0,10.0,0.0,12.1,20.2,10.0,31.2,20.2,19.4,4.0,0.0,10.1,19.0,5.161569444444445,7.4,16.7,17.7,9.342058333333334,0.0,17.1,0,7,28,26.88015002140376,1.229321940583958,-0.2293219405839584,645.1236005136902
2024-11-30,23.9985,1.0,1.0,29.8,24.6,0.0,24.4,8.116911111111111,2024,11,30,48,5,Saturday,1,4,2024-11-01,2414136.0,0.0,0.0,0.0,0.0,0.0,0.0,0.0,23.19279,23.162607,47.392984,24.075018,30.19417328571429,30.107511185714287,26.435787916666666,47.392984,23.162607,0.0,0.0,0.0,2.6,0.3285714285714286,0.8214285714285714,0.85,1.99,9.0,5.201916666666667,10.0,7.0623619047619055,8.29125992063492,9.127703796296295,9.880729537037038,23.2,24.1,23.2,23.1,20.0,22.45714285714286,22.20714285714286,21.956666666666667,21.41,19.4,8.8,14.885714285714286,15.935714285714285,20.4,10.0,5.2,17.3,19.7,10.0,0.1,11.4,19.8,3.7126777777777775,0.3,10.8,17.8,9.896738888888889,10.1,20.0,19.4,9.146138888888888,0.3,23.8,0,6,29,26.88015002140376,1.229321940583958,-0.2293219405839584,645.1236005136902
2024-12-01,22.869793,1.0,1.0,27.6,23.1,0.0,8.9,10.0,2024,12,1,48,6,Sunday,1,4,2024-12-01,2448513.0,0.0,0.0,0.0,0.0,0.0,0.0,0.0,23.9985,23.19279,23.162607,24.241986,30.183242142857143,28.44573704285714,26.43548655,47.392984,23.162607,0.0,0.0,0.0,2.7,0.3285714285714286,0.6357142857142858,0.85,2.08,8.116911111111111,9.210644444444444,10.0,7.4787896825396825,8.156753571428572,9.040899351851852,9.851915185185184,24.6,23.2,24.6,21.5,20.2,22.671428571428574,22.535714285714285,22.146666666666665,21.34333333333333,24.4,14.3,17.114285714285717,16.557142857142857,20.2,10.0,31.2,20.2,19.4,4.0,0.0,10.1,19.4,10.0,0.0,13.0,17.9,10.0,1.2,19.0,20.3,4.2363888888888885,7.4,27.8,0,5,30,21.50112066042215,1.229321940583958,-0.2293219405839584,516.0268958501316
2024-12-02,23.096861,1.0,1.0,25.9,22.0,0.0,12.1,10.0,2024,12,2,49,0,Monday,0,4,2024-12-01,2448513.0,0.0,0.0,0.0,0.0,0.0,0.0,0.0,22.869793,23.9985,23.19279,24.084232,29.987214571428574,30.079293685714283,27.197812983333332,47.392984,22.869793,0.0,0.0,1.4,1.3,0.3285714285714286,0.4428571428571429,0.85,2.1233333333333335,10.0,8.063649999999999,10.0,7.591554761904762,8.156753571428572,9.024782685185185,9.82278101851852,23.1,24.6,23.1,21.5,20.5,22.900000000000002,22.742857142857144,22.263333333333335,21.31,8.9,14.4,16.34285714285714,16.40714285714286,19.7,10.0,0.1,11.4,19.8,3.7126777777777775,0.3,10.8,19.0,5.161569444444445,7.4,16.7,17.9,10.0,0.0,15.7,23.3,10.0,0.1,29.3,0,4,31,21.50112066042215,1.229321940583958,-0.2293219405839584,516.0268958501316
2024-12-03,23.036848,1.0,1.0,22.8,20.4,5.2,17.3,10.0,2024,12,3,49,1,Tuesday,0,4,2024-12-01,2448513.0,0.0,0.0,0.0,0.0,0.0,0.0,0.0,23.096861,22.869793,23.9985,45.209596,29.84616157142857,26.89742442857143,27.20274721666667,47.392984,22.869793,0.0,0.0,0.9,0.2,0.1285714285714286,0.35,0.85,2.1300000000000003,10.0,4.715577777777778,10.153297222222223,7.86817619047619,8.156753571428572,9.013419999999998,9.799765462962963,22.0,23.1,22.0,21.0,21.7,22.97142857142857,22.85,22.32,21.3,12.1,10.7,16.014285714285712,16.385714285714286,19.4,4.0,0.0,10.1,19.4,10.0,0.0,13.0,17.8,9.896738888888889,10.1,20.0,17.7,9.342058333333334,0.0,17.1,20.9,10.0,0.0,29.2,0,3,32,21.50112066042215,1.229321940583958,-0.2293219405839584,516.0268958501316
2024-12-04,23.092582,1.0,1.0,22.4,20.2,31.2,20.2,10.0,2024,12,4,49,2,Wednesday,0,4,2024-12-01,2448513.0,0.0,0.0,0.0,0.0,0.0,0.0,0.0,23.036848,23.096861,22.869793,47.392984,26.678626142857144,25.10317107142857,27.201837383333334,47.392984,22.869793,5.2,0.0,0.0,2.1,0.7428571428571429,0.7071428571428571,1.0233333333333334,2.1666666666666665,10.0,5.445458333333334,7.3917527777777785,8.62309365079365,8.14580376984127,9.024283703703702,10.005704814814814,20.4,22.0,20.4,22.8,23.3,22.88571428571429,22.75714285714286,22.32,21.366666666666667,17.3,18.6,16.95714285714286,16.20714285714286,19.8,3.7126777777777775,0.3,10.8,19.0,5.161569444444445,7.4,16.7,17.9,10.0,1.2,19.0,19.4,9.146138888888888,0.3,23.8,19.0,10.0,0.0,26.2,0,2,33,21.50112066042215,1.229321940583958,-0.2293219405839584,516.0268958501316
2024-12-05,24.161344,1.0,1.0,21.7,19.7,0.1,11.4,10.0,2024,12,5,49,3,Thursday,0,4,2024-12-01,2448513.0,0.0,0.0,0.0,0.0,0.0,0.0,0.0,23.092582,23.036848,23.096861,23.162607,23.207140142857146,26.752641214285713,27.26688318666667,23.9985,22.869793,31.2,5.2,0.0,0.3,5.2,2.7857142857142856,2.0633333333333335,1.99,10.0,7.799286111111111,9.0,9.273742460317461,8.332107142857144,9.020180925925926,9.948655092592592,20.2,20.4,20.2,24.1,24.1,22.514285714285712,22.535714285714285,22.293333333333333,21.446666666666665,20.2,18.0,17.185714285714283,16.271428571428572,19.4,10.0,0.0,13.0,17.8,9.896738888888889,10.1,20.0,17.9,10.0,0.0,15.7,20.3,4.2363888888888885,7.4,27.8,18.8,10.0,0.0,20.2,0,1,34,21.50112066042215,1.229321940583958,-0.2293219405839584,516.0268958501316
2024-12-06,23.084748,1.0,1.0,21.0,19.4,0.0,10.1,4.0,2024,12,6,49,4,Friday,0,4,2024-12-01,2448513.0,0.0,0.0,0.0,0.0,0.0,0.0,0.0,24.161344,23.092582,23.036848,23.19279,23.349816857142855,28.4784515,27.328052786666667,24.161344,22.869793,0.1,31.2,0.0,0.0,5.214285714285714,2.7714285714285714,2.066666666666667,1.9733333333333334,10.0,9.0,10.096055555555557,9.588130158730158,8.403535714285715,9.003052777777777,9.93539611111111,19.7,20.2,19.7,23.2,23.9,21.88571428571429,22.22142857142857,22.243333333333332,21.513333333333332,11.4,19.4,16.24285714285714,15.564285714285715,19.0,5.161569444444445,7.4,16.7,17.9,10.0,1.2,19.0,17.7,9.342058333333334,0.0,17.1,23.3,10.0,0.1,29.3,18.4,10.0,0.0,10.0,1,0,0,21.50112066042215,1.229321940583958,-0.2293219405839584,516.0268958501316
2024-12-07,23.164174,1.0,1.0,22.5,19.8,0.3,10.8,3.7126777777777775,2024,12,7,49,5,Saturday,1,4,2024-12-01,2448513.0,0.0,0.0,0.0,0.0,0.0,0.0,0.0,23.084748,24.161344,23.092582,23.9985,23.334382285714288,26.764277785714288,27.289709053333336,24.161344,22.869793,0.0,0.1,0.0,0.0,5.214285714285714,2.7714285714285714,2.066666666666667,1.9733333333333334,4.0,8.116911111111111,5.201916666666667,8.873844444444444,7.968103174603175,8.78566898148148,9.748766296296298,19.4,19.7,19.4,24.6,23.1,21.342857142857138,21.900000000000002,22.17,21.56,10.1,24.4,14.914285714285715,14.9,17.8,9.896738888888889,10.1,20.0,17.9,10.0,0.0,15.7,19.4,9.146138888888888,0.3,23.8,20.9,10.0,0.0,29.2,17.7,10.0,12.0,20.9,0,18,1,21.50112066042215,1.229321940583958,-0.2293219405839584,516.0268958501316
2024-12-08,24.09167,1.0,1.0,21.7,19.4,0.0,13.0,10.0,2024,12,8,49,6,Sunday,1,4,2024-12-01,2448513.0,0.0,0.0,0.0,0.0,0.0,0.0,0.0,23.164174,23.084748,24.161344,22.869793,23.215192857142856,26.6992175,27.280942053333334,24.161344,22.869793,0.3,0.0,0.0,0.0,5.257142857142857,2.792857142857143,2.0766666666666667,1.9633333333333334,3.7126777777777775,10.0,9.210644444444444,8.244668253968253,7.861728968253969,8.613278796296298,9.711361944444445,19.8,19.4,19.8,23.1,21.5,20.657142857142855,21.664285714285715,22.083333333333332,21.55,10.8,8.9,12.971428571428572,15.042857142857144,17.9,10.0,1.2,19.0,17.7,9.342058333333334,0.0,17.1,20.3,4.2363888888888885,7.4,27.8,19.0,10.0,0.0,26.2,16.9,10.0,4.9,22.2,0,17,2,21.50112066042215,1.229321940583958,-0.2293219405839584,516.0268958501316
2024-12-09,0.0,0.0,0.0,20.1,19.0,7.4,16.7,5.161569444444445,2024,12,9,50,0,Monday,0,4,2024-12-01,2448513.0,0.0,0.0,0.0,0.0,0.0,0.0,0.0,24.09167,23.164174,23.084748,23.096861,23.389746714285714,26.688480642857144,27.374987620000002,24.161344,23.036848,0.0,0.3,0.0,1.4,5.257142857142857,2.792857142857143,2.0766666666666667,1.2733333333333332,10.0,10.0,8.063649999999999,8.244668253968253,7.918111507936508,8.791510648148149,9.627136666666667,19.4,19.8,19.4,22.0,21.5,20.12857142857143,21.514285714285712,21.85,21.583333333333332,13.0,12.1,13.557142857142859,14.950000000000001,17.9,10.0,0.0,15.7,19.4,9.146138888888888,0.3,23.8,23.3,10.0,0.1,29.3,18.8,10.0,0.0,20.2,17.3,7.718972222222222,36.0,22.7,0,16,3,21.50112066042215,1.229321940583958,-0.2293219405839584,516.0268958501316
2024-12-10,23.16548,1.0,1.0,19.2,17.8,10.1,20.0,9.896738888888889,2024,12,10,50,1,Tuesday,0,4,2024-12-01,2448513.0,0.0,0.0,0.0,0.0,0.0,0.0,0.0,0.0,24.09167,23.164174,23.036848,20.090195142857144,24.968178357142854,27.374987620000002,24.161344,0.0,7.4,0.0,5.2,0.9,6.314285714285715,3.221428571428571,2.3233333333333333,1.0766666666666667,5.161569444444445,10.0,4.715577777777778,7.553463888888889,7.71082003968254,8.612072037037036,9.438612222222222,19.0,19.4,19.0,20.4,21.0,19.7,21.335714285714285,21.560000000000002,21.603333333333335,16.7,17.3,14.214285714285714,15.114285714285714,17.7,9.342058333333334,0.0,17.1,20.3,4.2363888888888885,7.4,27.8,20.9,10.0,0.0,29.2,18.4,10.0,0.0,10.0,18.4,10.0,0.1,18.2,0,15,4,21.50112066042215,1.229321940583958,-0.2293219405839584,516.0268958501316
2024-12-11,24.128033,1.0,1.0,19.5,17.9,1.2,19.0,10.0,2024,12,11,50,2,Wednesday,0,4,2024-12-01,2448513.0,0.0,0.0,0.0,0.0,0.0,0.0,0.0,23.16548,0.0,24.09167,23.092582,20.10857114285714,23.393598642857143,27.342755953333334,24.161344,0.0,10.1,7.4,31.2,0.0,7.014285714285713,3.8785714285714286,2.6599999999999997,0.9166666666666666,9.896738888888889,10.0,5.445458333333334,7.538712301587302,8.080902976190476,8.592792314814814,9.266618425925925,17.8,19.0,17.8,20.2,22.8,19.328571428571426,21.107142857142858,21.27333333333333,21.680000000000003,20.0,20.2,14.599999999999998,15.778571428571428,19.4,9.146138888888888,0.3,23.8,23.3,10.0,0.1,29.3,19.0,10.0,0.0,26.2,17.7,10.0,12.0,20.9,19.3,10.0,0.0,16.9,0,14,5,21.50112066042215,1.229321940583958,-0.2293219405839584,516.0268958501316
2024-12-12,23.110113,1.0,1.0,20.4,17.9,0.0,15.7,10.0,2024,12,12,50,3,Thursday,0,4,2024-12-01,2448513.0,0.0,0.0,0.0,0.0,0.0,0.0,0.0,24.128033,23.16548,0.0,24.161344,20.256492714285717,21.731816428571427,27.375245319999998,24.161344,0.0,1.2,10.1,0.1,0.0,2.7285714285714286,3.964285714285714,2.7,0.85,10.0,10.0,7.799286111111111,7.538712301587302,8.406227380952382,8.579280833333334,9.185462314814815,17.9,17.8,17.9,19.7,24.1,19.0,20.757142857142856,21.13,21.82333333333333,19.0,11.4,14.428571428571429,15.807142857142859,20.3,4.2363888888888885,7.4,27.8,20.9,10.0,0.0,29.2,18.8,10.0,0.0,20.2,16.9,10.0,4.9,22.2,17.3,10.0,1.6,7.5,0,13,6,21.50112066042215,1.229321940583958,-0.2293219405839584,516.0268958501316
2024-12-13,23.006873,1.0,1.0,20.8,17.7,0.0,17.1,9.342058333333334,2024,12,13,50,4,Friday,0,4,2024-12-01,2448513.0,0.0,0.0,0.0,0.0,0.0,0.0,0.0,23.110113,24.128033,23.16548,23.084748,20.106316857142854,21.72806685714286,26.56855415333333,24.128033,0.0,0.0,1.2,0.0,0.0,2.7142857142857144,3.964285714285714,2.6766666666666667,0.85,10.0,4.0,9.0,7.538712301587302,8.56342123015873,8.573288240740741,9.127703796296295,17.9,17.9,17.9,19.4,23.2,18.74285714285714,20.314285714285717,21.03666666666667,21.956666666666667,15.7,10.1,15.042857142857143,15.642857142857142,23.3,10.0,0.1,29.3,19.0,10.0,0.0,26.2,18.4,10.0,0.0,10.0,17.3,7.718972222222222,36.0,22.7,17.8,10.0,0.0,11.9,0,12,7,21.50112066042215,1.229321940583958,-0.2293219405839584,516.0268958501316
2024-12-14,23.987197,1.0,1.0,21.8,19.4,0.3,23.8,9.146138888888888,2024,12,14,50,5,Saturday,1,4,2024-12-01,2448513.0,0.0,0.0,0.0,0.0,0.0,0.0,0.0,23.006873,23.110113,24.128033,23.164174,20.095191857142854,21.71478707142857,25.758444586666666,24.128033,0.0,0.0,0.0,0.3,0.0,2.7142857142857144,3.964285714285714,2.6566666666666667,0.85,9.342058333333334,3.7126777777777775,8.116911111111111,8.301863492063493,8.587853968253969,8.547715185185185,9.040899351851852,17.7,17.9,17.7,19.8,24.6,18.5,19.92142857142857,20.946666666666665,22.146666666666665,17.1,10.8,16.04285714285714,15.47857142857143,20.9,10.0,0.0,29.2,18.8,10.0,0.0,20.2,17.7,10.0,12.0,20.9,18.4,10.0,0.1,18.2,18.0,10.0,0.2,10.5,0,11,8,21.50112066042215,1.229321940583958,-0.2293219405839584,516.0268958501316
2024-12-15,22.801615,1.0,1.0,22.6,20.3,7.4,27.8,4.2363888888888885,2024,12,15,50,6,Sunday,1,4,2024-12-01,2448513.0,0.0,0.0,0.0,0.0,0.0,0.0,0.0,23.987197,23.006873,23.110113,24.09167,20.21276657142857,21.713979714285717,25.75317082,24.128033,0.0,0.3,0.0,0.0,0.0,2.7142857142857144,3.9857142857142853,2.463333333333333,0.85,9.146138888888888,10.0,10.0,9.078072222222222,8.661370238095238,8.519253148148149,9.024782685185185,19.4,17.7,19.4,19.4,23.1,18.442857142857143,19.55,20.95,22.263333333333335,23.8,13.0,17.9,15.435714285714285,19.0,10.0,0.0,26.2,18.4,10.0,0.0,10.0,16.9,10.0,4.9,22.2,19.3,10.0,0.0,16.9,17.4,10.0,0.4,14.7,0,10,9,21.50112066042215,1.229321940583958,-0.2293219405839584,516.0268958501316
2024-12-16,23.005201,1.0,1.0,26.0,23.3,0.1,29.3,10.0,2024,12,16,51,0,Monday,0,4,2024-12-01,2448513.0,0.0,0.0,0.0,0.0,0.0,0.0,0.0,22.801615,23.987197,23.006873,0.0,20.028472999999998,21.70910985714286,25.74336625333333,24.128033,0.0,7.4,0.3,7.4,0.0,3.771428571428572,4.514285714285714,2.49,0.85,4.2363888888888885,5.161569444444445,10.0,8.254699206349207,8.249683730158731,8.323004074074074,9.013419999999998,20.3,19.4,20.3,19.0,22.0,18.571428571428573,19.349999999999998,20.983333333333334,22.32,27.8,16.7,20.014285714285712,16.785714285714285,18.8,10.0,0.0,20.2,17.7,10.0,12.0,20.9,17.3,7.718972222222222,36.0,22.7,17.3,10.0,1.6,7.5,17.0,10.0,0.0,16.3,0,9,10,21.50112066042215,1.229321940583958,-0.2293219405839584,516.0268958501316
2024-12-17,24.243193,1.0,1.0,22.7,20.9,0.0,29.2,10.0,2024,12,17,51,1,Tuesday,0,4,2024-12-01,2448513.0,0.0,0.0,0.0,0.0,0.0,0.0,0.0,23.005201,22.801615,23.987197,23.16548,23.314930285714286,21.702562714285715,24.934761686666665,24.128033,22.801615,0.1,7.4,10.1,5.2,2.7285714285714286,4.521428571428571,2.4066666666666667,1.0233333333333334,10.0,9.896738888888889,10.0,8.945903571428572,8.249683730158731,8.323004074074074,9.024283703703702,23.3,20.3,23.3,17.8,20.4,19.185714285714283,19.442857142857143,21.09333333333333,22.32,29.3,20.0,21.814285714285717,18.014285714285712,18.4,10.0,0.0,10.0,16.9,10.0,4.9,22.2,18.4,10.0,0.1,18.2,17.8,10.0,0.0,11.9,16.6,10.0,0.0,16.0,0,8,11,21.50112066042215,1.229321940583958,-0.2293219405839584,516.0268958501316
2024-12-18,23.132104,1.0,1.0,21.7,19.0,0.0,26.2,10.0,2024,12,18,51,2,Wednesday,0,4,2024-12-01,2448513.0,0.0,0.0,0.0,0.0,0.0,0.0,0.0,24.243193,23.005201,22.801615,24.128033,23.468889285714287,21.788730214285714,25.74286812,24.243193,22.801615,0.0,0.1,1.2,31.2,1.2857142857142858,4.15,2.316666666666667,2.0633333333333335,10.0,10.0,10.0,8.960655158730159,8.249683730158731,8.323004074074074,9.020180925925926,20.9,23.3,20.9,17.9,20.2,19.628571428571426,19.478571428571428,21.116666666666667,22.293333333333333,29.2,19.0,23.12857142857143,18.86428571428571,17.7,10.0,12.0,20.9,17.3,7.718972222222222,36.0,22.7,19.3,10.0,0.0,16.9,18.0,10.0,0.2,10.5,16.4,9.805366666666666,0.0,12.5,0,7,12,21.50112066042215,1.229321940583958,-0.2293219405839584,516.0268958501316
2024-12-19,24.22546,1.0,1.0,22.3,18.8,0.0,20.2,10.0,2024,12,19,51,3,Thursday,0,4,2024-12-01,2448513.0,0.0,0.0,0.0,0.0,0.0,0.0,0.0,23.132104,24.243193,23.005201,23.110113,23.326613714285717,21.791553214285717,24.25917056666667,24.243193,22.801615,0.0,0.0,0.0,0.1,1.1142857142857143,1.9214285714285713,2.2733333333333334,2.066666666666667,10.0,10.0,10.0,8.960655158730159,8.249683730158731,8.323004074074074,9.003052777777777,19.0,20.9,19.0,17.9,19.7,19.785714285714285,19.392857142857142,21.066666666666666,22.243333333333332,26.2,15.7,24.157142857142862,19.292857142857144,16.9,10.0,4.9,22.2,18.4,10.0,0.1,18.2,17.3,10.0,1.6,7.5,17.4,10.0,0.4,14.7,16.8,7.547883333333334,0.7,16.3,0,6,13,21.50112066042215,1.229321940583958,-0.2293219405839584,516.0268958501316
2024-12-20,23.19483,1.0,1.0,20.8,18.4,0.0,10.0,10.0,2024,12,20,51,4,Friday,0,4,2024-12-01,2448513.0,0.0,0.0,0.0,0.0,0.0,0.0,0.0,24.22546,23.132104,24.243193,23.006873,23.485949,21.79613292857143,23.461472733333334,24.243193,22.801615,0.0,0.0,0.0,0.0,1.1142857142857143,1.9142857142857141,2.2666666666666666,2.066666666666667,10.0,9.342058333333334,4.0,8.960655158730159,8.249683730158731,8.317894166666667,8.78566898148148,18.8,19.0,18.8,17.7,19.4,19.914285714285715,19.32857142857143,20.970000000000002,22.17,20.2,17.1,24.8,19.921428571428574,17.3,7.718972222222222,36.0,22.7,19.3,10.0,0.0,16.9,17.8,10.0,0.0,11.9,17.0,10.0,0.0,16.3,17.1,10.0,0.0,22.3,0,5,14,21.50112066042215,1.229321940583958,-0.2293219405839584,516.0268958501316
2024-12-21,0.0,0.0,0.0,18.8,17.7,12.0,20.9,10.0,2024,12,21,51,5,Saturday,1,4,2024-12-01,2448513.0,0.0,0.0,0.0,0.0,0.0,0.0,0.0,23.19483,24.22546,23.132104,23.987197,23.5128,21.803995928571428,24.234633733333336,24.243193,22.801615,0.0,0.0,0.3,0.3,1.1142857142857143,1.9142857142857141,2.1966666666666663,2.0766666666666667,10.0,9.146138888888888,3.7126777777777775,9.054646825396826,8.678255158730158,8.404835740740742,8.613278796296298,18.4,18.8,18.4,19.4,19.8,20.014285714285712,19.257142857142856,20.80666666666667,22.083333333333332,10.0,23.8,23.785714285714285,19.914285714285715,18.4,10.0,0.1,18.2,17.3,10.0,1.6,7.5,18.0,10.0,0.2,10.5,16.6,10.0,0.0,16.0,17.3,10.0,0.0,17.0,0,4,15,21.50112066042215,1.229321940583958,-0.2293219405839584,516.0268958501316
2024-12-22,23.140395,1.0,1.0,18.9,16.9,4.9,22.2,10.0,2024,12,22,51,6,Sunday,1,4,2024-12-01,2448513.0,0.0,0.0,0.0,0.0,0.0,0.0,0.0,0.0,23.19483,24.22546,22.801615,20.086057571428572,20.14941207142857,24.234633733333336,24.243193,0.0,12.0,0.0,7.4,0.0,2.7857142857142856,2.75,2.5866666666666664,2.0766666666666667,10.0,4.2363888888888885,10.0,9.176626984126985,9.127349603174604,8.438169074074075,8.791510648148149,17.7,18.4,17.7,20.3,19.4,19.771428571428572,19.107142857142858,20.593333333333337,21.85,20.9,27.8,23.37142857142857,20.635714285714283,19.3,10.0,0.0,16.9,17.8,10.0,0.0,11.9,17.4,10.0,0.4,14.7,16.4,9.805366666666666,0.0,12.5,16.9,10.0,0.0,9.6,0,3,16,21.50112066042215,1.229321940583958,-0.2293219405839584,516.0268958501316
2024-12-23,24.198658,1.0,1.0,19.9,17.3,36.0,22.7,7.718972222222222,2024,12,23,52,0,Monday,0,4,2024-12-01,2448513.0,0.0,0.0,0.0,0.0,0.0,0.0,0.0,23.140395,0.0,23.19483,23.005201,20.134454714285717,20.081463857142857,23.4365409,24.243193,0.0,4.9,12.0,0.1,7.4,2.4285714285714284,3.1,2.75,2.3233333333333333,10.0,10.0,5.161569444444445,10.0,9.127349603174604,8.434967222222221,8.612072037037036,16.9,17.7,16.9,23.3,19.0,19.285714285714285,18.928571428571427,20.360000000000003,21.560000000000002,22.2,29.3,22.571428571428573,21.29285714285714,17.3,10.0,1.6,7.5,18.0,10.0,0.2,10.5,17.0,10.0,0.0,16.3,16.8,7.547883333333334,0.7,16.3,18.1,10.0,0.0,13.1,0,2,17,21.50112066042215,1.229321940583958,-0.2293219405839584,516.0268958501316
2024-12-24,24.205242,1.0,1.0,20.8,18.4,0.1,18.2,10.0,2024,12,24,52,1,Tuesday,0,4,2024-12-01,2448513.0,0.0,0.0,0.0,0.0,0.0,0.0,0.0,24.198658,23.140395,0.0,24.243193,20.304948571428575,21.80993942857143,23.44066223333333,24.243193,0.0,36.0,4.9,0.0,10.1,7.557142857142857,5.142857142857143,3.95,2.6599999999999997,7.718972222222222,10.0,9.896738888888889,9.674138888888889,9.310021230158728,8.518869074074074,8.592792314814814,17.3,16.9,17.3,20.9,17.8,18.428571428571427,18.807142857142857,20.166666666666668,21.27333333333333,22.7,29.2,21.628571428571426,21.72142857142857,17.8,10.0,0.0,11.9,17.4,10.0,0.4,14.7,16.6,10.0,0.0,16.0,17.1,10.0,0.0,22.3,18.1,8.0,0.5,17.4,0,1,18,21.50112066042215,1.229321940583958,-0.2293219405839584,516.0268958501316
2024-12-25,22.819992,1.0,1.0,23.6,19.3,0.0,16.9,10.0,2024,12,25,52,2,Wednesday,0,4,2024-12-01,2448513.0,0.0,0.0,0.0,0.0,0.0,0.0,0.0,24.205242,24.198658,23.140395,23.132104,20.299527,21.884208142857144,23.43943743333333,24.22546,0.0,0.1,36.0,0.0,1.2,7.571428571428571,4.428571428571429,3.953333333333333,2.7,10.0,10.0,10.0,9.674138888888889,9.317397023809523,8.545180925925926,8.579280833333334,18.4,17.3,18.4,19.0,17.9,18.071428571428573,18.849999999999998,20.063333333333333,21.13,18.2,26.2,20.057142857142857,21.592857142857145,18.0,10.0,0.2,10.5,17.0,10.0,0.0,16.3,16.4,9.805366666666666,0.0,12.5,17.3,10.0,0.0,17.0,17.2,7.185783333333333,0.0,11.7,1,0,0,21.50112066042215,1.229321940583958,-0.2293219405839584,516.0268958501316
2024-12-26,24.047912,1.0,1.0,20.6,17.3,1.6,7.5,10.0,2024,12,26,52,3,Thursday,0,4,2024-12-01,2448513.0,0.0,0.0,0.0,0.0,0.0,0.0,0.0,22.819992,24.205242,24.198658,24.22546,20.254939571428572,21.790776642857143,23.397296100000002,24.22546,0.0,0.0,0.1,0.0,0.0,7.571428571428571,4.3428571428571425,3.9066666666666667,2.6766666666666667,10.0,10.0,10.0,9.674138888888889,9.317397023809523,8.609725925925925,8.573288240740741,19.3,18.4,19.3,18.8,17.9,18.114285714285714,18.949999999999996,19.990000000000002,21.03666666666667,16.9,20.2,18.728571428571428,21.442857142857143,17.4,10.0,0.4,14.7,16.6,10.0,0.0,16.0,16.8,7.547883333333334,0.7,16.3,16.9,10.0,0.0,9.6,17.8,10.0,0.0,17.2,0,6,1,21.50112066042215,1.229321940583958,-0.2293219405839584,516.0268958501316
2024-12-27,0.0,0.0,0.0,20.8,17.8,0.0,11.9,10.0,2024,12,27,52,4,Friday,0,4,2024-12-01,2448513.0,0.0,0.0,0.0,0.0,0.0,0.0,0.0,24.047912,22.819992,24.205242,23.19483,20.22957557142857,21.85776228571429,22.691906633333335,24.205242,0.0,1.6,0.0,0.0,0.0,7.8,4.457142857142857,3.93,2.6566666666666667,10.0,10.0,9.342058333333334,9.674138888888889,9.317397023809523,8.785873333333333,8.547715185185185,17.3,19.3,17.3,18.4,17.7,17.9,18.907142857142855,19.866666666666667,20.946666666666665,7.5,10.0,16.914285714285715,20.857142857142858,17.0,10.0,0.0,16.3,16.4,9.805366666666666,0.0,12.5,17.1,10.0,0.0,22.3,18.1,10.0,0.0,13.1,18.3,10.0,0.0,16.6,0,5,2,21.50112066042215,1.229321940583958,-0.2293219405839584,516.0268958501316
2024-12-28,0.0,0.0,0.0,21.2,18.0,0.2,10.5,10.0,2024,12,28,52,5,Saturday,1,4,2024-12-01,2448513.0,0.0,0.0,0.0,0.0,0.0,0.0,0.0,0.0,24.047912,22.819992,0.0,16.91602842857143,20.214414214285714,21.112140500000002,24.205242,0.0,0.0,1.6,12.0,0.3,7.8,4.457142857142857,3.93,2.463333333333333,10.0,10.0,9.146138888888888,9.674138888888889,9.364392857142857,8.937691388888888,8.519253148148149,17.8,17.3,17.8,17.7,19.4,17.814285714285713,18.914285714285715,19.7,20.95,11.9,20.9,17.185714285714287,20.485714285714288,16.6,10.0,0.0,16.0,16.8,7.547883333333334,0.7,16.3,17.3,10.0,0.0,17.0,18.1,8.0,0.5,17.4,18.8,10.0,0.0,16.8,0,4,3,21.50112066042215,1.229321940583958,-0.2293219405839584,516.0268958501316
2024-12-29,0.0,0.0,0.0,20.4,17.4,0.4,14.7,10.0,2024,12,29,52,6,Sunday,1,4,2024-12-01,2448513.0,0.0,0.0,0.0,0.0,0.0,0.0,0.0,0.0,0.0,24.047912,23.140395,16.91602842857143,18.501043000000003,20.340053599999997,24.205242,0.0,0.2,0.0,4.9,7.4,6.114285714285714,4.45,3.936666666666667,2.49,10.0,10.0,4.2363888888888885,9.674138888888889,9.425382936507935,9.011048518518518,8.323004074074074,18.0,17.8,18.0,16.9,20.3,17.857142857142858,18.814285714285717,19.49666666666667,20.983333333333334,10.5,22.2,15.700000000000001,19.535714285714285,16.4,9.805366666666666,0.0,12.5,17.1,10.0,0.0,22.3,16.9,10.0,0.0,9.6,17.2,7.185783333333333,0.0,11.7,18.4,10.0,0.0,11.0,0,3,4,21.50112066042215,1.229321940583958,-0.2293219405839584,516.0268958501316
2024-12-30,48.343216999999996,2.0,2.0,20.6,17.0,0.0,16.3,10.0,2024,12,30,1,0,Monday,0,4,2024-12-01,2448513.0,0.0,0.0,0.0,0.0,0.0,0.0,0.0,0.0,0.0,0.0,24.198658,13.610257714285714,16.872356214285713,19.5669606,24.205242,0.0,0.4,0.2,36.0,0.1,5.471428571428571,3.9499999999999993,3.95,2.4066666666666667,10.0,7.718972222222222,10.0,9.674138888888889,9.837069444444444,9.04438185185185,8.323004074074074,17.4,18.0,17.4,17.3,23.3,17.928571428571427,18.607142857142858,19.303333333333335,21.09333333333333,14.7,22.7,14.628571428571428,18.599999999999998,16.8,7.547883333333334,0.7,16.3,17.3,10.0,0.0,17.0,18.1,10.0,0.0,13.1,17.8,10.0,0.0,17.2,18.6,9.749475,2.9,19.4,0,2,5,21.50112066042215,1.229321940583958,-0.2293219405839584,516.0268958501316
2024-12-31,23.00965,1.0,1.0,19.7,16.6,0.0,16.0,10.0,2024,12,31,1,1,Tuesday,0,4,2024-12-01,2448513.0,0.0,0.0,0.0,0.0,0.0,0.0,0.0,48.343216999999996,0.0,0.0,24.205242,17.05948042857143,18.682214500000004,20.378451166666665,48.343216999999996,0.0,0.0,0.4,0.1,0.0,0.3285714285714286,3.9428571428571426,3.95,2.316666666666667,10.0,10.0,10.0,10.0,9.837069444444444,9.10715148148148,8.323004074074074,17.0,17.4,17.0,18.4,20.9,17.885714285714286,18.157142857142855,19.05,21.116666666666667,16.3,18.2,13.714285714285714,17.67142857142857,17.1,10.0,0.0,22.3,16.9,10.0,0.0,9.6,18.1,8.0,0.5,17.4,18.3,10.0,0.0,16.6,17.9,10.0,0.0,14.6,0,1,6,21.50112066042215,1.229321940583958,-0.2293219405839584,516.0268958501316
2025-01-01,23.031643,1.0,1.0,19.5,16.4,0.0,12.5,9.805366666666666,2025,1,1,1,2,Wednesday,0,1,2025-01-01,2529642.0,0.0,0.0,0.0,0.0,0.0,0.0,0.0,23.00965,48.343216999999996,0.0,22.819992,16.88868157142857,18.594104285714284,20.383113066666667,48.343216999999996,0.0,0.0,0.0,0.0,0.0,0.31428571428571433,3.9428571428571426,3.95,2.2733333333333334,10.0,10.0,10.0,10.0,9.837069444444444,9.10715148148148,8.323004074074074,16.6,17.0,16.6,19.3,19.0,17.62857142857143,17.85,18.833333333333332,21.066666666666666,16.0,16.9,13.400000000000002,16.728571428571428,17.3,10.0,0.0,17.0,18.1,10.0,0.0,13.1,17.2,7.185783333333333,0.0,11.7,18.8,10.0,0.0,16.8,17.5,10.037494444444444,0.0,16.6,1,0,0,32.57142857142857,0.985341409356725,-1.465859064327496,781.7142857142857
2025-01-02,24.036408,1.0,1.0,19.0,16.8,0.7,16.3,7.547883333333334,2025,1,2,1,3,Thursday,0,1,2025-01-01,2529642.0,0.0,0.0,0.0,0.0,0.0,0.0,0.0,23.031643,23.00965,48.343216999999996,24.047912,16.91891742857143,18.5869285,20.380939133333335,48.343216999999996,0.0,0.0,0.0,1.6,0.0,0.31428571428571433,3.9428571428571426,3.95,2.2666666666666666,9.805366666666666,10.0,10.0,9.972195238095237,9.823167063492063,9.100663703703704,8.317894166666667,16.4,16.6,16.4,17.3,18.8,17.214285714285715,17.664285714285715,18.646666666666665,20.970000000000002,12.5,7.5,12.771428571428572,15.75,16.9,10.0,0.0,9.6,18.1,8.0,0.5,17.4,17.8,10.0,0.0,17.2,18.4,10.0,0.0,11.0,17.9,10.030197222222222,0.0,18.5,0,4,1,32.57142857142857,0.985341409356725,-1.465859064327496,781.7142857142857
2025-01-03,23.204732,1.0,1.0,21.4,17.1,0.0,22.3,10.0,2025,1,3,1,4,Friday,0,1,2025-01-01,2529642.0,0.0,0.0,0.0,0.0,0.0,0.0,0.0,24.036408,23.031643,23.00965,0.0,16.917274,18.573424785714284,20.414257799999998,48.343216999999996,0.0,0.7,0.0,0.0,0.0,0.18571428571428572,3.992857142857143,3.8,2.1966666666666663,7.547883333333334,10.0,10.0,9.621892857142857,9.648015873015874,9.018926481481481,8.404835740740742,16.8,16.4,16.8,17.8,18.4,17.142857142857142,17.521428571428572,18.526666666666664,20.80666666666667,16.3,11.9,14.028571428571428,15.471428571428572,18.1,10.0,0.0,13.1,17.2,7.185783333333333,0.0,11.7,18.3,10.0,0.0,16.6,18.6,9.749475,2.9,19.4,16.2,10.0,0.0,15.8,0,3,2,32.57142857142857,0.985341409356725,-1.465859064327496,781.7142857142857
2025-01-04,0.0,0.0,0.0,21.6,17.3,0.0,17.0,10.0,2025,1,4,1,5,Saturday,1,1,2025-01-01,2529642.0,0.0,0.0,0.0,0.0,0.0,0.0,0.0,23.204732,24.036408,23.031643,0.0,20.232235714285714,18.574132071428572,20.41799613333333,48.343216999999996,0.0,0.0,0.7,0.2,12.0,0.18571428571428572,3.992857142857143,2.7600000000000002,2.5866666666666664,10.0,10.0,10.0,9.621892857142857,9.648015873015874,9.018926481481481,8.438169074074075,17.1,16.8,17.1,18.0,17.7,17.04285714285714,17.428571428571427,18.423333333333336,20.593333333333337,22.3,10.5,15.514285714285714,16.349999999999998,18.1,8.0,0.5,17.4,17.8,10.0,0.0,17.2,18.8,10.0,0.0,16.8,17.9,10.0,0.0,14.6,17.4,7.9651250000000005,0.0,22.3,0,2,3,32.57142857142857,0.985341409356725,-1.465859064327496,781.7142857142857
2025-01-05,23.240928,1.0,1.0,20.2,16.9,0.0,9.6,10.0,2025,1,5,1,6,Sunday,1,1,2025-01-01,2529642.0,0.0,0.0,0.0,0.0,0.0,0.0,0.0,0.0,23.204732,24.036408,0.0,20.232235714285714,18.574132071428572,19.612617999999998,48.343216999999996,0.0,0.0,0.0,0.4,4.9,0.15714285714285717,3.1357142857142857,2.756666666666667,2.75,10.0,10.0,10.0,9.621892857142857,9.648015873015874,9.018926481481481,8.434967222222221,17.3,17.1,17.3,17.4,16.9,16.942857142857143,17.400000000000002,18.34333333333333,20.360000000000003,17.0,14.7,16.442857142857143,16.071428571428573,17.2,7.185783333333333,0.0,11.7,18.3,10.0,0.0,16.6,18.4,10.0,0.0,11.0,17.5,10.037494444444444,0.0,16.6,18.6,9.64616111111111,0.0,12.5,0,1,4,32.57142857142857,0.985341409356725,-1.465859064327496,781.7142857142857
2025-01-06,70.183106,3.0,3.0,21.0,18.1,0.0,13.1,10.0,2025,1,6,2,0,Monday,0,1,2025-01-01,2529642.0,0.0,0.0,0.0,0.0,0.0,0.0,0.0,23.240928,0.0,23.204732,48.343216999999996,23.552368285714287,18.581312999999998,19.617824,48.343216999999996,0.0,0.0,0.0,0.0,36.0,0.09999999999999999,2.7857142857142856,2.756666666666667,3.95,10.0,10.0,7.718972222222222,9.621892857142857,9.648015873015874,9.21892648148148,8.518869074074074,16.9,17.3,16.9,17.0,17.3,16.87142857142857,17.4,18.26,20.166666666666668,9.6,16.3,15.714285714285714,15.171428571428569,17.8,10.0,0.0,17.2,18.8,10.0,0.0,16.8,18.6,9.749475,2.9,19.4,17.9,10.030197222222222,0.0,18.5,18.3,10.079641666666667,0.0,19.7,1,0,0,32.57142857142857,0.985341409356725,-1.465859064327496,781.7142857142857
2025-01-07,23.98475,1.0,1.0,20.8,18.1,0.5,17.4,8.0,2025,1,7,2,1,Tuesday,0,1,2025-01-01,2529642.0,0.0,0.0,0.0,0.0,0.0,0.0,0.0,70.183106,23.240928,0.0,23.00965,26.672352428571426,21.86591642857143,21.185121733333332,70.183106,0.0,0.0,0.0,0.0,0.1,0.09999999999999999,0.21428571428571427,2.746666666666667,3.953333333333333,10.0,10.0,10.0,9.621892857142857,9.810946428571429,9.428503888888887,8.545180925925926,18.1,16.9,18.1,16.6,18.4,17.02857142857143,17.457142857142856,18.20333333333333,20.063333333333333,13.1,16.0,15.257142857142856,14.485714285714286,18.3,10.0,0.0,16.6,18.4,10.0,0.0,11.0,17.9,10.0,0.0,14.6,16.2,10.0,0.0,15.8,19.0,10.0,0.6,10.0,0,114,1,32.57142857142857,0.985341409356725,-1.465859064327496,781.7142857142857
2025-01-08,24.196947,1.0,1.0,20.4,17.2,0.0,11.7,7.185783333333333,2025,1,8,2,2,Wednesday,0,1,2025-01-01,2529642.0,0.0,0.0,0.0,0.0,0.0,0.0,0.0,23.98475,70.183106,23.240928,23.031643,26.811652428571428,21.850167,21.18155773333333,70.183106,0.0,0.5,0.0,0.0,0.0,0.17142857142857143,0.24285714285714288,2.7633333333333336,3.9066666666666667,8.0,9.805366666666666,10.0,9.336178571428572,9.668089285714286,9.36183722222222,8.609725925925925,18.1,18.1,18.1,16.4,19.3,17.24285714285714,17.435714285714287,18.16,19.990000000000002,17.4,12.5,15.457142857142857,14.428571428571429,18.8,10.0,0.0,16.8,18.6,9.749475,2.9,19.4,17.5,10.037494444444444,0.0,16.6,17.4,7.9651250000000005,0.0,22.3,17.6,9.833727777777778,6.8,19.3,0,113,2,32.57142857142857,0.985341409356725,-1.465859064327496,781.7142857142857
2025-01-09,0.0,0.0,0.0,22.1,17.8,0.0,17.2,10.0,2025,1,9,2,3,Thursday,0,1,2025-01-01,2529642.0,0.0,0.0,0.0,0.0,0.0,0.0,0.0,24.196947,23.98475,70.183106,24.036408,26.978124428571427,21.94852092857143,21.98812263333333,70.183106,0.0,0.0,0.5,0.7,1.6,0.17142857142857143,0.24285714285714288,2.5166666666666666,3.93,7.185783333333333,7.547883333333334,10.0,8.961952380952381,9.467073809523809,9.429311018518518,8.785873333333333,17.2,18.1,17.2,16.8,17.3,17.357142857142858,17.285714285714285,18.1,19.866666666666667,11.7,16.3,15.342857142857142,14.057142857142859,18.4,10.0,0.0,11.0,17.9,10.0,0.0,14.6,17.9,10.030197222222222,0.0,18.5,18.6,9.64616111111111,0.0,12.5,17.3,9.92731388888889,6.7,18.2,0,112,3,32.57142857142857,0.985341409356725,-1.465859064327496,781.7142857142857
2025-01-10,47.334264000000005,2.0,2.0,21.9,18.3,0.0,16.6,10.0,2025,1,10,2,4,Friday,0,1,2025-01-01,2529642.0,0.0,0.0,0.0,0.0,0.0,0.0,0.0,0.0,24.196947,23.98475,23.204732,23.544351857142857,20.230812928571428,21.215939966666664,70.183106,0.0,0.0,0.0,0.0,0.0,0.07142857142857142,0.1285714285714286,2.18,3.93,10.0,10.0,10.0,9.312254761904763,9.467073809523809,9.432753055555557,8.937691388888888,17.8,17.2,17.8,17.1,17.8,17.5,17.321428571428573,18.1,19.7,17.2,22.3,15.471428571428572,14.75,18.6,9.749475,2.9,19.4,17.5,10.037494444444444,0.0,16.6,16.2,10.0,0.0,15.8,18.3,10.079641666666667,0.0,19.7,17.9,10.0,1.3,15.7,0,111,4,32.57142857142857,0.985341409356725,-1.465859064327496,781.7142857142857
2025-01-11,0.0,0.0,0.0,23.3,18.8,0.0,16.8,10.0,2025,1,11,2,5,Saturday,1,1,2025-01-01,2529642.0,0.0,0.0,0.0,0.0,0.0,0.0,0.0,47.334264000000005,0.0,24.196947,0.0,26.99142785714286,23.611831785714287,21.989481,70.183106,0.0,0.0,0.0,0.0,0.2,0.07142857142857142,0.1285714285714286,2.14,3.936666666666667,10.0,10.0,10.0,9.312254761904763,9.467073809523809,9.432753055555557,9.011048518518518,18.3,17.8,18.3,17.3,18.0,17.67142857142857,17.357142857142858,18.113333333333337,19.49666666666667,16.6,17.0,14.657142857142857,15.085714285714285,17.9,10.0,0.0,14.6,17.9,10.030197222222222,0.0,18.5,17.4,7.9651250000000005,0.0,22.3,19.0,10.0,0.6,10.0,17.9,9.965605555555555,2.9,14.7,0,110,5,32.57142857142857,0.985341409356725,-1.465859064327496,781.7142857142857
2025-01-12,23.032293,1.0,1.0,20.5,18.4,0.0,11.0,10.0,2025,1,12,2,6,Sunday,1,1,2025-01-01,2529642.0,0.0,0.0,0.0,0.0,0.0,0.0,0.0,0.0,47.334264000000005,0.0,23.240928,26.99142785714286,23.611831785714287,21.219143900000002,70.183106,0.0,0.0,0.0,0.0,0.4,0.07142857142857142,0.1142857142857143,2.14,3.95,10.0,10.0,10.0,9.312254761904763,9.467073809523809,9.432753055555557,9.04438185185185,18.8,18.3,18.8,16.9,17.4,17.885714285714286,17.414285714285715,18.14333333333333,19.303333333333335,16.8,9.6,14.62857142857143,15.535714285714286,17.5,10.037494444444444,0.0,16.6,16.2,10.0,0.0,15.8,18.6,9.64616111111111,0.0,12.5,17.6,9.833727777777778,6.8,19.3,18.6,9.932747222222222,0.0,10.4,0,109,6,32.57142857142857,0.985341409356725,-1.465859064327496,781.7142857142857
2025-01-13,23.20895,1.0,1.0,20.0,18.6,2.9,19.4,9.749475,2025,1,13,3,0,Monday,0,1,2025-01-01,2529642.0,0.0,0.0,0.0,0.0,0.0,0.0,0.0,23.032293,0.0,47.334264000000005,70.183106,26.961622857142856,25.256995571428572,21.219991233333335,70.183106,0.0,0.0,0.0,0.0,0.0,0.07142857142857142,0.08571428571428572,2.14,3.95,10.0,10.0,10.0,9.312254761904763,9.467073809523809,9.454684444444444,9.10715148148148,18.4,18.8,18.4,18.1,17.0,18.1,17.485714285714288,18.166666666666668,19.05,11.0,13.1,14.828571428571431,15.271428571428572,17.9,10.030197222222222,0.0,18.5,17.4,7.9651250000000005,0.0,22.3,18.3,10.079641666666667,0.0,19.7,17.3,9.92731388888889,6.7,18.2,19.1,10.183822222222222,0.0,9.4,0,108,7,32.57142857142857,0.985341409356725,-1.465859064327496,781.7142857142857
2025-01-14,22.755557,1.0,1.0,19.7,17.9,0.0,14.6,10.0,2025,1,14,3,1,Tuesday,0,1,2025-01-01,2529642.0,0.0,0.0,0.0,0.0,0.0,0.0,0.0,23.20895,23.032293,0.0,23.98475,20.251029142857142,23.46169078571429,21.194049666666665,47.334264000000005,0.0,2.9,0.0,0.5,0.0,0.4857142857142857,0.2928571428571428,2.226666666666667,3.95,9.749475,8.0,10.0,9.276465476190477,9.449179166666667,9.474795648148149,9.10715148148148,18.6,18.4,18.6,18.1,16.6,18.17142857142857,17.6,18.14,18.833333333333332,19.4,17.4,15.728571428571428,15.492857142857144,16.2,10.0,0.0,15.8,18.6,9.64616111111111,0.0,12.5,19.0,10.0,0.6,10.0,17.9,10.0,1.3,15.7,18.7,9.10005,1.6,12.5,0,107,8,32.57142857142857,0.985341409356725,-1.465859064327496,781.7142857142857
2025-01-15,24.061684,1.0,1.0,20.1,17.5,0.0,16.6,10.037494444444444,2025,1,15,3,2,Wednesday,0,1,2025-01-01,2529642.0,0.0,0.0,0.0,0.0,0.0,0.0,0.0,22.755557,23.20895,23.032293,24.196947,20.07543014285714,23.443541285714282,21.1925144,47.334264000000005,0.0,0.0,2.9,0.0,0.0,0.41428571428571426,0.2928571428571428,1.98,3.95,10.0,7.185783333333333,9.805366666666666,9.562179761904762,9.449179166666667,9.666916018518519,9.100663703703704,17.9,18.6,17.9,17.2,16.4,18.142857142857142,17.692857142857143,18.06,18.646666666666665,14.6,11.7,15.328571428571427,15.392857142857142,17.4,7.9651250000000005,0.0,22.3,18.3,10.079641666666667,0.0,19.7,17.6,9.833727777777778,6.8,19.3,17.9,9.965605555555555,2.9,14.7,17.4,10.0,0.0,19.9,0,106,9,32.57142857142857,0.985341409356725,-1.465859064327496,781.7142857142857
2025-01-16,23.056436,1.0,1.0,21.4,17.9,0.0,18.5,10.030197222222222,2025,1,16,3,3,Thursday,0,1,2025-01-01,2529642.0,0.0,0.0,0.0,0.0,0.0,0.0,0.0,24.061684,22.755557,23.20895,0.0,20.056106857142854,23.517115642857142,21.227730500000003,47.334264000000005,0.0,0.0,0.0,0.0,0.7,0.41428571428571426,0.2928571428571428,1.9766666666666668,3.8,10.037494444444444,10.0,7.547883333333334,9.969567063492065,9.465759722222222,9.668165833333335,9.018926481481481,17.5,17.9,17.5,17.8,16.8,18.185714285714287,17.771428571428572,17.866666666666667,18.526666666666664,16.6,17.2,16.02857142857143,15.685714285714285,18.6,9.64616111111111,0.0,12.5,19.0,10.0,0.6,10.0,17.3,9.92731388888889,6.7,18.2,18.6,9.932747222222222,0.0,10.4,18.2,10.005930555555555,1.6,24.9,0,105,10,32.57142857142857,0.985341409356725,-1.465859064327496,781.7142857142857
2025-01-17,23.068416,1.0,1.0,19.2,16.2,0.0,15.8,10.0,2025,1,17,3,4,Friday,0,1,2025-01-01,2529642.0,0.0,0.0,0.0,0.0,0.0,0.0,0.0,23.056436,24.061684,22.755557,47.334264000000005,23.349883428571427,23.447117642857144,21.188171933333333,47.334264000000005,0.0,0.0,0.0,0.0,0.0,0.41428571428571426,0.24285714285714285,1.9766666666666668,2.7600000000000002,10.030197222222222,10.0,10.0,9.973880952380952,9.643067857142857,9.669172407407407,9.018926481481481,17.9,17.5,17.9,18.3,17.1,18.2,17.849999999999998,17.766666666666666,18.423333333333336,18.5,16.6,16.214285714285715,15.842857142857142,18.3,10.079641666666667,0.0,19.7,17.6,9.833727777777778,6.8,19.3,17.9,10.0,1.3,15.7,19.1,10.183822222222222,0.0,9.4,17.7,8.174558333333334,3.1,24.1,0,104,11,32.57142857142857,0.985341409356725,-1.465859064327496,781.7142857142857
2025-01-18,0.0,0.0,0.0,19.9,17.4,0.0,22.3,7.9651250000000005,2025,1,18,3,5,Saturday,1,1,2025-01-01,2529642.0,0.0,0.0,0.0,0.0,0.0,0.0,0.0,23.068416,23.056436,24.061684,0.0,19.883333714285715,23.437380785714286,21.186049,24.061684,0.0,0.0,0.0,0.0,0.0,0.41428571428571426,0.24285714285714288,1.9766666666666668,2.756666666666667,10.0,10.0,10.0,9.973880952380952,9.643067857142857,9.669172407407407,9.018926481481481,16.2,17.9,16.2,18.8,17.3,17.9,17.785714285714285,17.673333333333336,18.34333333333333,15.8,16.8,16.1,15.37857142857143,19.0,10.0,0.6,10.0,17.3,9.92731388888889,6.7,18.2,17.9,9.965605555555555,2.9,14.7,18.7,9.10005,1.6,12.5,17.5,10.30051111111111,9.0,22.2,0,103,12,32.57142857142857,0.985341409356725,-1.465859064327496,781.7142857142857
2025-01-19,47.171458,2.0,2.0,20.8,18.6,0.0,12.5,9.64616111111111,2025,1,19,3,6,Sunday,1,1,2025-01-01,2529642.0,0.0,0.0,0.0,0.0,0.0,0.0,0.0,0.0,23.068416,23.056436,23.032293,19.883333714285715,23.437380785714286,20.378533666666666,24.061684,0.0,0.0,0.0,0.0,0.0,0.41428571428571426,0.24285714285714288,1.9766666666666668,2.756666666666667,7.9651250000000005,10.0,10.0,9.683184523809524,9.497719642857144,9.60134324074074,9.21892648148148,17.4,16.2,17.4,18.4,16.9,17.7,17.79285714285714,17.626666666666665,18.26,22.3,11.0,16.88571428571429,15.757142857142858,17.6,9.833727777777778,6.8,19.3,17.9,10.0,1.3,15.7,18.6,9.932747222222222,0.0,10.4,17.4,10.0,0.0,19.9,17.7,9.773477777777776,4.9,17.6,0,102,13,32.57142857142857,0.985341409356725,-1.465859064327496,781.7142857142857
2025-01-20,47.170442,2.0,2.0,22.8,18.3,0.0,19.7,10.079641666666667,2025,1,20,4,0,Monday,0,1,2025-01-01,2529642.0,0.0,0.0,0.0,0.0,0.0,0.0,0.0,47.171458,0.0,23.068416,23.20895,23.331785857142854,25.146704357142855,21.1777546,47.171458,0.0,0.0,0.0,2.9,0.0,0.41428571428571426,0.24285714285714288,1.9766666666666668,2.746666666666667,9.64616111111111,9.749475,10.0,9.632636111111111,9.472445436507936,9.58954861111111,9.428503888888887,18.6,17.4,18.6,18.6,18.1,17.72857142857143,17.914285714285715,17.633333333333333,18.20333333333333,12.5,19.4,17.1,15.964285714285714,17.3,9.92731388888889,6.7,18.2,17.9,9.965605555555555,2.9,14.7,19.1,10.183822222222222,0.0,9.4,18.2,10.005930555555555,1.6,24.9,17.5,10.130783333333333,7.7,18.9,0,101,14,32.57142857142857,0.985341409356725,-1.465859064327496,781.7142857142857
2025-01-21,11.2115105,2.0,1.0,24.5,19.0,0.6,10.0,10.0,2025,1,21,4,1,Tuesday,0,1,2025-01-01,2529642.0,0.0,0.0,0.0,0.0,0.0,0.0,0.0,47.170442,47.171458,0.0,22.755557,26.75485614285714,23.502942642857143,22.750102666666667,47.171458,0.0,0.0,0.0,0.0,0.5,0.0,0.24285714285714288,1.5766666666666669,2.7633333333333336,10.079641666666667,10.0,8.0,9.679802777777779,9.478134126984127,9.592203333333334,9.36183722222222,18.3,18.6,18.3,17.9,18.1,17.685714285714287,17.928571428571427,17.653333333333332,18.16,19.7,14.6,17.142857142857142,16.435714285714287,17.9,10.0,1.3,15.7,18.6,9.932747222222222,0.0,10.4,18.7,9.10005,1.6,12.5,17.7,8.174558333333334,3.1,24.1,16.8,8.172202777777779,5.6,16.2,0,100,15,32.57142857142857,0.985341409356725,-1.465859064327496,781.7142857142857
2025-01-22,47.10783,2.0,2.0,21.3,17.6,6.8,19.3,9.833727777777778,2025,1,22,4,2,Wednesday,0,1,2025-01-01,2529642.0,0.0,0.0,0.0,0.0,0.0,0.0,0.0,11.2115105,47.170442,47.171458,24.061684,25.105706642857143,22.590568392857143,22.352473183333334,47.171458,0.0,0.6,0.0,0.0,0.0,0.08571428571428572,0.25000000000000006,1.4333333333333336,2.5166666666666666,10.0,10.037494444444444,7.185783333333333,9.679802777777779,9.62099126984127,9.592203333333334,9.429311018518518,19.0,18.3,19.0,17.5,17.2,17.842857142857145,17.99285714285714,17.723333333333336,18.1,10.0,16.6,16.485714285714288,15.907142857142858,17.9,9.965605555555555,2.9,14.7,19.1,10.183822222222222,0.0,9.4,17.4,10.0,0.0,19.9,17.5,10.30051111111111,9.0,22.2,17.3,9.808188888888889,1.3,16.4,0,99,16,32.57142857142857,0.985341409356725,-1.465859064327496,781.7142857142857
2025-01-23,24.13374,1.0,1.0,19.2,17.3,6.7,18.2,9.92731388888889,2025,1,23,4,3,Thursday,0,1,2025-01-01,2529642.0,0.0,0.0,0.0,0.0,0.0,5.3548452,5.3548452,47.10783,11.2115105,47.170442,23.056436,28.398013214285715,24.227060035714285,23.116112250000004,47.171458,0.0,6.8,0.6,0.0,0.0,1.0571428571428572,0.7357142857142858,0.46000000000000024,2.18,9.833727777777778,10.030197222222222,10.0,9.650693253968253,9.810130158730159,9.662695185185186,9.432753055555557,17.6,19.0,17.6,17.9,17.8,17.857142857142858,18.021428571428572,17.733333333333334,18.1,19.3,18.5,16.87142857142857,16.45,18.6,9.932747222222222,0.0,10.4,18.7,9.10005,1.6,12.5,18.2,10.005930555555555,1.6,24.9,17.7,9.773477777777776,4.9,17.6,17.7,10.644180555555556,0.0,10.9,0,98,17,32.57142857142857,0.985341409356725,-1.465859064327496,781.7142857142857
2025-01-24,23.170012,1.0,1.0,20.6,17.9,1.3,15.7,10.0,2025,1,24,4,4,Friday,0,1,2025-01-01,2529642.0,5.3548452,0.0,0.0,0.7649778857142857,0.38248894285714286,37.757608488,43.112453688,24.13374,47.10783,11.2115105,23.068416,28.551913785714284,25.950898607142854,23.113728850000005,47.171458,0.0,6.7,6.8,0.0,0.0,2.0142857142857142,1.2142857142857142,0.6800000000000002,2.14,9.92731388888889,10.0,10.0,9.635995634920635,9.804938293650793,9.660272314814817,9.432753055555557,17.3,17.6,17.3,16.2,18.3,17.771428571428572,17.985714285714284,17.696666666666665,18.113333333333337,18.2,15.8,16.82857142857143,16.521428571428572,19.1,10.183822222222222,0.0,9.4,17.4,10.0,0.0,19.9,17.7,8.174558333333334,3.1,24.1,17.5,10.130783333333333,7.7,18.9,17.3,10.712161111111111,0.0,13.7,0,97,18,32.57142857142857,0.985341409356725,-1.465859064327496,781.7142857142857
2025-01-25,0.0,0.0,0.0,19.9,17.9,2.9,14.7,9.965605555555555,2025,1,25,4,5,Saturday,1,1,2025-01-01,2529642.0,43.112453688,5.3548452,0.0,6.923899841142857,3.4619499205714286,23.549419224000005,66.661872912,23.170012,24.13374,47.10783,0.0,28.566427499999996,24.22488060714286,23.125396183333333,47.171458,0.0,1.3,6.7,0.0,0.0,2.2,1.3071428571428572,0.7233333333333335,2.14,10.0,7.9651250000000005,10.0,9.635995634920635,9.804938293650793,9.660272314814817,9.432753055555557,17.9,17.3,17.9,17.4,18.8,18.014285714285712,17.95714285714286,17.65,18.14333333333333,15.7,22.3,16.814285714285713,16.45714285714286,18.7,9.10005,1.6,12.5,18.2,10.005930555555555,1.6,24.9,17.5,10.30051111111111,9.0,22.2,16.8,8.172202777777779,5.6,16.2,16.6,10.169780555555555,0.0,16.0,0,96,19,32.57142857142857,0.985341409356725,-1.465859064327496,781.7142857142857
2025-01-26,23.157906,1.0,1.0,20.9,18.6,0.0,10.4,9.932747222222222,2025,1,26,4,6,Sunday,1,1,2025-01-01,2529642.0,66.661872912,43.112453688,0.0,16.447024542857143,8.223512271428572,-4.3790734080000036,62.282799504,0.0,23.170012,24.13374,47.171458,28.566427499999996,24.22488060714286,22.323799116666667,47.171458,0.0,2.9,1.3,0.0,0.0,2.6142857142857143,1.5142857142857142,0.7666666666666669,2.14,9.965605555555555,9.64616111111111,10.0,9.921778571428572,9.802481547619047,9.659125833333333,9.454684444444444,17.9,17.9,17.9,18.6,18.4,18.085714285714285,17.892857142857142,17.669999999999998,18.166666666666668,14.7,12.5,15.72857142857143,16.307142857142857,17.4,10.0,0.0,19.9,17.7,8.174558333333334,3.1,24.1,17.7,9.773477777777776,4.9,17.6,17.3,9.808188888888889,1.3,16.4,16.1,10.162341666666666,0.0,12.7,0,95,20,32.57142857142857,0.985341409356725,-1.465859064327496,781.7142857142857
2025-01-27,43.86031846,3.0,2.0,21.4,19.1,0.0,9.4,10.183822222222222,2025,1,27,5,0,Monday,0,1,2025-01-01,2529642.0,62.282799504,66.661872912,0.0,25.34456732914286,12.67228366457143,-13.779801648000003,48.502997856,23.157906,0.0,23.170012,47.170442,25.13592007142857,24.233852964285713,23.095729316666667,47.170442,0.0,0.0,2.9,0.0,2.9,2.6142857142857143,1.5142857142857142,0.7666666666666669,2.226666666666667,9.932747222222222,10.079641666666667,9.749475,9.962719444444444,9.797677777777778,9.656884074074075,9.474795648148149,18.6,17.9,18.6,18.3,18.6,18.085714285714285,17.907142857142855,17.696666666666665,18.14,10.4,19.7,15.428571428571427,16.264285714285712,18.2,10.005930555555555,1.6,24.9,17.5,10.30051111111111,9.0,22.2,17.5,10.130783333333333,7.7,18.9,17.7,10.644180555555556,0.0,10.9,16.6,10.753811111111112,0.0,9.5,0,94,21,32.57142857142857,0.985341409356725,-1.465859064327496,781.7142857142857
2025-01-28,23.001621,1.0,1.0,20.6,18.7,1.6,12.5,9.10005,2025,1,28,5,1,Tuesday,0,1,2025-01-01,2529642.0,48.502997856,62.282799504,0.0,32.273567022857144,16.136783511428572,1.6481023560000025,50.151100212,43.86031846,23.157906,0.0,11.2115105,24.66304528,25.70895071142857,24.557739932,47.10783,0.0,0.0,0.0,0.6,0.0,2.6142857142857143,1.3071428571428572,0.7600000000000002,1.98,10.183822222222222,10.0,10.0,9.977602380952382,9.82870257936508,9.663011481481481,9.666916018518519,19.1,18.6,19.1,19.0,17.9,18.2,17.942857142857143,17.733333333333334,18.06,9.4,10.0,13.957142857142857,15.549999999999999,17.7,8.174558333333334,3.1,24.1,17.7,9.773477777777776,4.9,17.6,16.8,8.172202777777779,5.6,16.2,17.3,10.712161111111111,0.0,13.7,17.6,9.057036111111112,0.3,12.3,0,93,22,32.57142857142857,0.985341409356725,-1.465859064327496,781.7142857142857
2025-01-29,24.115705,1.0,1.0,20.0,17.4,0.0,19.9,10.0,2025,1,29,5,2,Wednesday,0,1,2025-01-01,2529642.0,50.151100212,48.502997856,0.0,39.438009910285714,19.719004955142857,6.3365668199999945,56.487667032,23.001621,43.86031846,23.157906,47.10783,26.347346780000002,25.726526711428573,25.324460632,47.10783,0.0,1.6,0.0,6.8,0.0,2.7571428571428567,1.4214285714285715,0.8000000000000003,1.9766666666666668,9.10005,9.833727777777778,10.037494444444444,9.849038095238097,9.764420436507937,9.633013148148148,9.668165833333335,18.7,19.1,18.7,17.6,17.5,18.157142857142855,18.0,17.776666666666667,17.866666666666667,12.5,19.3,14.314285714285715,15.4,17.5,10.30051111111111,9.0,22.2,17.5,10.130783333333333,7.7,18.9,17.3,9.808188888888889,1.3,16.4,16.6,10.169780555555555,0.0,16.0,17.7,10.778983333333333,0.0,12.5,0,92,23,32.57142857142857,0.985341409356725,-1.465859064327496,781.7142857142857
2025-01-30,34.194063400000005,3.0,2.0,19.5,18.2,1.6,24.9,10.005930555555555,2025,1,30,5,3,Thursday,0,1,2025-01-01,2529642.0,56.487667032,50.151100212,5.3548452,47.50767662914286,23.75383831457143,3.5103985200000025,54.643220352,24.115705,23.001621,43.86031846,24.13374,23.062757494285712,25.730385354285715,24.516876898666666,43.86031846,0.0,0.0,1.6,6.7,0.0,1.785714285714286,1.4214285714285715,0.8000000000000003,1.9766666666666668,10.0,9.92731388888889,10.030197222222222,9.87279126984127,9.761742261904761,9.633013148148148,9.669172407407407,17.4,18.7,17.4,17.3,17.9,18.12857142857143,17.99285714285714,17.790000000000003,17.766666666666666,19.9,18.2,14.400000000000002,15.635714285714286,17.7,9.773477777777776,4.9,17.6,16.8,8.172202777777779,5.6,16.2,17.7,10.644180555555556,0.0,10.9,16.1,10.162341666666666,0.0,12.7,17.3,10.79136388888889,0.2,11.1,0,91,24,32.57142857142857,0.985341409356725,-1.465859064327496,781.7142857142857
2025-01-31,0.0,0.0,0.0,19.4,17.7,3.1,24.1,8.174558333333334,2025,1,31,5,4,Friday,0,1,2025-01-01,2529642.0,59.998065552,56.487667032,43.112453688,55.31385096514286,28.03941442542857,27.190713959999997,44.076325823999994,34.194063400000005,24.115705,23.001621,23.170012,24.49994655142857,26.525930168571428,24.889690678666668,43.86031846,0.0,1.6,0.0,1.3,0.0,1.0571428571428572,1.5357142857142858,0.8533333333333336,1.9766666666666668,10.005930555555555,10.0,10.0,9.884022222222223,9.760008928571429,9.633210833333333,9.669172407407407,18.2,17.4,18.2,17.9,16.2,18.257142857142856,18.014285714285716,17.84333333333333,17.673333333333336,24.9,15.7,15.357142857142858,16.092857142857145,17.5,10.130783333333333,7.7,18.9,17.3,9.808188888888889,1.3,16.4,17.3,10.712161111111111,0.0,13.7,16.6,10.753811111111112,0.0,9.5,17.2,10.803594444444444,0.0,11.9,0,90,25,32.57142857142857,0.985341409356725,-1.465859064327496,781.7142857142857
2025-02-01,23.221467,1.0,1.0,18.8,17.5,9.0,22.2,10.30051111111111,2025,2,1,5,5,Saturday,1,1,2025-02-01,2377419.0,87.188779512,59.998065552,66.661872912,61.61046894,34.26718439057143,-0.7318288439999918,19.795077755999998,0.0,34.194063400000005,24.115705,0.0,21.189944837142857,24.87818616857143,24.121969245333332,43.86031846,0.0,3.1,1.6,2.9,0.0,1.3142857142857145,1.7571428571428573,0.956666666666667,1.9766666666666668,8.174558333333334,9.965605555555555,7.9651250000000005,9.623244841269841,9.629620238095239,9.578850555555555,9.60134324074074,17.7,18.2,17.7,17.9,17.4,18.228571428571428,18.12142857142857,17.886666666666667,17.626666666666665,24.1,14.7,16.557142857142857,16.685714285714287,16.8,8.172202777777779,5.6,16.2,17.7,10.644180555555556,0.0,10.9,16.6,10.169780555555555,0.0,16.0,17.6,9.057036111111112,0.3,12.3,17.7,10.646497222222223,1.4,27.9,0,89,26,36.14814814814815,0.7640390966956966,-23.59609033043034,867.5555555555557
2025-02-02,23.88430295,2.0,2.0,19.5,17.7,4.9,17.6,9.773477777777776,2025,2,2,5,6,Sunday,1,1,2025-02-01,2377419.0,86.456950668,87.188779512,62.282799504,64.43833719085714,40.442680866857145,-0.7199291880000089,23.454221975999992,23.221467,0.0,34.194063400000005,23.157906,24.507297265714282,26.536862382857144,24.094804545333332,43.86031846,0.0,9.0,3.1,0.0,0.0,2.185714285714286,2.4,1.2333333333333336,1.9766666666666668,10.30051111111111,9.932747222222222,9.64616111111111,9.671088492063491,9.796433531746032,9.670604814814816,9.58954861111111,17.5,17.7,17.5,18.6,18.6,18.17142857142857,18.128571428571426,17.91,17.633333333333333,22.2,10.4,17.628571428571426,16.678571428571427,17.3,9.808188888888889,1.3,16.4,17.3,10.712161111111111,0.0,13.7,16.1,10.162341666666666,0.0,12.7,17.7,10.778983333333333,0.0,12.5,17.1,10.827602777777779,0.1,16.8,0,88,27,36.14814814814815,0.7640390966956966,-23.59609033043034,867.5555555555557
2025-02-03,24.201074,1.0,1.0,19.0,17.5,7.7,18.9,10.130783333333333,2025,2,3,6,0,Monday,0,1,2025-02-01,2377419.0,85.73702148,86.456950668,48.502997856,67.78894033028571,46.56675382971429,-1.7254501199999908,35.508573504000005,23.88430295,23.221467,0.0,43.86031846,24.61106825857143,24.873494165,24.117456910333335,43.86031846,0.0,4.9,9.0,0.0,0.0,2.885714285714286,2.75,1.396666666666667,1.5766666666666669,9.773477777777776,10.183822222222222,10.079641666666667,9.648335714285713,9.805527579365078,9.663054074074074,9.592203333333334,17.7,17.5,17.7,19.1,18.3,18.04285714285714,18.064285714285713,17.930000000000003,17.653333333333332,17.6,9.4,18.657142857142855,17.042857142857144,17.7,10.644180555555556,0.0,10.9,16.6,10.169780555555555,0.0,16.0,16.6,10.753811111111112,0.0,9.5,17.3,10.79136388888889,0.2,11.1,16.9,10.839419444444445,0.0,11.5,0,87,28,36.14814814814815,0.7640390966956966,-23.59609033043034,867.5555555555557
2025-02-04,34.3220325,3.0,2.0,17.9,16.8,5.6,16.2,8.172202777777779,2025,2,4,6,1,Tuesday,0,1,2025-02-01,2377419.0,84.01157136,85.73702148,50.151100212,72.861593688,52.56758035542857,-5.699935224000001,28.160535924,24.201074,23.88430295,23.221467,23.001621,21.802604764285714,23.23282502214286,24.924159377000002,34.194063400000005,0.0,7.7,4.9,1.6,0.6,3.985714285714286,3.3000000000000003,1.6533333333333335,1.4333333333333336,10.130783333333333,9.10005,10.0,9.640758730158728,9.809180555555555,9.667413518518519,9.592203333333334,17.5,17.7,17.5,18.7,19.0,17.814285714285713,18.00714285714286,17.936666666666667,17.723333333333336,18.9,12.5,20.014285714285712,16.985714285714284,17.3,10.712161111111111,0.0,13.7,16.1,10.162341666666666,0.0,12.7,17.6,9.057036111111112,0.3,12.3,17.2,10.803594444444444,0.0,11.9,18.2,10.50385,2.2,27.6,0,86,29,36.14814814814815,0.7640390966956966,-23.59609033043034,867.5555555555557
2025-02-05,23.211295,1.0,1.0,18.8,17.3,1.3,16.4,9.808188888888889,2025,2,5,6,2,Wednesday,0,1,2025-02-01,2377419.0,78.311636136,84.01157136,56.487667032,76.88452739142858,58.161268650857146,-1.0412199000000015,20.782749204000005,34.3220325,24.201074,23.88430295,24.115705,23.419806407142858,24.88357659357143,25.293529526999997,34.3220325,0.0,5.6,7.7,0.0,6.8,4.557142857142857,3.6571428571428575,1.84,0.46000000000000024,8.172202777777779,10.0,9.833727777777778,9.508209126984127,9.67862361111111,9.606486944444445,9.662695185185186,16.8,17.5,16.8,17.4,17.6,17.542857142857144,17.85,17.933333333333334,17.733333333333334,16.2,19.9,20.542857142857144,17.428571428571427,16.6,10.169780555555555,0.0,16.0,16.6,10.753811111111112,0.0,9.5,17.7,10.778983333333333,0.0,12.5,17.7,10.646497222222223,1.4,27.9,18.4,10.840408333333334,0.0,18.4,0,85,30,36.14814814814815,0.7640390966956966,-23.59609033043034,867.5555555555557
2025-02-06,24.012924,1.0,1.0,19.8,17.7,0.0,10.9,10.644180555555556,2025,2,6,6,3,Thursday,0,1,2025-02-01,2377419.0,77.270416236,78.311636136,59.998065552,79.85349156342856,63.68058409628571,-0.4700364119999989,16.802314272000004,23.211295,34.3220325,24.201074,34.194063400000005,23.290604978571427,23.176681236428575,23.72780249366667,34.3220325,0.0,1.3,5.6,1.6,6.7,4.742857142857143,3.2642857142857147,1.8833333333333335,0.6800000000000002,9.808188888888889,10.005930555555555,9.92731388888889,9.48080753968254,9.676799404761905,9.60009324074074,9.660272314814817,17.3,16.8,17.3,18.2,17.3,17.52857142857143,17.82857142857143,17.906666666666663,17.696666666666665,16.4,24.9,20.04285714285714,17.221428571428568,16.1,10.162341666666666,0.0,12.7,17.6,9.057036111111112,0.3,12.3,17.3,10.79136388888889,0.2,11.1,17.1,10.827602777777779,0.1,16.8,18.5,10.874216666666667,0.0,14.8,0,84,31,36.14814814814815,0.7640390966956966,-23.59609033043034,867.5555555555557
2025-02-07,23.165959,1.0,1.0,20.4,17.3,0.0,13.7,10.712161111111111,2025,2,7,6,4,Friday,0,1,2025-02-01,2377419.0,76.800379824,77.270416236,87.188779512,82.25382217371428,68.78383656942857,-0.7437285000000031,-11.132128187999996,24.012924,23.211295,34.3220325,0.0,21.83615649285714,23.16805152214286,23.728741626999998,34.3220325,0.0,0.0,1.3,3.1,1.3,4.514285714285714,2.7857142857142856,1.866666666666667,0.7233333333333335,10.644180555555556,8.174558333333334,10.0,9.571986111111112,9.728004166666667,9.688232592592593,9.660272314814817,17.7,17.3,17.7,17.7,17.9,17.457142857142856,17.857142857142858,17.89333333333333,17.65,10.9,24.1,18.04285714285714,16.7,16.6,10.753811111111112,0.0,9.5,17.7,10.778983333333333,0.0,12.5,17.2,10.803594444444444,0.0,11.9,16.9,10.839419444444445,0.0,11.5,17.7,10.885597222222223,0.0,11.2,0,83,32,36.14814814814815,0.7640390966956966,-23.59609033043034,867.5555555555557
2025-02-08,23.018705,1.0,1.0,19.4,16.6,0.0,16.0,10.169780555555555,2025,2,8,6,5,Saturday,1,1,2025-02-01,2377419.0,76.056651324,76.800379824,86.456950668,80.66351814685716,71.13699354342857,-0.8984240279999938,-11.298723371999998,23.165959,24.012924,23.211295,23.221467,25.145579207142855,23.167762022142856,23.694375360333332,34.3220325,23.165959,0.0,0.0,9.0,2.9,4.071428571428571,2.692857142857143,1.866666666666667,0.7666666666666669,10.712161111111111,10.30051111111111,9.965605555555555,9.934500793650793,9.778872817460316,9.805778518518519,9.659125833333333,17.3,17.7,17.3,17.5,17.9,17.400000000000002,17.814285714285713,17.896666666666665,17.669999999999998,13.7,22.2,16.557142857142857,16.557142857142857,17.6,9.057036111111112,0.3,12.3,17.3,10.79136388888889,0.2,11.1,17.7,10.646497222222223,1.4,27.9,18.2,10.50385,2.2,27.6,18.1,10.896872222222221,0.0,12.6,0,82,33,36.14814814814815,0.7640390966956966,-23.59609033043034,867.5555555555557
2025-02-09,22.825605,1.0,1.0,19.5,16.1,0.0,12.7,10.162341666666666,2025,2,9,6,6,Sunday,1,1,2025-02-01,2377419.0,75.158227296,76.056651324,85.73702148,79.04941480800001,71.74387599942858,-2.4751284480000066,-13.053922631999995,23.018705,23.165959,24.012924,23.88430295,25.116613207142855,24.81195523642857,24.461665527,34.3220325,23.018705,0.0,0.0,4.9,0.0,2.7857142857142856,2.4857142857142853,1.866666666666667,0.7666666666666669,10.169780555555555,9.773477777777776,9.932747222222222,9.915825,9.793456746031746,9.811437870370371,9.656884074074075,16.6,17.3,16.6,17.7,18.6,17.271428571428572,17.72142857142857,17.856666666666666,17.696666666666665,16.0,17.6,15.671428571428573,16.65,17.7,10.778983333333333,0.0,12.5,17.2,10.803594444444444,0.0,11.9,17.1,10.827602777777779,0.1,16.8,18.4,10.840408333333334,0.0,18.4,18.3,10.636472222222222,0.8,13.1,0,81,34,36.14814814814815,0.7640390966956966,-23.59609033043034,867.5555555555557
2025-02-10,58.352403699999996,4.0,3.0,19.8,16.6,0.0,9.5,10.753811111111112,2025,2,10,7,0,Monday,0,1,2025-02-01,2377419.0,72.683098848,75.158227296,84.01157136,77.1845687177143,72.486754524,-33.25953852,-44.588011032000004,22.825605,23.018705,23.165959,24.201074,24.965370642857145,24.788219450714287,23.644710227,34.3220325,22.825605,0.0,0.0,7.7,0.0,2.085714285714286,2.4857142857142853,1.866666666666667,0.7600000000000002,10.162341666666666,10.130783333333333,10.183822222222222,9.971376984126985,9.80985634920635,9.81684925925926,9.663011481481481,16.1,16.6,16.1,17.5,19.1,17.042857142857144,17.54285714285714,17.783333333333335,17.733333333333334,12.7,18.9,14.971428571428572,16.814285714285713,17.3,10.79136388888889,0.2,11.1,17.7,10.646497222222223,1.4,27.9,16.9,10.839419444444445,0.0,11.5,18.5,10.874216666666667,0.0,14.8,18.3,10.919111111111112,0.0,13.2,0,80,35,36.14814814814815,0.7640390966956966,-23.59609033043034,867.5555555555557
2025-02-11,23.070033,1.0,1.0,20.8,17.6,0.3,12.3,9.057036111111112,2025,2,11,7,1,Tuesday,0,1,2025-02-01,2377419.0,39.423560328,72.683098848,78.311636136,70.814852856,71.83822327200001,-0.9281731680000007,-39.816248976000004,58.352403699999996,22.825605,23.018705,34.3220325,29.84413202857143,25.82336839642857,25.58979035033333,58.352403699999996,22.825605,0.0,0.0,5.6,1.6,0.9857142857142857,2.4857142857142853,1.866666666666667,0.8000000000000003,10.753811111111112,8.172202777777779,9.10005,10.060380952380953,9.850569841269841,9.841976296296297,9.633013148148148,16.6,16.1,16.6,16.8,18.7,16.914285714285715,17.364285714285717,17.71,17.776666666666667,9.5,16.2,13.62857142857143,16.821428571428573,17.2,10.803594444444444,0.0,11.9,17.1,10.827602777777779,0.1,16.8,18.2,10.50385,2.2,27.6,17.7,10.885597222222223,0.0,11.2,18.4,10.935158333333334,0.0,13.0,0,79,36,36.14814814814815,0.7640390966956966,-23.59609033043034,867.5555555555557
2025-02-12,24.207176,1.0,1.0,20.1,17.7,0.0,12.5,10.778983333333333,2025,2,12,7,2,Wednesday,0,1,2025-02-01,2377419.0,38.49538716,39.423560328,77.270416236,65.126817288,71.00567233971428,-4.004234244000003,-42.779263320000005,23.070033,58.352403699999996,22.825605,23.211295,28.23670352857143,25.82825496785714,25.59104835033333,58.352403699999996,22.825605,0.3,0.0,1.3,0.0,0.2285714285714286,2.392857142857143,1.8766666666666667,0.8000000000000003,9.057036111111112,9.808188888888889,10.0,10.186785714285715,9.847497420634921,9.810544166666666,9.633013148148148,17.6,16.6,17.6,17.3,17.4,17.02857142857143,17.285714285714285,17.683333333333334,17.790000000000003,12.3,16.4,13.071428571428571,16.807142857142857,17.7,10.646497222222223,1.4,27.9,16.9,10.839419444444445,0.0,11.5,18.4,10.840408333333334,0.0,18.4,18.1,10.896872222222221,0.0,12.6,17.7,10.940944444444446,0.0,11.3,0,78,37,36.14814814814815,0.7640390966956966,-23.59609033043034,867.5555555555557
2025-02-13,0.0,0.0,0.0,20.2,17.3,0.2,11.1,10.79136388888889,2025,2,13,7,3,Thursday,0,1,2025-02-01,2377419.0,34.491152916,38.49538716,76.800379824,59.01549395657143,69.43449276,-2.3382824039999974,-44.647509312000004,24.207176,23.070033,58.352403699999996,24.012924,28.37897224285714,25.834788610714288,25.624322550333332,58.352403699999996,22.825605,0.0,0.3,0.0,1.6,0.04285714285714286,2.392857142857143,1.7800000000000002,0.8533333333333336,10.778983333333333,10.644180555555556,10.005930555555555,10.325470634920634,9.903139087301586,9.84486111111111,9.633210833333333,17.7,17.6,17.7,17.7,18.2,17.085714285714285,17.307142857142857,17.653333333333332,17.84333333333333,12.5,10.9,12.514285714285714,16.27857142857143,17.1,10.827602777777779,0.1,16.8,18.2,10.50385,2.2,27.6,18.5,10.874216666666667,0.0,14.8,18.3,10.636472222222222,0.8,13.1,18.3,10.951711111111113,1.1,16.3,0,77,38,36.14814814814815,0.7640390966956966,-23.59609033043034,867.5555555555557
2025-02-14,47.511575,2.0,2.0,20.6,17.2,0.0,11.9,10.803594444444444,2025,2,14,7,4,Friday,0,1,2025-02-01,2377419.0,32.152870512,34.491152916,76.056651324,52.63727834057143,67.44555025714286,-1.2316143960000012,-45.135395208000006,0.0,24.207176,23.070033,23.165959,24.948554528571428,23.392355510714285,24.865803983666662,58.352403699999996,0.0,0.2,0.0,0.0,3.1,0.07142857142857142,2.292857142857143,1.7866666666666668,0.956666666666667,10.79136388888889,10.712161111111111,8.174558333333334,10.346496825396827,9.959241468253968,9.871239907407407,9.578850555555555,17.3,17.7,17.3,17.3,17.7,17.028571428571432,17.242857142857144,17.633333333333333,17.886666666666667,11.1,13.7,12.542857142857143,15.292857142857143,16.9,10.839419444444445,0.0,11.5,18.4,10.840408333333334,0.0,18.4,17.7,10.885597222222223,0.0,11.2,18.3,10.919111111111112,0.0,13.2,18.2,9.546325,3.2,29.7,0,76,39,36.14814814814815,0.7640390966956966,-23.59609033043034,867.5555555555557
2025-02-15,23.029186,1.0,1.0,21.4,17.7,1.4,27.9,10.646497222222223,2025,2,15,7,5,Saturday,1,1,2025-02-01,2377419.0,30.921256116,32.152870512,75.158227296,46.18936473942858,63.42644144314285,-0.9341229959999993,-45.17109417600001,47.511575,0.0,24.207176,23.018705,28.42649967142857,26.786039439285712,25.647467016999997,58.352403699999996,0.0,0.0,0.2,0.0,9.0,0.07142857142857142,2.0714285714285716,1.7866666666666668,1.2333333333333336,10.803594444444444,10.169780555555555,10.30051111111111,10.35955873015873,10.147029761904763,9.896776574074073,9.670604814814816,17.2,17.3,17.2,16.6,17.5,17.014285714285712,17.20714285714286,17.623333333333335,17.91,11.9,16.0,12.285714285714286,14.421428571428573,18.2,10.50385,2.2,27.6,18.5,10.874216666666667,0.0,14.8,18.1,10.896872222222221,0.0,12.6,18.4,10.935158333333334,0.0,13.0,18.0,10.972961111111113,0.6,22.3,0,75,40,36.14814814814815,0.7640390966956966,-23.59609033043034,867.5555555555557
2025-02-16,23.23843,1.0,1.0,19.5,17.1,0.1,16.8,10.827602777777779,2025,2,16,7,6,Sunday,1,1,2025-02-01,2377419.0,29.98713312,30.921256116,72.683098848,39.73635128571429,59.39288304685714,-1.160216460000001,-43.856182188000005,23.029186,47.511575,0.0,22.825605,28.427996957142852,26.772305082142854,25.64655868366667,58.352403699999996,0.0,1.4,0.0,0.0,4.9,0.2714285714285714,1.5285714285714285,1.8333333333333335,1.396666666666667,10.646497222222223,10.162341666666666,9.773477777777776,10.42766111111111,10.171743055555556,9.917319907407409,9.663054074074074,17.7,17.2,17.7,16.1,17.7,17.17142857142857,17.22142857142857,17.616666666666667,17.930000000000003,27.9,12.7,13.985714285714286,14.828571428571431,18.4,10.840408333333334,0.0,18.4,17.7,10.885597222222223,0.0,11.2,18.3,10.636472222222222,0.8,13.1,17.7,10.940944444444446,0.0,11.3,16.1,7.661230555555556,15.2,11.3,0,74,41,36.14814814814815,0.7640390966956966,-23.59609033043034,867.5555555555557
2025-02-17,23.048121,1.0,1.0,20.5,16.9,0.0,11.5,10.839419444444445,2025,2,17,8,0,Monday,0,1,2025-02-01,2377419.0,28.82691666,29.98713312,39.423560328,33.47118240171428,55.327875559714286,-0.8984240279999973,-11.495067696,23.23843,23.029186,47.511575,58.352403699999996,28.486971957142856,26.7261713,25.652225817,58.352403699999996,0.0,0.1,1.4,0.0,7.7,0.2857142857142857,1.1857142857142857,1.836666666666667,1.6533333333333335,10.827602777777779,10.753811111111112,10.130783333333333,10.522698412698414,10.247037698412699,9.944906666666668,9.667413518518519,17.1,17.7,17.1,16.6,17.5,17.314285714285713,17.178571428571427,17.64666666666667,17.936666666666667,16.8,9.5,14.571428571428571,14.77142857142857,18.5,10.874216666666667,0.0,14.8,18.1,10.896872222222221,0.0,12.6,18.3,10.919111111111112,0.0,13.2,18.3,10.951711111111113,1.1,16.3,15.4,9.99385,12.3,9.3,0,73,42,36.14814814814815,0.7640390966956966,-23.59609033043034,867.5555555555557
2025-02-18,22.65595,1.0,1.0,20.8,18.2,2.2,27.6,10.50385,2025,2,18,8,1,Tuesday,0,1,2025-02-01,2377419.0,27.928492632,28.82691666,38.49538716,31.829029873714283,51.321941364857146,-0.6604309080000021,-11.227325436000001,23.048121,23.23843,23.029186,23.070033,23.443502999999996,26.64381751428572,26.420496517,47.511575,0.0,0.0,0.1,0.3,5.6,0.2857142857142857,0.6357142857142856,1.836666666666667,1.84,10.839419444444445,9.057036111111112,8.172202777777779,10.534928174603175,10.297654563492063,10.040716481481484,9.606486944444445,16.9,17.1,16.9,17.6,16.8,17.357142857142858,17.135714285714286,17.63,17.933333333333334,11.5,12.3,14.857142857142858,14.242857142857144,17.7,10.885597222222223,0.0,11.2,18.3,10.636472222222222,0.8,13.1,18.4,10.935158333333334,0.0,13.0,18.2,9.546325,3.2,29.7,15.4,9.768125,3.9,16.0,0,72,43,36.14814814814815,0.7640390966956966,-23.59609033043034,867.5555555555557
2025-02-19,35.2043689,3.0,2.0,19.9,18.4,0.0,18.4,10.840408333333334,2025,2,19,8,2,Wednesday,0,1,2025-02-01,2377419.0,27.268061724,27.928492632,34.491152916,30.22512624,47.675971764,-11.863957031999998,-19.087048223999997,22.65595,23.048121,23.23843,24.207176,23.384348285714285,25.810525907142853,25.603312917,47.511575,0.0,2.2,0.0,0.0,1.3,0.5571428571428572,0.39285714285714285,1.9100000000000001,1.8833333333333335,10.50385,10.778983333333333,9.808188888888889,10.741615873015872,10.464200793650793,10.06930611111111,9.60009324074074,18.2,16.9,18.2,17.7,17.3,17.442857142857143,17.235714285714288,17.616666666666667,17.906666666666663,27.6,12.5,17.04285714285714,15.057142857142855,18.1,10.896872222222221,0.0,12.6,18.3,10.919111111111112,0.0,13.2,17.7,10.940944444444446,0.0,11.3,18.0,10.972961111111113,0.6,22.3,16.7,11.007508333333334,0.5,16.6,0,71,44,36.14814814814815,0.7640390966956966,-23.59609033043034,867.5555555555557
2025-02-20,0.0,0.0,0.0,20.7,18.5,0.0,14.8,10.874216666666667,2025,2,20,8,3,Thursday,0,1,2025-02-01,2377419.0,15.404104692,27.268061724,32.152870512,27.498405065142858,43.25694951085715,14.48783118,-2.2609346399999986,35.2043689,22.65595,23.048121,0.0,24.95537584285714,26.66717404285714,25.204443813666668,47.511575,0.0,0.0,2.2,0.2,0.0,0.5571428571428572,0.3,1.9100000000000001,1.866666666666667,10.840408333333334,10.79136388888889,10.644180555555556,10.750390873015874,10.537930753968254,10.094664999999999,9.688232592592593,18.4,18.2,18.4,17.3,17.7,17.542857142857144,17.314285714285713,17.62,17.89333333333333,18.4,11.1,17.885714285714286,15.2,18.3,10.636472222222222,0.8,13.1,18.4,10.935158333333334,0.0,13.0,18.3,10.951711111111113,1.1,16.3,16.1,7.661230555555556,15.2,11.3,17.1,10.410194444444443,1.4,22.4,0,70,45,36.14814814814815,0.7640390966956966,-23.59609033043034,867.5555555555557
2025-02-21,0.0,0.0,0.0,20.4,17.7,0.0,11.2,10.885597222222223,2025,2,21,8,4,Friday,0,1,2025-02-01,2377419.0,29.891935872,15.404104692,30.921256116,27.175414402285718,39.90634637142857,14.487831179999997,13.458510936,0.0,35.2043689,22.65595,47.511575,24.95537584285714,24.951965185714283,24.830726797,47.511575,0.0,0.0,0.0,0.0,0.0,0.5285714285714286,0.3,1.8900000000000001,1.866666666666667,10.874216666666667,10.803594444444444,10.712161111111111,10.762226984126984,10.554361904761906,10.123805555555556,9.805778518518519,18.5,18.4,18.5,17.2,17.3,17.714285714285715,17.371428571428574,17.603333333333335,17.896666666666665,14.8,11.9,18.414285714285715,15.47857142857143,18.3,10.919111111111112,0.0,13.2,17.7,10.940944444444446,0.0,11.3,18.2,9.546325,3.2,29.7,15.4,9.99385,12.3,9.3,17.7,11.281002777777777,0.0,16.6,0,69,46,36.14814814814815,0.7640390966956966,-23.59609033043034,867.5555555555557
2025-02-22,23.232973,1.0,1.0,20.5,18.1,0.0,12.6,10.896872222222221,2025,2,22,8,5,Saturday,1,1,2025-02-01,2377419.0,44.379767052,29.891935872,29.98713312,29.098058821714282,37.64371178057143,-7.734776400000001,6.657857531999998,0.0,0.0,35.2043689,23.029186,18.168007985714286,23.297253828571428,23.260465797,35.2043689,0.0,0.0,0.0,1.4,0.0,0.5285714285714286,0.3,1.6633333333333336,1.866666666666667,10.885597222222223,10.646497222222223,10.169780555555555,10.773941666666667,10.566750198412697,10.15886787037037,9.811437870370371,17.7,18.5,17.7,17.7,16.6,17.785714285714285,17.4,17.60666666666667,17.856666666666666,11.2,27.9,18.314285714285713,15.299999999999999,18.4,10.935158333333334,0.0,13.0,18.3,10.951711111111113,1.1,16.3,18.0,10.972961111111113,0.6,22.3,15.4,9.768125,3.9,16.0,17.5,6.534805555555556,5.9,26.0,0,68,47,36.14814814814815,0.7640390966956966,-23.59609033043034,867.5555555555557
2025-02-23,24.223723,1.0,1.0,20.1,18.3,0.8,13.1,10.636472222222222,2025,2,23,8,6,Sunday,1,1,2025-02-01,2377419.0,36.644990652,44.379767052,28.82691666,30.049181326285716,34.892766306,-8.692698707999998,-0.8746247159999996,23.232973,0.0,0.0,23.23843,18.197120414285713,23.312558685714286,23.230440230333333,35.2043689,0.0,0.0,0.0,0.1,0.0,0.3285714285714287,0.3,1.4400000000000002,1.866666666666667,10.896872222222221,10.827602777777779,10.162341666666666,10.809709523809525,10.618685317460319,10.191186481481482,9.81684925925926,18.1,17.7,18.1,17.1,16.1,17.842857142857145,17.507142857142856,17.633333333333333,17.783333333333335,12.6,16.8,16.128571428571426,15.057142857142855,17.7,10.940944444444446,0.0,11.3,18.2,9.546325,3.2,29.7,16.1,7.661230555555556,15.2,11.3,16.7,11.007508333333334,0.5,16.6,17.2,10.103399999999999,0.8,22.8,0,67,48,36.14814814814815,0.7640390966956966,-23.59609033043034,867.5555555555557
2025-02-24,24.048951,1.0,1.0,20.3,18.3,0.0,13.2,10.919111111111112,2025,2,24,9,0,Monday,0,1,2025-02-01,2377419.0,27.952291944,36.644990652,27.928492632,29.924234938285714,31.69770867,0.07139793600000033,0.09519724799999807,24.223723,23.232973,0.0,23.048121,18.337876557142856,23.412424257142856,23.265563930333332,35.2043689,0.0,0.8,0.0,0.0,0.0,0.4285714285714287,0.35714285714285715,1.4233333333333336,1.866666666666667,10.636472222222222,10.839419444444445,10.753811111111112,10.782405158730159,10.652551785714286,10.212402222222222,9.841976296296297,18.3,18.1,18.3,16.9,16.6,18.014285714285712,17.664285714285715,17.646666666666665,17.71,13.1,11.5,15.599999999999998,15.085714285714285,18.3,10.951711111111113,1.1,16.3,18.0,10.972961111111113,0.6,22.3,15.4,9.99385,12.3,9.3,17.1,10.410194444444443,1.4,22.4,17.5,11.035061111111112,0.0,19.1,0,66,49,36.14814814814815,0.7640390966956966,-23.59609033043034,867.5555555555557
2025-02-25,0.0,0.0,0.0,22.0,18.4,0.0,13.0,10.935158333333334,2025,2,25,9,1,Tuesday,0,1,2025-02-01,2377419.0,28.02368988,27.952291944,27.268061724,29.93783454514286,30.883432209428573,29.39215032,30.147778476,24.048951,24.223723,23.232973,22.65595,18.48085227142857,20.962177635714287,24.067195630333334,35.2043689,0.0,0.0,0.8,2.2,0.3,0.4285714285714287,0.35714285714285715,1.326666666666667,1.8766666666666667,10.919111111111112,10.50385,9.057036111111112,10.793789682539684,10.66435892857143,10.24418574074074,9.810544166666666,18.3,18.3,18.3,18.2,17.6,18.214285714285715,17.785714285714285,17.66,17.683333333333334,13.2,27.6,15.842857142857142,15.35,18.2,9.546325,3.2,29.7,16.1,7.661230555555556,15.2,11.3,15.4,9.768125,3.9,16.0,17.7,11.281002777777777,0.0,16.6,18.4,10.602813888888889,0.0,13.0,0,65,50,36.14814814814815,0.7640390966956966,-23.59609033043034,867.5555555555557
2025-02-26,24.07606,1.0,1.0,20.9,17.7,0.0,11.3,10.940944444444446,2025,2,26,9,2,Wednesday,0,1,2025-02-01,2377419.0,57.4158402,28.02368988,15.404104692,34.24466004171428,32.234893140857146,-1.8087477119999988,40.202987796,0.0,24.048951,24.223723,35.2043689,15.244287985714283,19.314318135714284,23.295265430333334,35.2043689,0.0,0.0,0.0,0.0,0.0,0.11428571428571435,0.33571428571428574,1.326666666666667,1.7800000000000002,10.935158333333334,10.840408333333334,10.778983333333333,10.85540515873016,10.798510515873016,10.277599444444444,9.84486111111111,18.4,18.3,18.4,18.4,17.7,18.242857142857144,17.84285714285714,17.653333333333332,17.653333333333332,13.0,18.4,13.757142857142856,15.4,18.0,10.972961111111113,0.6,22.3,15.4,9.99385,12.3,9.3,16.7,11.007508333333334,0.5,16.6,17.5,6.534805555555556,5.9,26.0,18.8,11.452108333333332,0.0,20.7,0,64,51,36.14814814814815,0.7640390966956966,-23.59609033043034,867.5555555555557
2025-02-27,24.116643,1.0,1.0,21.4,18.3,1.1,16.3,10.951711111111113,2025,2,27,9,3,Thursday,0,1,2025-02-01,2377419.0,55.607092488,57.4158402,29.891935872,39.987944012571425,33.74317453885714,-0.36293950799999664,25.352217108,24.07606,0.0,24.048951,0.0,13.654529571428569,19.304952707142856,22.635790148333335,24.223723,0.0,0.0,0.0,0.0,0.2,0.11428571428571435,0.33571428571428574,1.326666666666667,1.7866666666666668,10.940944444444446,10.874216666666667,10.79136388888889,10.86976746031746,10.810079166666668,10.302836851851852,9.871239907407407,17.7,18.4,17.7,18.5,17.3,18.142857142857142,17.842857142857145,17.60666666666667,17.633333333333333,11.3,14.8,12.742857142857142,15.314285714285713,16.1,7.661230555555556,15.2,11.3,15.4,9.768125,3.9,16.0,17.1,10.410194444444443,1.4,22.4,17.2,10.103399999999999,0.8,22.8,18.4,4.312475,3.9,26.1,0,63,52,36.14814814814815,0.7640390966956966,-23.59609033043034,867.5555555555557
2025-02-28,23.242016,1.0,1.0,20.8,18.2,3.2,29.7,9.546325,2025,2,28,9,4,Friday,0,1,2025-02-01,2377419.0,55.24415298,55.607092488,44.379767052,43.609689313714284,35.392551858,4.218428052,15.082813980000005,24.116643,24.07606,0.0,0.0,17.099764285714283,21.027570064285715,22.672957548333333,24.223723,0.0,1.1,0.0,0.0,0.0,0.2714285714285715,0.4,1.3100000000000003,1.7866666666666668,10.951711111111113,10.885597222222223,10.803594444444444,10.880838095238094,10.82153253968254,10.36455888888889,9.896776574074073,18.3,17.7,18.3,17.7,17.2,18.114285714285717,17.914285714285715,17.593333333333337,17.623333333333335,16.3,11.2,12.957142857142857,15.685714285714285,15.4,9.99385,12.3,9.3,16.7,11.007508333333334,0.5,16.6,17.7,11.281002777777777,0.0,16.6,17.5,11.035061111111112,0.0,19.1,17.5,10.985247222222222,3.0,29.7,0,62,53,36.14814814814815,0.7640390966956966,-23.59609033043034,867.5555555555557
2025-03-01,23.229285,1.0,1.0,20.2,18.0,0.6,22.3,10.972961111111113,2025,3,1,9,5,Saturday,1,1,2025-03-01,2480830.0,59.462581032,55.24415298,36.644990652,45.764377025142856,37.43121792342857,3.914986823999996,26.732577204000002,23.242016,24.116643,24.07606,23.232973,20.420052285714284,19.294030135714284,22.64383458166667,24.223723,0.0,3.2,1.1,0.0,1.4,0.7285714285714286,0.6285714285714287,1.416666666666667,1.8333333333333335,9.546325,10.896872222222221,10.646497222222223,10.689513492063494,10.73172757936508,10.349436388888888,9.917319907407409,18.2,18.3,18.2,18.1,17.7,18.185714285714287,17.985714285714288,17.62,17.616666666666667,29.7,12.6,15.599999999999998,16.957142857142856,15.4,9.768125,3.9,16.0,17.1,10.410194444444443,1.4,22.4,17.5,6.534805555555556,5.9,26.0,18.4,10.602813888888889,0.0,13.0,17.3,11.277794444444444,0.0,9.6,0,61,54,42.39876160990712,0.8889717031741367,0.1110282968258633,1017.5702786377708
2025-03-02,23.058164,1.0,1.0,19.5,16.1,15.2,11.3,7.661230555555556,2025,3,2,9,6,Sunday,1,1,2025-03-01,2480830.0,63.377567856,59.462581032,27.952291944,49.58331662571429,39.816248976,-0.345090024000001,35.080185888,23.229285,23.242016,24.116643,24.223723,20.419525428571426,19.308322921428573,22.278341968333336,24.223723,0.0,0.6,3.2,0.8,0.1,0.8142857142857143,0.5714285714285714,1.3833333333333335,1.836666666666667,10.972961111111113,10.636472222222222,10.827602777777779,10.700383333333335,10.75504642857143,10.381670740740741,9.944906666666668,18.0,18.2,18.0,18.3,17.1,18.17142857142857,18.007142857142856,17.613333333333333,17.64666666666667,22.3,13.1,16.985714285714288,16.557142857142857,16.7,11.007508333333334,0.5,16.6,17.7,11.281002777777777,0.0,16.6,17.2,10.103399999999999,0.8,22.8,18.8,11.452108333333332,0.0,20.7,17.9,11.630605555555556,0.0,12.6,0,60,55,42.39876160990712,0.8889717031741367,0.1110282968258633,1017.5702786377708
2025-03-03,24.05328,1.0,1.0,18.1,15.4,12.3,9.3,9.99385,2025,3,3,10,0,Monday,0,1,2025-03-01,2480830.0,63.032477832,63.377567856,28.02368988,54.59477175257143,42.25950334542858,0.06544810800000533,35.074236060000004,23.058164,23.229285,23.242016,24.048951,20.253016999999996,19.295446778571428,23.046947435,24.116643,0.0,15.2,0.6,0.0,0.0,2.8714285714285714,1.6500000000000001,1.7866666666666668,1.836666666666667,7.661230555555556,10.919111111111112,10.839419444444445,10.275348809523809,10.528876984126985,10.364559814814816,10.040716481481484,16.1,18.0,16.1,18.3,16.9,17.857142857142858,17.935714285714287,17.56,17.63,11.3,13.2,16.72857142857143,16.164285714285715,17.1,10.410194444444443,1.4,22.4,17.5,6.534805555555556,5.9,26.0,17.5,11.035061111111112,0.0,19.1,18.4,4.312475,3.9,26.1,18.6,11.04081388888889,2.0,27.9,0,59,56,42.39876160990712,0.8889717031741367,0.1110282968258633,1017.5702786377708
2025-03-04,23.20086,1.0,1.0,17.0,15.4,3.9,16.0,9.768125,2025,3,4,10,1,Tuesday,0,1,2025-03-01,2480830.0,63.09792594,63.032477832,57.4158402,59.605376904,44.77160572457143,-0.3331903680000039,5.348895372000001,24.05328,23.058164,23.229285,0.0,20.253635428571425,19.36724385,23.074674535,24.116643,0.0,12.3,15.2,0.0,2.2,4.628571428571428,2.5285714285714285,1.896666666666667,1.9100000000000001,9.99385,10.935158333333334,10.50385,10.143168650793651,10.468479166666667,10.354337777777777,10.06930611111111,15.4,16.1,15.4,18.4,18.2,17.442857142857143,17.82857142857143,17.490000000000002,17.616666666666667,9.3,13.0,16.17142857142857,16.007142857142856,17.7,11.281002777777777,0.0,16.6,17.2,10.103399999999999,0.8,22.8,18.4,10.602813888888889,0.0,13.0,17.5,10.985247222222222,3.0,29.7,18.4,11.26451111111111,0.0,21.3,0,58,57,42.39876160990712,0.8889717031741367,0.1110282968258633,1017.5702786377708
2025-03-05,24.229291,1.0,1.0,19.3,16.7,0.5,16.6,11.007508333333334,2025,3,5,10,2,Wednesday,0,1,2025-03-01,2480830.0,62.764735572,63.09792594,55.607092488,60.36950481428572,47.307082427999994,-4.664665151999998,2.4929779320000023,23.20086,24.05328,23.058164,24.07606,23.568043999999997,19.406165992857144,23.05189310333333,24.116643,23.058164,3.9,12.3,0.0,0.0,5.185714285714285,2.6499999999999995,1.8633333333333335,1.9100000000000001,9.768125,10.940944444444446,10.840408333333334,9.976449603174602,10.41592738095238,10.354159351851852,10.094664999999999,15.4,15.4,15.4,17.7,18.4,17.014285714285712,17.62857142857143,17.413333333333334,17.62,16.0,11.3,16.6,15.178571428571429,17.5,6.534805555555556,5.9,26.0,17.5,11.035061111111112,0.0,19.1,18.8,11.452108333333332,0.0,20.7,17.3,11.277794444444444,0.0,9.6,18.5,11.673583333333333,0.0,15.4,0,57,58,42.39876160990712,0.8889717031741367,0.1110282968258633,1017.5702786377708
2025-03-06,23.031398,1.0,1.0,20.2,17.1,1.4,22.4,10.410194444444443,2025,3,6,10,3,Thursday,0,1,2025-03-01,2480830.0,58.10007042,62.764735572,55.24415298,60.72564451885715,50.35679426571429,-4.5992170439999995,-1.7432996040000006,24.229291,23.20086,24.05328,24.116643,23.58993414285714,18.622231857142857,23.05283367,24.229291,23.058164,0.5,3.9,1.1,0.0,5.257142857142857,2.6857142857142855,1.6233333333333335,1.8900000000000001,11.007508333333334,10.951711111111113,10.874216666666667,9.98595873015873,10.427863095238095,10.383383518518519,10.123805555555556,16.7,15.4,16.7,18.3,18.5,16.871428571428574,17.507142857142856,17.386666666666667,17.603333333333335,16.6,16.3,17.357142857142858,15.05,17.2,10.103399999999999,0.8,22.8,18.4,10.602813888888889,0.0,13.0,18.4,4.312475,3.9,26.1,17.9,11.630605555555556,0.0,12.6,18.8,5.406416666666666,4.1,21.4,0,56,59,42.39876160990712,0.8889717031741367,0.1110282968258633,1017.5702786377708
2025-03-07,0.0,0.0,0.0,20.4,17.7,0.0,16.6,11.281002777777777,2025,3,7,10,4,Friday,0,1,2025-03-01,2480830.0,53.500853376,58.10007042,59.462581032,60.476601718285714,52.043145516,16.320378204,10.358650548,23.031398,24.229291,23.20086,23.242016,23.43489914285714,20.267331714285714,22.67647918666667,24.229291,23.031398,1.4,0.5,3.2,0.0,5.3,2.7857142857142856,1.4833333333333336,1.6633333333333336,10.410194444444443,9.546325,10.885597222222223,9.908599206349207,10.39471865079365,10.45798324074074,10.15886787037037,17.1,16.7,17.1,18.2,17.7,16.7,17.407142857142855,17.396666666666665,17.60666666666667,22.4,29.7,18.228571428571428,15.592857142857142,17.5,11.035061111111112,0.0,19.1,18.8,11.452108333333332,0.0,20.7,17.5,10.985247222222222,3.0,29.7,18.6,11.04081388888889,2.0,27.9,18.2,11.865222222222224,0.0,22.3,0,55,60,42.39876160990712,0.8889717031741367,0.1110282968258633,1017.5702786377708
2025-03-08,47.29197,2.0,2.0,18.9,17.5,5.9,26.0,6.534805555555556,2025,3,8,10,5,Saturday,1,1,2025-03-01,2480830.0,69.82123158,53.500853376,63.377567856,61.95640893942857,53.86039298228572,-24.590639124000006,-18.146975400000002,0.0,23.031398,24.229291,23.229285,20.114611142857143,20.267331714285714,21.902769353333333,24.229291,0.0,0.0,1.4,0.6,0.0,4.842857142857143,2.7857142857142856,1.4400000000000002,1.4400000000000002,11.281002777777777,10.972961111111113,10.896872222222221,10.156410317460317,10.422961904761905,10.507077037037039,10.191186481481482,17.7,17.1,17.7,18.0,18.1,16.62857142857143,17.40714285714286,17.41,17.633333333333333,16.6,22.3,16.357142857142858,15.97857142857143,18.4,10.602813888888889,0.0,13.0,18.4,4.312475,3.9,26.1,17.3,11.277794444444444,0.0,9.6,18.4,11.26451111111111,0.0,21.3,17.6,10.0,6.6,24.0,0,54,61,42.39876160990712,0.8889717031741367,0.1110282968258633,1017.5702786377708
2025-03-09,0.0,0.0,0.0,18.8,17.2,0.8,22.8,10.103399999999999,2025,3,9,10,6,Sunday,1,1,2025-03-01,2480830.0,45.230592456,69.82123158,63.032477832,59.363983882285716,54.473650254,23.049633672,5.2477482959999975,47.29197,0.0,23.031398,23.058164,23.55213757142857,21.985831499999996,22.678737553333335,47.29197,0.0,5.9,0.0,15.2,0.8,5.6000000000000005,3.207142857142857,1.636666666666667,1.4233333333333336,6.534805555555556,7.661230555555556,10.636472222222222,9.522388095238096,10.111385714285714,10.370097870370369,10.212402222222222,17.5,17.7,17.5,16.1,18.3,16.557142857142857,17.364285714285717,17.403333333333332,17.646666666666665,26.0,11.3,16.885714285714286,16.935714285714287,18.8,11.452108333333332,0.0,20.7,17.5,10.985247222222222,3.0,29.7,17.9,11.630605555555556,0.0,12.6,18.5,11.673583333333333,0.0,15.4,17.0,9.097622222222222,3.1,25.3,0,53,62,42.39876160990712,0.8889717031741367,0.1110282968258633,1017.5702786377708
2025-03-10,34.0253355,3.0,2.0,20.6,17.5,0.0,19.1,11.035061111111112,2025,3,10,11,0,Monday,0,1,2025-03-01,2480830.0,68.280226128,45.230592456,63.09792594,60.11366221028571,57.35421698142857,-4.837210163999998,0.3450900239999939,0.0,47.29197,0.0,24.05328,20.258114142857142,20.25556557142857,21.906538920000003,47.29197,0.0,0.8,5.9,12.3,0.0,3.542857142857143,3.207142857142857,1.6633333333333336,1.326666666666667,10.103399999999999,9.99385,10.919111111111112,9.871269444444446,10.073309126984128,10.349805833333333,10.24418574074074,17.2,17.5,17.2,15.4,18.3,16.714285714285715,17.285714285714285,17.4,17.66,22.8,9.3,18.52857142857143,17.628571428571426,18.4,4.312475,3.9,26.1,17.3,11.277794444444444,0.0,9.6,18.6,11.04081388888889,2.0,27.9,18.8,5.406416666666666,4.1,21.4,17.3,10.202802777777777,3.8,25.2,0,52,63,42.39876160990712,0.8889717031741367,0.1110282968258633,1017.5702786377708
2025-03-11,23.101197,1.0,1.0,21.1,18.4,0.0,13.0,10.602813888888889,2025,3,11,11,1,Tuesday,0,1,2025-03-01,2480830.0,63.443015964,68.280226128,62.764735572,60.16296078514285,59.88416884457143,0.5414343480000028,1.2197147400000006,34.0253355,0.0,47.29197,23.20086,21.682693499999996,20.968164464285714,22.273426603333334,47.29197,0.0,0.0,0.8,3.9,0.0,1.7857142857142858,3.207142857142857,1.6633333333333336,1.326666666666667,11.035061111111112,9.768125,10.935158333333334,10.020013888888888,10.08159126984127,10.37864851851852,10.277599444444444,17.5,17.2,17.5,15.4,18.4,17.014285714285712,17.228571428571428,17.43,17.653333333333332,19.1,16.0,19.928571428571427,18.05,17.5,10.985247222222222,3.0,29.7,17.9,11.630605555555556,0.0,12.6,18.4,11.26451111111111,0.0,21.3,18.2,11.865222222222224,0.0,22.3,17.3,10.086155555555557,6.7,21.8,0,51,64,42.39876160990712,0.8889717031741367,0.1110282968258633,1017.5702786377708
2025-03-12,47.492183999999995,2.0,2.0,22.5,18.8,0.0,20.7,11.452108333333332,2025,3,12,11,2,Wednesday,0,1,2025-03-01,2480830.0,63.984450312,63.443015964,58.10007042,60.337205747999995,60.35335528114285,-24.632287920000003,-18.747908028000005,23.101197,34.0253355,0.0,24.229291,21.66845592857143,22.618249964285713,22.28261300333333,47.29197,0.0,0.0,0.0,0.5,0.0,1.2285714285714284,3.207142857142857,1.6633333333333336,1.326666666666667,10.602813888888889,11.007508333333334,10.940944444444446,10.13925515873016,10.057852380952381,10.393330925925927,10.302836851851852,18.4,17.5,18.4,16.7,17.7,17.442857142857143,17.22857142857143,17.506666666666668,17.60666666666667,13.0,16.6,19.5,18.05,17.3,11.277794444444444,0.0,9.6,18.6,11.04081388888889,2.0,27.9,18.5,11.673583333333333,0.0,15.4,17.6,10.0,6.6,24.0,17.1,10.886316666666666,1.0,16.9,0,50,65,42.39876160990712,0.8889717031741367,0.1110282968258633,1017.5702786377708
2025-03-13,24.114693,1.0,1.0,19.9,18.4,3.9,26.1,4.312475,2025,3,13,11,3,Thursday,0,1,2025-03-01,2480830.0,39.352162392,63.984450312,53.500853376,57.65893317257142,59.19228884571429,4.111331148000005,-10.037359836,47.492183999999995,23.101197,34.0253355,23.031398,24.991726357142852,24.29083025,21.92060568,47.492183999999995,0.0,0.0,0.0,1.4,1.1,1.157142857142857,3.207142857142857,1.6633333333333336,1.3100000000000003,11.452108333333332,10.410194444444443,10.951711111111113,10.202769444444444,10.094364087301587,10.416607500000001,10.36455888888889,18.8,18.4,18.8,17.1,18.3,17.742857142857144,17.307142857142857,17.58,17.593333333333337,20.7,22.4,20.085714285714285,18.721428571428568,17.9,11.630605555555556,0.0,12.6,18.4,11.26451111111111,0.0,21.3,18.8,5.406416666666666,4.1,21.4,17.0,9.097622222222222,3.1,25.3,17.7,11.090566666666668,0.1,19.3,0,49,66,42.39876160990712,0.8889717031741367,0.1110282968258633,1017.5702786377708
2025-03-14,24.082256,1.0,1.0,19.6,17.5,3.0,29.7,10.985247222222222,2025,3,14,11,4,Friday,0,1,2025-03-01,2480830.0,43.46349354,39.352162392,69.82123158,56.22502462457142,58.35081317142857,12.274495164000001,-14.083242876,24.114693,47.492183999999995,23.101197,0.0,25.146482785714284,24.290690964285712,21.955427680000003,47.492183999999995,0.0,3.9,0.0,0.0,3.2,1.5142857142857145,3.4071428571428575,1.7833333333333337,1.416666666666667,4.312475,11.281002777777777,9.546325,9.331666666666665,9.620132936507938,10.258455462962964,10.349436388888888,18.4,18.8,18.4,17.7,18.2,17.928571428571427,17.314285714285713,17.60666666666667,17.62,26.1,16.6,20.614285714285717,19.421428571428574,18.6,11.04081388888889,2.0,27.9,18.5,11.673583333333333,0.0,15.4,18.2,11.865222222222224,0.0,22.3,17.3,10.202802777777777,3.8,25.2,17.5,10.278338888888888,5.7,12.9,0,48,67,42.39876160990712,0.8889717031741367,0.1110282968258633,1017.5702786377708
2025-03-15,24.166957,1.0,1.0,19.9,17.3,0.0,9.6,11.277794444444444,2025,3,15,11,5,Saturday,1,1,2025-03-01,2480830.0,55.737988704,43.46349354,45.230592456,54.21313278514286,58.08477086228571,11.578365288,22.085761536000007,24.082256,24.114693,47.492183999999995,47.29197,28.586805071428568,24.350708107142857,21.95126368,47.492183999999995,0.0,3.0,3.9,5.9,0.6,1.942857142857143,3.392857142857143,1.8833333333333335,1.3833333333333335,10.985247222222222,6.534805555555556,10.972961111111113,9.289415873015873,9.722913095238097,10.265330925925927,10.381670740740741,17.5,18.4,17.5,17.5,18.0,17.9,17.264285714285712,17.6,17.613333333333333,29.7,26.0,22.485714285714288,19.421428571428574,18.4,11.26451111111111,0.0,21.3,18.8,5.406416666666666,4.1,21.4,17.6,10.0,6.6,24.0,17.3,10.086155555555557,6.7,21.8,17.9,12.0,0.2,19.0,0,47,68,42.39876160990712,0.8889717031741367,0.1110282968258633,1017.5702786377708
2025-03-16,23.262904,1.0,1.0,20.4,17.9,0.0,12.6,11.630605555555556,2025,3,16,11,6,Sunday,1,1,2025-03-01,2480830.0,67.316353992,55.737988704,68.280226128,57.368241575999996,58.366112729142856,11.661662879999994,10.697790744000002,24.166957,24.082256,24.114693,0.0,25.283231785714285,24.417684678571426,22.756828913333333,47.492183999999995,0.0,0.0,3.0,0.8,15.2,1.1,3.3500000000000005,1.8766666666666667,1.7866666666666668,11.277794444444444,10.103399999999999,7.661230555555556,9.966985714285714,9.744686904761904,10.281545277777779,10.364559814814816,17.3,17.5,17.3,17.2,16.1,17.87142857142857,17.214285714285715,17.6,17.56,9.6,22.8,20.142857142857142,18.514285714285712,18.5,11.673583333333333,0.0,15.4,18.2,11.865222222222224,0.0,22.3,17.0,9.097622222222222,3.1,25.3,17.1,10.886316666666666,1.0,16.9,18.4,12.0,1.5,18.8,0,46,69,42.39876160990712,0.8889717031741367,0.1110282968258633,1017.5702786377708
2025-03-17,58.3005495,4.0,3.0,21.4,18.6,2.0,27.9,11.04081388888889,2025,3,17,12,0,Monday,0,1,2025-03-01,2480830.0,78.978016872,67.316353992,63.443015964,58.89649739657143,59.505079803428565,-18.77170734,-3.2367064319999983,23.262904,24.166957,24.082256,34.0253355,28.606503785714285,24.43230896428571,21.948539880000002,47.492183999999995,23.101197,0.0,0.0,0.0,12.3,0.9857142857142858,2.2642857142857142,1.8766666666666667,1.896666666666667,11.630605555555556,11.035061111111112,9.99385,10.185157936507936,10.028213690476191,10.309112314814817,10.354337777777777,17.9,17.3,17.9,17.5,15.4,17.97142857142857,17.342857142857145,17.62333333333333,17.490000000000002,12.6,19.1,18.685714285714287,18.607142857142858,18.8,5.406416666666666,4.1,21.4,17.6,10.0,6.6,24.0,17.3,10.202802777777777,3.8,25.2,17.7,11.090566666666668,0.1,19.3,19.3,12.0,5.1,15.6,0,45,70,42.39876160990712,0.8889717031741367,0.1110282968258633,1017.5702786377708
2025-03-18,47.344887,2.0,2.0,20.7,18.4,0.0,21.3,11.26451111111111,2025,3,18,12,1,Tuesday,0,1,2025-03-01,2480830.0,60.206309532,78.978016872,63.984450312,58.43411076342858,59.29853577428571,-21.157588368,-24.935729148,58.3005495,23.262904,24.166957,23.101197,32.0743915,26.878542500000002,23.124251996666665,58.3005495,23.101197,2.0,0.0,0.0,3.9,1.2714285714285716,1.5285714285714285,1.896666666666667,1.8633333333333335,11.04081388888889,10.602813888888889,9.768125,10.185979761904761,10.102996825396826,10.322256203703704,10.354159351851852,18.6,17.9,18.6,18.4,15.4,18.12857142857143,17.571428571428573,17.653333333333332,17.413333333333334,27.9,13.0,19.942857142857143,19.935714285714287,18.2,11.865222222222224,0.0,22.3,17.0,9.097622222222222,3.1,25.3,17.3,10.086155555555557,6.7,21.8,17.5,10.278338888888888,5.7,12.9,18.7,11.736738888888889,0.7,21.7,0,44,71,42.39876160990712,0.8889717031741367,0.1110282968258633,1017.5702786377708
2025-03-19,47.239986,2.0,2.0,22.4,18.5,0.0,15.4,11.673583333333333,2025,3,19,12,2,Wednesday,0,1,2025-03-01,2480830.0,39.048721164,60.206309532,39.352162392,54.87186374228571,57.604534745142864,-19.574934119999998,-19.878375347999995,47.344887,58.3005495,23.262904,47.492183999999995,35.53777578571429,28.603115857142857,23.92780056333333,58.3005495,23.262904,0.0,2.0,0.0,0.5,1.2714285714285716,1.25,1.8933333333333335,1.6233333333333335,11.26451111111111,11.452108333333332,11.007508333333334,10.280507936507936,10.209881547619048,10.336819814814815,10.383383518518519,18.4,18.6,18.4,18.8,16.7,18.128571428571426,17.785714285714285,17.696666666666665,17.386666666666667,21.3,20.7,21.12857142857143,20.314285714285717,17.6,10.0,6.6,24.0,17.3,10.202802777777777,3.8,25.2,17.1,10.886316666666666,1.0,16.9,17.9,12.0,0.2,19.0,16.9,5.0623499999999995,8.8,27.2,0,43,72,42.39876160990712,0.8889717031741367,0.1110282968258633,1017.5702786377708
2025-03-20,11.203002999999999,2.0,1.0,20.5,18.8,4.1,21.4,5.406416666666666,2025,3,20,12,3,Thursday,0,1,2025-03-01,2480830.0,19.473787044,39.048721164,43.46349354,52.03209583542857,54.845514504,19.789127927999996,-4.2005785680000045,47.239986,47.344887,58.3005495,24.114693,35.5017475,30.246736928571426,24.734196063333336,58.3005495,23.262904,0.0,0.0,3.9,1.4,1.2714285714285716,1.2142857142857142,1.8933333333333335,1.4833333333333336,11.673583333333333,4.312475,10.410194444444443,10.312147222222222,10.257458333333334,10.364625277777778,10.45798324074074,18.5,18.4,18.5,18.4,17.1,18.085714285714285,17.914285714285715,17.75,17.396666666666665,15.4,26.1,20.37142857142857,20.228571428571428,17.0,9.097622222222222,3.1,25.3,17.3,10.086155555555557,6.7,21.8,17.7,11.090566666666668,0.1,19.3,18.4,12.0,1.5,18.8,18.6,11.428102777777777,0.9,9.3,0,42,73,42.39876160990712,0.8889717031741367,0.1110282968258633,1017.5702786377708
2025-03-21,47.130836,2.0,2.0,19.9,18.2,0.0,22.3,11.865222222222224,2025,3,21,12,4,Friday,0,1,2025-03-01,2480830.0,39.262914972,19.473787044,55.737988704,51.43201318285714,53.82851890371428,-19.319091515999997,-35.794165248,11.203002999999999,47.239986,47.344887,24.082256,33.657220357142855,29.401851571428573,24.352431163333332,58.3005495,11.203002999999999,4.1,0.0,3.0,0.0,1.3,1.4071428571428573,1.956666666666667,1.4400000000000002,5.406416666666666,10.985247222222222,11.281002777777777,10.468424603174602,9.900045634920636,10.194710833333334,10.507077037037039,18.8,18.5,18.8,17.5,17.7,18.142857142857142,18.035714285714285,17.769999999999996,17.41,21.4,29.7,19.699999999999996,20.157142857142855,17.3,10.202802777777777,3.8,25.2,17.1,10.886316666666666,1.0,16.9,17.5,10.278338888888888,5.7,12.9,19.3,12.0,5.1,15.6,18.3,11.616983333333334,0.6,9.0,0,41,74,42.39876160990712,0.8889717031741367,0.1110282968258633,1017.5702786377708
2025-03-22,23.195885,1.0,1.0,19.4,17.6,6.6,24.0,10.0,2025,3,22,12,5,Saturday,1,1,2025-03-01,2480830.0,19.943823456,39.262914972,67.316353992,46.31856100457143,50.26584689485714,4.1232308039999985,-43.249299732000004,47.130836,11.203002999999999,47.239986,24.166957,36.94987464285714,32.768339857142855,24.74998006666667,58.3005495,11.203002999999999,0.0,4.1,0.0,5.9,0.8714285714285713,1.4071428571428573,1.956666666666667,1.636666666666667,11.865222222222224,11.277794444444444,6.534805555555556,10.594135317460317,9.941775595238097,10.228871296296298,10.370097870370369,18.2,18.8,18.2,17.3,17.5,18.242857142857144,18.071428571428573,17.763333333333332,17.403333333333332,22.3,9.6,18.642857142857142,20.564285714285713,17.3,10.086155555555557,6.7,21.8,17.7,11.090566666666668,0.1,19.3,17.9,12.0,0.2,19.0,18.7,11.736738888888889,0.7,21.7,17.9,12.0,0.6,10.8,0,40,75,42.39876160990712,0.8889717031741367,0.1110282968258633,1017.5702786377708
2025-03-23,24.105713,1.0,1.0,19.1,17.0,3.1,25.3,9.097622222222222,2025,3,23,12,6,Sunday,1,1,2025-03-01,2480830.0,24.06705426,19.943823456,78.978016872,40.14008961428571,48.75416559514286,2.974914000000002,-51.93604861199999,23.195885,47.130836,11.203002999999999,23.262904,36.81115007142857,31.047190928571432,25.523176233333334,58.3005495,11.203002999999999,6.6,0.0,0.0,0.8,1.8142857142857143,1.457142857142857,2.176666666666667,1.6633333333333336,10.0,11.630605555555556,10.103399999999999,10.411593253968253,10.189289484126984,10.19973074074074,10.349805833333333,17.6,18.2,17.6,17.9,17.2,18.285714285714285,18.07857142857143,17.733333333333334,17.4,24.0,12.6,20.7,20.42142857142857,17.1,10.886316666666666,1.0,16.9,17.5,10.278338888888888,5.7,12.9,18.4,12.0,1.5,18.8,16.9,5.0623499999999995,8.8,27.2,18.9,12.0,0.0,11.5,0,39,76,42.39876160990712,0.8889717031741367,0.1110282968258633,1017.5702786377708
2025-03-24,30.406644,2.0,2.0,19.1,17.3,3.8,25.2,10.202802777777777,2025,3,24,13,0,Monday,0,1,2025-03-01,2480830.0,27.04196826,24.06705426,60.206309532,32.72065409828571,45.80857574742857,1.1840157719999986,-31.9803255,24.105713,23.195885,47.130836,58.3005495,36.93155135714286,32.76902757142857,26.326700000000002,58.3005495,11.203002999999999,3.1,6.6,2.0,0.0,2.257142857142857,1.6214285714285714,2.2800000000000002,1.6633333333333336,9.097622222222222,11.04081388888889,11.035061111111112,10.049738492063494,10.117448214285714,10.140131574074074,10.37864851851852,17.0,17.6,17.0,18.6,17.5,18.157142857142855,18.064285714285713,17.71,17.43,25.3,27.9,22.514285714285712,20.599999999999998,17.7,11.090566666666668,0.1,19.3,17.9,12.0,0.2,19.0,19.3,12.0,5.1,15.6,18.6,11.428102777777777,0.9,9.3,20.3,12.0,0.0,20.8,0,38,77,42.39876160990712,0.8889717031741367,0.1110282968258633,1017.5702786377708
2025-03-25,46.068364,2.0,2.0,18.9,17.3,6.7,21.8,10.086155555555557,2025,3,25,13,1,Tuesday,0,1,2025-03-01,2480830.0,28.225984032,27.04196826,39.048721164,28.152036169714286,43.293073466571435,-9.127036151999999,-19.949773284,30.406644,24.105713,23.195885,47.344887,32.946707714285715,32.510549607142856,26.565822366666666,47.344887,11.203002999999999,3.8,3.1,0.0,0.0,2.514285714285714,1.8928571428571426,2.4066666666666667,1.6633333333333336,10.202802777777777,11.26451111111111,10.602813888888889,9.93002261904762,10.05800119047619,10.116995925925925,10.393330925925927,17.3,17.0,17.3,18.4,18.4,17.97142857142857,18.05,17.683333333333334,17.506666666666668,25.2,21.3,22.12857142857143,21.035714285714285,17.5,10.278338888888888,5.7,12.9,18.4,12.0,1.5,18.8,18.7,11.736738888888889,0.7,21.7,18.3,11.616983333333334,0.6,9.0,19.5,12.0,0.3,17.3,0,37,78,42.39876160990712,0.8889717031741367,0.1110282968258633,1017.5702786377708
2025-03-26,28.126297,2.0,2.0,18.9,17.1,1.0,16.9,10.886316666666666,2025,3,26,13,2,Wednesday,0,1,2025-03-01,2480830.0,19.09894788,28.225984032,19.473787044,25.302068557714286,40.08696615,14.190339779999999,13.815500615999998,46.068364,30.406644,24.105713,47.239986,32.76434728571429,34.151061535714284,27.29397706666667,47.239986,11.203002999999999,6.7,3.8,0.0,0.0,3.471428571428571,2.371428571428571,2.6033333333333335,1.6633333333333336,10.086155555555557,11.673583333333333,11.452108333333332,9.761686111111112,10.021097023809526,10.098652037037038,10.416607500000001,17.3,17.3,17.3,18.5,18.8,17.814285714285713,17.97142857142857,17.65,17.58,21.8,15.4,22.2,21.664285714285715,17.9,12.0,0.2,19.0,19.3,12.0,5.1,15.6,16.9,5.0623499999999995,8.8,27.2,17.9,12.0,0.6,10.8,19.0,12.0,13.6,21.1,0,36,79,42.39876160990712,0.8889717031741367,0.1110282968258633,1017.5702786377708
2025-03-27,47.545446999999996,2.0,2.0,20.1,17.7,0.1,19.3,11.090566666666668,2025,3,27,13,3,Thursday,0,1,2025-03-01,2480830.0,33.28928766,19.09894788,39.262914972,27.275711502857146,39.653903669142856,-9.591122735999999,-15.564750047999997,28.126297,46.068364,30.406644,11.203002999999999,30.03382028571428,32.767783892857146,27.4298886,47.130836,11.203002999999999,1.0,6.7,4.1,3.9,3.614285714285714,2.4428571428571426,2.636666666666667,1.7833333333333337,10.886316666666666,5.406416666666666,4.312475,9.649219444444444,9.980683333333333,10.097558888888889,10.258455462962964,17.1,17.3,17.1,18.8,18.4,17.614285714285717,17.85,17.61,17.60666666666667,16.9,21.4,22.414285714285715,21.392857142857142,18.4,12.0,1.5,18.8,18.7,11.736738888888889,0.7,21.7,18.6,11.428102777777777,0.9,9.3,18.9,12.0,0.0,11.5,18.5,11.609074999999999,38.2,18.6,0,35,80,42.39876160990712,0.8889717031741367,0.1110282968258633,1017.5702786377708
2025-03-28,0.0,0.0,0.0,19.6,17.5,5.7,12.9,10.278338888888888,2025,3,28,13,4,Friday,0,1,2025-03-01,2480830.0,23.698164924,33.28928766,19.943823456,25.052175781714286,38.242094482285715,31.093801128,34.848142596,47.545446999999996,28.126297,46.068364,47.130836,35.225598,34.441409178571426,29.014736833333338,47.545446999999996,23.195885,0.1,1.0,0.0,3.0,3.0428571428571423,2.1714285714285713,2.6400000000000006,1.8833333333333335,11.090566666666668,11.865222222222224,10.985247222222222,10.461240873015873,10.464832738095238,10.102739166666668,10.265330925925927,17.7,17.1,17.7,18.2,17.5,17.45714285714286,17.8,17.586666666666666,17.6,19.3,22.3,22.114285714285717,20.907142857142855,19.3,12.0,5.1,15.6,16.9,5.0623499999999995,8.8,27.2,18.3,11.616983333333334,0.6,9.0,20.3,12.0,0.0,20.8,18.6,11.612419444444445,13.4,12.1,0,34,81,42.39876160990712,0.8889717031741367,0.1110282968258633,1017.5702786377708
2025-03-29,23.13377,1.0,1.0,21.5,17.9,0.2,19.0,12.0,2025,3,29,13,5,Saturday,1,1,2025-03-01,2480830.0,54.791966052,23.698164924,24.06705426,30.030481866857144,38.17452143571428,10.073058804000006,40.797970596000006,0.0,47.545446999999996,28.126297,23.195885,28.492621428571425,32.72124803571428,28.2122015,47.545446999999996,0.0,5.7,0.1,6.6,0.0,3.8571428571428568,2.3642857142857143,2.83,1.8766666666666667,10.278338888888888,10.0,11.277794444444444,10.234543253968253,10.414339285714288,10.080652314814815,10.281545277777779,17.5,17.7,17.5,17.6,17.3,17.357142857142858,17.8,17.58,17.6,12.9,24.0,20.77142857142857,19.70714285714286,18.7,11.736738888888889,0.7,21.7,18.6,11.428102777777777,0.9,9.3,17.9,12.0,0.6,10.8,19.5,12.0,0.3,17.3,18.5,11.824491666666667,8.2,26.0,0,33,82,42.39876160990712,0.8889717031741367,0.1110282968258633,1017.5702786377708
2025-03-30,0.0,0.0,0.0,22.3,18.4,1.5,18.8,12.0,2025,3,30,13,6,Sunday,1,1,2025-03-01,2480830.0,64.865024856,54.791966052,27.04196826,35.858763380571425,37.999426497428566,7.66337846399999,45.48643505999999,23.13377,0.0,47.545446999999996,24.105713,28.483747857142852,32.647448964285715,28.179439066666664,47.545446999999996,0.0,0.2,5.7,3.1,0.0,2.9428571428571426,2.3785714285714286,2.8,1.8766666666666667,12.0,9.097622222222222,11.630605555555556,10.520257539682538,10.465925396825398,10.115595277777777,10.309112314814817,17.9,17.5,17.9,17.0,17.9,17.400000000000002,17.84285714285714,17.566666666666666,17.62333333333333,19.0,25.3,20.057142857142857,20.37857142857143,16.9,5.0623499999999995,8.8,27.2,18.3,11.616983333333334,0.6,9.0,18.9,12.0,0.0,11.5,19.0,12.0,13.6,21.1,18.9,12.0,1.6,21.8,0,32,83,42.39876160990712,0.8889717031741367,0.1110282968258633,1017.5702786377708
2025-03-31,82.45002769999999,5.0,4.0,22.9,19.3,5.1,15.6,12.0,2025,3,31,14,0,Monday,0,1,2025-03-01,2480830.0,72.52840332,64.865024856,28.225984032,42.356825532,37.538739815142854,-22.585547088,21.716872199999997,0.0,23.13377,0.0,30.406644,25.040074571428566,30.985812964285717,27.4047052,47.545446999999996,0.0,1.5,0.2,3.8,2.0,2.714285714285714,2.4857142857142853,2.743333333333333,1.896666666666667,12.0,10.202802777777777,11.04081388888889,10.934882936507936,10.492310714285717,10.197384444444445,10.322256203703704,18.4,17.9,18.4,17.3,18.6,17.6,17.878571428571426,17.573333333333334,17.653333333333332,18.8,25.2,19.12857142857143,20.821428571428573,18.6,11.428102777777777,0.9,9.3,17.9,12.0,0.6,10.8,20.3,12.0,0.0,20.8,18.5,11.609074999999999,38.2,18.6,19.1,12.0,1.1,23.4,0,31,84,42.39876160990712,0.8889717031741367,0.1110282968258633,1017.5702786377708
2025-04-01,0.0,0.0,0.0,20.8,18.7,0.7,21.7,11.736738888888889,2025,4,1,14,1,Tuesday,0,2,2025-04-01,2133150.0,49.942856232,72.52840332,19.09894788,45.45923584628571,36.805636008,-0.7556281560000002,30.088280195999996,82.45002769999999,0.0,23.13377,46.068364,32.474843671428566,32.71077569285714,29.378729956666668,82.45002769999999,0.0,5.1,1.5,6.7,0.0,2.8999999999999995,2.707142857142857,2.8933333333333335,1.8933333333333335,12.0,10.086155555555557,11.26451111111111,11.191625396825398,10.560824007936509,10.231619074074073,10.336819814814815,19.3,18.4,19.3,17.3,18.4,17.885714285714283,17.928571428571427,17.616666666666667,17.696666666666665,15.6,21.8,17.75714285714286,19.942857142857143,18.3,11.616983333333334,0.6,9.0,18.9,12.0,0.0,11.5,19.5,12.0,0.3,17.3,18.6,11.612419444444445,13.4,12.1,18.5,11.345058333333332,2.4,24.9,0,30,85,46.79413298565841,0.8615665409170612,0.1384334590829388,1123.059191655802
2025-04-02,59.4613799,4.0,3.0,17.9,16.9,8.8,27.2,5.0623499999999995,2025,4,2,14,2,Wednesday,0,2,2025-04-01,2133150.0,49.187228076,49.942856232,33.28928766,49.75756158857143,37.529815073142856,-5.920078859999997,9.977861556,0.0,82.45002769999999,0.0,28.126297,25.89364881428571,29.32899805,28.610124489999997,82.45002769999999,0.0,0.7,5.1,1.0,0.0,2.0428571428571427,2.757142857142857,2.4099999999999997,1.8933333333333335,11.736738888888889,10.886316666666666,11.673583333333333,11.427423015873016,10.594554563492064,10.36746935185185,10.364625277777778,18.7,19.3,18.7,17.1,18.5,18.085714285714285,17.95,17.703333333333333,17.75,21.7,16.9,17.74285714285714,19.971428571428568,17.9,12.0,0.6,10.8,20.3,12.0,0.0,20.8,19.0,12.0,13.6,21.1,18.5,11.824491666666667,8.2,26.0,18.2,10.809919444444445,0.2,20.8,0,29,86,46.79413298565841,0.8615665409170612,0.1384334590829388,1123.059191655802
2025-04-03,24.005395,1.0,1.0,23.1,18.6,0.9,9.3,11.428102777777777,2025,4,3,14,3,Thursday,0,2,2025-04-01,2133150.0,43.267149216,49.187228076,23.698164924,51.18297038228571,39.229340942571426,4.408822548000003,23.977806840000003,59.4613799,0.0,82.45002769999999,47.545446999999996,30.370089228571423,30.201954757142857,29.790394486666667,82.45002769999999,0.0,8.8,0.7,0.1,4.1,3.1571428571428575,3.3857142857142857,2.293333333333334,1.956666666666667,5.0623499999999995,11.090566666666668,5.406416666666666,10.595427777777775,10.122323611111112,10.203086018518519,10.194710833333334,16.9,18.7,16.9,17.7,18.8,18.057142857142857,17.835714285714285,17.753333333333334,17.769999999999996,27.2,19.3,19.214285714285715,20.814285714285713,18.9,12.0,0.0,11.5,19.5,12.0,0.3,17.3,18.5,11.609074999999999,38.2,18.6,18.9,12.0,1.6,21.8,18.7,10.936291666666667,0.0,19.5,0,28,87,46.79413298565841,0.8615665409170612,0.1384334590829388,1123.059191655802
2025-04-04,23.227172,1.0,1.0,20.5,18.3,0.6,9.0,11.616983333333334,2025,4,4,14,4,Friday,0,2,2025-04-01,2133150.0,47.675971764,43.267149216,54.791966052,54.608371359428574,39.83027357057143,12.631484844,5.515490556000003,24.005395,59.4613799,0.0,0.0,27.00722465714285,31.116411328571427,29.81721232,82.45002769999999,0.0,0.9,8.8,5.7,0.0,3.2714285714285714,3.157142857142857,2.1933333333333334,1.956666666666667,11.428102777777777,10.278338888888888,11.865222222222224,10.643647222222222,10.552444047619048,10.258418611111113,10.228871296296298,18.6,16.9,18.6,17.5,18.2,18.185714285714287,17.821428571428573,17.860000000000003,17.763333333333332,9.3,12.9,17.785714285714285,19.95,20.3,12.0,0.0,20.8,19.0,12.0,13.6,21.1,18.6,11.612419444444445,13.4,12.1,19.1,12.0,1.1,23.4,18.7,10.503919444444445,0.1,19.8,0,27,88,46.79413298565841,0.8615665409170612,0.1384334590829388,1123.059191655802
2025-04-05,23.178469,1.0,1.0,19.8,17.9,0.6,10.8,12.0,2025,4,5,14,5,Saturday,1,2,2025-04-01,2133150.0,60.307456608,47.675971764,64.865024856,55.396298581714284,42.71339022428572,13.018223663999997,8.460655415999994,23.227172,24.005395,59.4613799,23.13377,30.325392085714277,29.40900675714286,29.78380835333333,82.45002769999999,0.0,0.6,0.9,0.2,6.6,2.5428571428571423,3.1999999999999997,2.1966666666666668,2.176666666666667,11.616983333333334,12.0,10.0,10.834882142857143,10.5347126984127,10.278734444444444,10.19973074074074,18.3,18.6,18.3,17.9,17.6,18.3,17.82857142857143,17.913333333333334,17.733333333333334,9.0,19.0,17.228571428571428,19.0,19.5,12.0,0.3,17.3,18.5,11.609074999999999,38.2,18.6,18.5,11.824491666666667,8.2,26.0,18.5,11.345058333333332,2.4,24.9,18.4,11.454216666666667,7.7,22.9,0,26,89,46.79413298565841,0.8615665409170612,0.1384334590829388,1123.059191655802
2025-04-06,23.216082,1.0,1.0,21.6,18.9,0.0,11.5,12.0,2025,4,6,14,6,Sunday,1,2,2025-04-01,2133150.0,73.325680272,60.307456608,72.52840332,56.60496364114287,46.231863510857146,12.976574868,13.773851820000004,23.178469,23.227172,24.005395,0.0,30.33177765714285,29.407762757142855,29.788710719999997,82.45002769999999,0.0,0.6,0.6,1.5,3.1,2.6,2.771428571428572,2.1700000000000004,2.2800000000000002,12.0,12.0,9.097622222222222,10.834882142857143,10.677569841269843,10.331727962962963,10.140131574074074,17.9,18.3,17.9,18.4,17.0,18.3,17.849999999999998,17.939999999999998,17.71,10.8,18.8,16.057142857142857,18.057142857142857,19.0,12.0,13.6,21.1,18.6,11.612419444444445,13.4,12.1,18.9,12.0,1.6,21.8,18.2,10.809919444444445,0.2,20.8,17.8,8.541127777777778,3.3,21.7,0,25,90,46.79413298565841,0.8615665409170612,0.1384334590829388,1123.059191655802
2025-04-07,47.17142200000001,2.0,2.0,23.3,20.3,0.0,20.8,12.0,2025,4,7,15,0,Monday,0,2,2025-04-01,2133150.0,86.30225514,73.325680272,49.942856232,58.572656758285724,50.46474114514285,-13.244317128000006,23.115081779999997,23.216082,23.178469,23.227172,82.45002769999999,33.64836079999999,29.344217685714284,30.56258012,82.45002769999999,0.0,0.0,0.6,5.1,3.8,2.3857142857142857,2.5500000000000003,2.1700000000000004,2.4066666666666667,12.0,12.0,10.202802777777777,10.834882142857143,10.88488253968254,10.355694537037037,10.116995925925925,18.9,17.9,18.9,19.3,17.3,18.37142857142857,17.985714285714284,17.980000000000004,17.683333333333334,11.5,15.6,15.014285714285716,17.071428571428573,18.5,11.609074999999999,38.2,18.6,18.5,11.824491666666667,8.2,26.0,19.1,12.0,1.1,23.4,18.7,10.936291666666667,0.0,19.5,17.7,8.32338611111111,4.2,20.4,0,24,91,46.79413298565841,0.8615665409170612,0.1384334590829388,1123.059191655802
2025-04-08,61.039217199999996,4.0,3.0,23.1,19.5,0.3,17.3,12.0,2025,4,8,15,1,Tuesday,0,2,2025-04-01,2133150.0,73.057938012,86.30225514,49.187228076,61.874811298285714,53.667023572285714,-25.941250079999996,-2.070540143999999,47.17142200000001,23.216082,23.178469,0.0,28.608559985714283,30.541701828571426,30.55856185333333,59.4613799,0.0,0.0,0.0,0.7,6.7,1.657142857142857,2.278571428571429,1.9733333333333334,2.6033333333333335,12.0,11.736738888888889,10.086155555555557,10.834882142857143,11.01325376984127,10.537867685185185,10.098652037037038,20.3,18.9,20.3,18.7,17.3,18.514285714285712,18.2,18.073333333333334,17.65,20.8,21.7,15.757142857142856,16.75714285714286,18.6,11.612419444444445,13.4,12.1,18.9,12.0,1.6,21.8,18.5,11.345058333333332,2.4,24.9,18.7,10.503919444444445,0.1,19.8,18.1,12.0,8.4,20.9,0,23,92,46.79413298565841,0.8615665409170612,0.1384334590829388,1123.059191655802
2025-04-09,47.192814999999996,2.0,2.0,21.1,19.0,13.6,21.1,12.0,2025,4,9,15,2,Wednesday,0,2,2025-04-01,2133150.0,47.116687932,73.057938012,43.267149216,61.57901984914286,55.668290718857136,-19.902174659999996,-16.052635944,61.039217199999996,47.17142200000001,23.216082,59.4613799,37.32844815714285,31.611048485714285,32.593202426666664,61.039217199999996,23.178469,0.3,0.0,8.8,1.0,1.6,1.8214285714285714,1.9566666666666668,2.636666666666667,12.0,5.0623499999999995,10.886316666666666,10.872490873015872,11.149956944444442,10.601087685185185,10.097558888888889,19.5,20.3,19.5,16.9,17.1,18.62857142857143,18.357142857142858,18.15,17.61,17.3,27.2,15.128571428571428,16.435714285714287,18.5,11.824491666666667,8.2,26.0,19.1,12.0,1.1,23.4,18.2,10.809919444444445,0.2,20.8,18.4,11.454216666666667,7.7,22.9,18.4,11.393486111111113,0.0,18.6,0,22,93,46.79413298565841,0.8615665409170612,0.1384334590829388,1123.059191655802
2025-04-10,23.126807,1.0,1.0,20.9,18.5,38.2,18.6,11.609074999999999,2025,4,10,15,3,Thursday,0,2,2025-04-01,2133150.0,27.214513272,47.116687932,47.675971764,59.28578614285715,55.23437826257143,4.771762056,-15.689696436000002,47.192814999999996,61.039217199999996,47.17142200000001,24.005395,35.575796028571425,32.972942628571424,33.032118409999995,61.039217199999996,23.178469,13.6,0.3,0.9,0.1,2.2857142857142856,2.7214285714285715,2.4100000000000006,2.6400000000000006,12.0,11.428102777777777,11.090566666666668,11.863583730158732,11.229505753968255,10.633252314814815,10.102739166666668,19.0,19.5,19.0,18.6,17.7,18.928571428571427,18.49285714285714,18.2,17.586666666666666,21.1,9.3,14.257142857142858,16.735714285714288,18.9,12.0,1.6,21.8,18.5,11.345058333333332,2.4,24.9,18.7,10.936291666666667,0.0,19.5,17.8,8.541127777777778,3.3,21.7,18.2,12.061991666666666,0.0,21.4,0,21,94,46.79413298565841,0.8615665409170612,0.1384334590829388,1123.059191655802
2025-04-11,24.125703,1.0,1.0,20.6,18.6,13.4,12.1,11.612419444444445,2025,4,11,15,4,Friday,0,2,2025-04-01,2133150.0,31.986275328,27.214513272,60.307456608,57.044400937714286,55.82638614857143,2.058640487999998,-26.262540792000003,23.126807,47.192814999999996,61.039217199999996,23.227172,35.45028345714285,31.228754057142854,33.03297207666667,61.039217199999996,23.126807,38.2,13.6,0.6,5.7,7.614285714285715,5.442857142857143,3.683333333333333,2.83,11.609074999999999,11.616983333333334,10.278338888888888,11.889436904761904,11.266542063492064,10.666794351851852,10.080652314814815,18.5,19.0,18.5,18.3,17.5,18.914285714285715,18.55,18.203333333333333,17.58,18.6,9.0,15.585714285714285,16.685714285714287,19.1,12.0,1.1,23.4,18.2,10.809919444444445,0.2,20.8,18.7,10.503919444444445,0.1,19.8,17.7,8.32338611111111,4.2,20.4,18.5,11.748997222222222,6.0,18.7,0,20,95,46.79413298565841,0.8615665409170612,0.1384334590829388,1123.059191655802
2025-04-12,47.316924,2.0,2.0,21.3,18.5,8.2,26.0,11.824491666666667,2025,4,12,15,5,Saturday,1,2,2025-04-01,2133150.0,34.044915816,31.986275328,73.325680272,53.292609396,54.34445398885714,-20.11041864,-59.391183096,24.125703,23.126807,47.192814999999996,23.178469,35.57864502857142,32.95201855714286,32.25408937666666,61.039217199999996,23.126807,13.4,38.2,0.6,0.2,9.442857142857145,5.992857142857143,4.13,2.8,11.612419444444445,12.0,12.0,11.888784920634919,11.361833531746031,10.672138055555555,10.115595277777777,18.6,18.5,18.6,17.9,17.9,18.957142857142856,18.62857142857143,18.196666666666665,17.566666666666666,12.1,10.8,16.02857142857143,16.62857142857143,18.5,11.345058333333332,2.4,24.9,18.7,10.936291666666667,0.0,19.5,18.4,11.454216666666667,7.7,22.9,18.1,12.0,8.4,20.9,18.1,11.240477777777778,0.4,16.3,0,19,96,46.79413298565841,0.8615665409170612,0.1384334590829388,1123.059191655802
2025-04-13,23.166129,1.0,1.0,21.1,18.9,1.6,21.8,12.0,2025,4,13,15,6,Sunday,1,2,2025-04-01,2133150.0,13.934497176,34.044915816,86.30225514,44.808154668,50.70655915457143,3.433050756,-68.93470720799999,47.316924,24.125703,23.126807,23.216082,39.02699574285714,34.679386699999995,33.02749707666666,61.039217199999996,23.126807,8.2,13.4,0.0,1.5,10.528571428571428,6.564285714285714,4.2733333333333325,2.743333333333333,11.824491666666667,12.0,12.0,11.8637123015873,11.349297222222221,10.922538611111111,10.197384444444445,18.5,18.6,18.5,18.9,18.4,19.042857142857144,18.671428571428574,18.2,17.573333333333334,26.0,11.5,18.2,17.12857142857143,18.2,10.809919444444445,0.2,20.8,18.7,10.503919444444445,0.1,19.8,17.8,8.541127777777778,3.3,21.7,18.4,11.393486111111113,0.0,18.6,18.5,11.601808333333334,0.0,17.2,0,18,97,46.79413298565841,0.8615665409170612,0.1384334590829388,1123.059191655802
2025-04-14,24.016922,1.0,1.0,21.4,19.1,1.1,23.4,12.0,2025,4,14,16,0,Monday,0,2,2025-04-01,2133150.0,17.367547932,13.934497176,73.057938012,34.96033935257143,46.76649805542856,7.157643084,-48.53274699599999,23.166129,47.316924,24.125703,47.17142200000001,39.0198596,36.3341102,32.996959509999996,61.039217199999996,23.126807,1.6,8.2,0.0,5.1,10.757142857142858,6.571428571428571,4.226666666666667,2.8933333333333335,12.0,12.0,12.0,11.863712301587302,11.349297222222221,10.956363703703705,10.231619074074073,18.9,18.5,18.9,20.3,19.3,19.04285714285714,18.707142857142856,18.246666666666666,17.616666666666667,21.8,20.8,19.67142857142857,17.342857142857145,18.7,10.936291666666667,0.0,19.5,18.4,11.454216666666667,7.7,22.9,17.7,8.32338611111111,4.2,20.4,18.2,12.061991666666666,0.0,21.4,18.3,12.042752777777778,0.0,19.7,0,17,98,46.79413298565841,0.8615665409170612,0.1384334590829388,1123.059191655802
2025-04-15,58.4096185,4.0,3.0,20.6,18.5,2.4,24.9,11.345058333333332,2025,4,15,16,1,Tuesday,0,2,2025-04-01,2133150.0,24.525191016,17.367547932,47.116687932,28.027089781714288,44.95095054,-7.794274680000001,-30.385771595999998,24.016922,23.166129,47.316924,61.039217199999996,35.71207388571428,32.160316935714285,32.99195834333333,61.039217199999996,23.126807,1.1,1.6,0.3,0.7,10.914285714285715,6.285714285714286,4.263333333333334,2.4099999999999997,12.0,12.0,11.736738888888889,11.863712301587302,11.349297222222221,10.980437222222223,10.36746935185185,19.1,18.9,19.1,19.5,18.7,18.87142857142857,18.692857142857143,18.30666666666667,17.703333333333333,23.4,17.3,20.042857142857144,17.9,18.7,10.503919444444445,0.1,19.8,17.8,8.541127777777778,3.3,21.7,18.1,12.0,8.4,20.9,18.5,11.748997222222222,6.0,18.7,17.9,9.352908333333334,4.2,29.2,0,16,99,46.79413298565841,0.8615665409170612,0.1384334590829388,1123.059191655802
2025-04-16,24.230445,1.0,1.0,19.9,18.2,0.2,20.8,10.809919444444445,2025,4,16,16,2,Wednesday,0,2,2025-04-01,2133150.0,16.730916336,24.525191016,27.214513272,23.686265268,42.63264255857143,13.363313688000002,2.879716752,58.4096185,24.016922,23.166129,47.192814999999996,35.336416928571424,36.33243254285714,34.16351549333333,58.4096185,23.126807,2.4,1.1,13.6,8.8,11.214285714285717,6.4071428571428575,4.343333333333334,2.293333333333334,11.345058333333332,12.0,5.0623499999999995,11.770149206349206,11.321320039682538,10.970918981481482,10.203086018518519,18.5,19.1,18.5,19.0,16.9,18.728571428571428,18.678571428571427,18.326666666666668,17.753333333333334,24.9,21.1,21.12857142857143,18.128571428571426,18.4,11.454216666666667,7.7,22.9,17.7,8.32338611111111,4.2,20.4,18.4,11.393486111111113,0.0,18.6,18.1,11.240477777777778,0.4,16.3,17.5,8.679719444444444,0.4,20.1,0,15,100,46.79413298565841,0.8615665409170612,0.1384334590829388,1123.059191655802
2025-04-17,0.0,0.0,0.0,20.7,18.7,0.0,19.5,10.936291666666667,2025,4,17,16,3,Thursday,0,2,2025-04-01,2133150.0,30.094230024,16.730916336,31.986275328,24.09765337542857,41.69171975914286,33.307137143999995,31.41509184,24.230445,58.4096185,24.016922,23.126807,32.05607835714285,33.81593719285714,33.02784534333333,58.4096185,23.126807,0.2,2.4,38.2,0.9,9.3,5.792857142857144,4.283333333333333,2.1933333333333334,10.809919444444445,11.609074999999999,11.428102777777777,11.600137698412698,11.731860714285714,10.9632225,10.258418611111113,18.2,18.5,18.2,18.5,18.6,18.614285714285717,18.771428571428572,18.313333333333333,17.860000000000003,20.8,18.6,21.085714285714285,17.67142857142857,17.8,8.541127777777778,3.3,21.7,18.1,12.0,8.4,20.9,18.2,12.061991666666666,0.0,21.4,18.5,11.601808333333334,0.0,17.2,18.7,12.314641666666667,0.0,20.9,0,14,101,46.79413298565841,0.8615665409170612,0.1384334590829388,1123.059191655802
2025-04-18,23.146736,1.0,1.0,20.5,18.7,0.1,19.8,10.503919444444445,2025,4,18,16,4,Friday,0,2,2025-04-01,2133150.0,63.401367168,30.094230024,34.044915816,28.585523638285714,42.814962288000004,11.215425779999997,40.571877132,0.0,24.230445,58.4096185,24.125703,28.752248785714283,32.101266121428566,31.449682443333334,58.4096185,0.0,0.0,0.2,13.4,0.6,3.8428571428571425,5.728571428571429,4.283333333333333,2.1966666666666668,10.936291666666667,11.612419444444445,11.616983333333334,11.504025793650795,11.696731349206349,10.952281851851852,10.278734444444444,18.7,18.2,18.7,18.6,18.3,18.642857142857142,18.77857142857143,18.323333333333334,17.913333333333334,19.5,12.1,21.214285714285715,18.400000000000002,17.7,8.32338611111111,4.2,20.4,18.4,11.393486111111113,0.0,18.6,18.5,11.748997222222222,6.0,18.7,18.3,12.042752777777778,0.0,19.7,19.1,12.108475,0.0,22.0,0,13,102,46.79413298565841,0.8615665409170612,0.1384334590829388,1123.059191655802
2025-04-19,23.17774,1.0,1.0,20.2,18.4,7.7,22.9,11.454216666666667,2025,4,19,16,5,Saturday,1,2,2025-04-01,2133150.0,74.616792948,63.401367168,13.934497176,34.38150608571429,43.83705774085714,10.703740572000001,71.38603634399999,23.146736,0.0,24.230445,47.316924,28.612396357142853,32.09552069285714,30.64657411,58.4096185,0.0,0.1,0.0,8.2,0.6,1.9428571428571428,5.692857142857143,4.286666666666666,2.1700000000000004,10.503919444444445,11.824491666666667,12.0,11.345668650793652,11.617226785714283,10.913293055555554,10.331727962962963,18.7,18.7,18.7,18.5,17.9,18.657142857142855,18.807142857142857,18.330000000000002,17.939999999999998,19.8,26.0,22.314285714285717,19.171428571428574,18.1,12.0,8.4,20.9,18.2,12.061991666666666,0.0,21.4,18.1,11.240477777777778,0.4,16.3,17.9,9.352908333333334,4.2,29.2,19.2,12.475447222222222,0.0,15.9,0,12,103,46.79413298565841,0.8615665409170612,0.1384334590829388,1123.059191655802
2025-04-20,46.214331,2.0,2.0,19.6,17.8,3.3,21.7,8.541127777777778,2025,4,20,16,6,Sunday,1,2,2025-04-01,2133150.0,85.32053352,74.616792948,17.367547932,44.57951127771429,44.69383297285714,-10.917934379999991,57.035051208000006,23.17774,23.146736,0.0,23.166129,25.163941499999996,32.095468621428566,31.04573201,58.4096185,0.0,7.7,0.1,1.6,0.0,1.8714285714285717,6.200000000000001,4.406666666666667,2.1700000000000004,11.454216666666667,12.0,12.0,11.292772222222222,11.57824226190476,11.11488638888889,10.355694537037037,18.4,18.7,18.4,18.9,18.9,18.642857142857142,18.842857142857145,18.316666666666666,17.980000000000004,22.9,21.8,21.87142857142857,20.035714285714285,18.4,11.393486111111113,0.0,18.6,18.5,11.748997222222222,6.0,18.7,18.5,11.601808333333334,0.0,17.2,17.5,8.679719444444444,0.4,20.1,19.1,12.39023888888889,0.0,14.8,0,11,104,46.79413298565841,0.8615665409170612,0.1384334590829388,1123.059191655802
2025-04-21,35.2432879,3.0,2.0,19.2,17.7,4.2,20.4,8.32338611111111,2025,4,21,17,0,Monday,0,2,2025-04-01,2133150.0,74.40259914,85.32053352,24.525191016,52.727375736,43.84385754428571,8.555852664,58.433260788000005,46.214331,23.17774,23.146736,24.016922,28.45654178571428,33.73820069285714,31.01518184333333,58.4096185,0.0,3.3,7.7,1.1,0.0,2.1142857142857143,6.435714285714286,4.516666666666667,1.9733333333333334,8.541127777777778,12.0,12.0,10.798647619047617,11.33117996031746,11.004083240740743,10.537867685185185,17.8,18.4,17.8,19.1,20.3,18.485714285714288,18.764285714285712,18.303333333333335,18.073333333333334,21.7,23.4,21.857142857142858,20.764285714285712,18.2,12.061991666666666,0.0,21.4,18.1,11.240477777777778,0.4,16.3,18.3,12.042752777777778,0.0,19.7,18.7,12.314641666666667,0.0,20.9,19.0,12.0,0.0,13.8,0,10,105,46.79413298565841,0.8615665409170612,0.1384334590829388,1123.059191655802
2025-04-22,71.21323,3.0,3.0,19.9,18.1,8.4,20.9,12.0,2025,4,22,17,1,Tuesday,0,2,2025-04-01,2133150.0,82.958451804,74.40259914,16.730916336,61.07498442000001,44.55103710085715,-24.703685856000007,41.523849612,35.2432879,46.214331,23.17774,58.4096185,30.060308342857137,32.886191114285715,31.41676194,58.4096185,0.0,4.2,3.3,2.4,0.3,2.557142857142857,6.735714285714287,4.436666666666667,1.9566666666666668,8.32338611111111,11.345058333333332,12.0,10.273417063492063,11.068564682539684,10.948196111111113,10.601087685185185,17.7,17.8,17.7,18.5,19.5,18.285714285714285,18.57857142857143,18.30666666666667,18.15,20.4,24.9,21.428571428571427,20.735714285714288,18.5,11.748997222222222,6.0,18.7,18.5,11.601808333333334,0.0,17.2,17.9,9.352908333333334,4.2,29.2,19.1,12.108475,0.0,22.0,19.2,11.899791666666667,0.6,12.7,0,9,106,46.79413298565841,0.8615665409170612,0.1384334590829388,1123.059191655802
2025-04-23,58.5549697,4.0,3.0,20.0,18.4,0.0,18.6,11.393486111111113,2025,4,23,17,2,Wednesday,0,2,2025-04-01,2133150.0,58.254765948,82.958451804,30.094230024,67.00696293600001,45.346614102000004,-9.109186668,19.051349255999998,71.21323,35.2432879,46.214331,24.230445,31.889395699999994,33.612906314285716,32.987012506666666,71.21323,0.0,8.4,4.2,0.2,13.6,3.4142857142857146,7.314285714285715,4.613333333333334,2.4100000000000006,12.0,10.809919444444445,12.0,10.36698015873016,11.068564682539684,11.044942037037037,10.633252314814815,18.1,17.7,18.1,18.2,19.0,18.228571428571428,18.478571428571428,18.343333333333337,18.2,20.9,20.8,20.857142857142858,20.99285714285714,18.1,11.240477777777778,0.4,16.3,18.3,12.042752777777778,0.0,19.7,17.5,8.679719444444444,0.4,20.1,19.2,12.475447222222222,0.0,15.9,18.8,12.210558333333333,0.0,9.0,0,8,107,46.79413298565841,0.8615665409170612,0.1384334590829388,1123.059191655802
2025-04-24,0.0,0.0,0.0,20.5,18.2,0.0,21.4,12.061991666666666,2025,4,24,17,3,Thursday,0,2,2025-04-01,2133150.0,49.14557928,58.254765948,63.401367168,69.72858425828572,46.91311881685715,10.614493152000001,-3.641294735999999,58.5549697,71.21323,35.2432879,0.0,36.79289922857142,34.42448879285714,33.92529003,71.21323,0.0,0.0,8.4,0.0,38.2,3.385714285714286,6.342857142857143,4.486666666666667,3.683333333333333,11.393486111111113,10.936291666666667,11.609074999999999,10.450346825396826,11.025242261904763,11.084631481481482,10.666794351851852,18.4,18.1,18.4,18.7,18.5,18.257142857142856,18.435714285714287,18.38,18.203333333333333,18.6,19.5,20.542857142857144,20.814285714285717,18.5,11.601808333333334,0.0,17.2,17.9,9.352908333333334,4.2,29.2,18.7,12.314641666666667,0.0,20.9,19.1,12.39023888888889,0.0,14.8,19.8,10.437316666666666,1.9,11.2,0,7,108,46.79413298565841,0.8615665409170612,0.1384334590829388,1123.059191655802
2025-04-25,24.197549,1.0,1.0,20.4,18.5,6.0,18.7,11.748997222222222,2025,4,25,17,4,Friday,0,2,2025-04-01,2133150.0,59.760072432,49.14557928,74.616792948,69.20839929600001,48.89696146714285,7.205241708000003,-7.651478807999993,0.0,58.5549697,71.21323,23.146736,36.79289922857142,32.77257400714286,32.38967789666666,71.21323,0.0,0.0,0.0,0.1,13.4,3.385714285714286,3.6142857142857143,4.263333333333334,4.13,12.061991666666666,10.503919444444445,11.612419444444445,10.611161111111112,11.057593452380953,11.150492685185185,10.672138055555555,18.2,18.4,18.2,18.7,18.6,18.185714285714287,18.414285714285715,18.41,18.196666666666665,21.4,19.8,20.814285714285713,21.014285714285712,18.3,12.042752777777778,0.0,19.7,17.5,8.679719444444444,0.4,20.1,19.1,12.108475,0.0,22.0,19.0,12.0,0.0,13.8,20.5,12.27323888888889,1.3,17.8,0,6,109,46.79413298565841,0.8615665409170612,0.1384334590829388,1123.059191655802
2025-04-26,22.958857,1.0,1.0,19.7,18.1,0.4,16.3,11.240477777777778,2025,4,26,17,5,Saturday,1,2,2025-04-01,2133150.0,66.96531414,59.760072432,85.32053352,68.11533089485715,51.248418490285715,8.270260919999998,-10.084958459999996,24.197549,0.0,58.5549697,23.17774,36.943015371428565,32.777705864285714,32.25871963,71.21323,0.0,6.0,0.0,7.7,8.2,4.228571428571429,3.085714285714286,4.430000000000001,4.2733333333333325,11.748997222222222,11.454216666666667,11.824491666666667,10.789029365079363,11.067349007936508,11.179248703703704,10.922538611111111,18.5,18.2,18.5,18.4,18.5,18.157142857142855,18.407142857142855,18.456666666666663,18.2,18.7,22.9,20.657142857142855,21.485714285714284,17.9,9.352908333333334,4.2,29.2,18.7,12.314641666666667,0.0,20.9,19.2,12.475447222222222,0.0,15.9,19.2,11.899791666666667,0.6,12.7,21.4,12.641541666666667,7.1,17.6,0,5,110,46.79413298565841,0.8615665409170612,0.1384334590829388,1123.059191655802
2025-04-27,23.20091,1.0,1.0,20.5,18.5,0.0,17.2,11.601808333333334,2025,4,27,17,6,Sunday,1,2,2025-04-01,2133150.0,75.23557506,66.96531414,74.40259914,66.67462254342857,55.62706691057143,7.211191536000001,8.044167455999997,22.958857,24.197549,0.0,46.214331,36.91174637142857,31.037843935714285,31.439166629999995,71.21323,0.0,0.4,6.0,3.3,1.6,3.185714285714286,2.5285714285714285,4.44,4.226666666666667,11.240477777777778,8.541127777777778,12.0,10.758495238095238,11.02563373015873,11.18424574074074,10.956363703703705,18.1,18.5,18.1,17.8,18.9,18.114285714285714,18.37857142857143,18.470000000000002,18.246666666666666,16.3,21.7,19.714285714285715,20.79285714285714,17.5,8.679719444444444,0.4,20.1,19.1,12.108475,0.0,22.0,19.1,12.39023888888889,0.0,14.8,18.8,12.210558333333333,0.0,9.0,19.7,12.480550000000001,0.0,19.9,0,4,111,46.79413298565841,0.8615665409170612,0.1384334590829388,1123.059191655802
2025-04-28,35.5201298,3.0,1.0,20.3,18.3,0.0,19.7,12.042752777777778,2025,4,28,18,0,Monday,0,2,2025-04-01,2133150.0,82.446766596,75.23557506,82.958451804,67.82378932285714,60.275582529428576,1.32086181599999,0.8091766079999871,23.20091,22.958857,24.197549,35.2432879,33.624114799999994,31.04032829285714,32.212530296666664,71.21323,0.0,0.0,0.4,4.2,1.1,2.7142857142857144,2.414285714285714,4.250000000000001,4.263333333333334,11.601808333333334,8.32338611111111,12.0,11.195735317460318,10.99719146825397,11.228361388888889,10.980437222222223,18.5,18.1,18.5,17.7,19.1,18.214285714285715,18.349999999999998,18.503333333333334,18.30666666666667,17.2,20.4,19.071428571428573,20.464285714285715,18.7,12.314641666666667,0.0,20.9,19.2,12.475447222222222,0.0,15.9,19.0,12.0,0.0,13.8,19.8,10.437316666666666,1.9,11.2,20.1,12.549033333333332,0.3,19.0,0,3,112,46.79413298565841,0.8615665409170612,0.1384334590829388,1123.059191655802
2025-04-29,47.211371,2.0,2.0,19.3,17.9,4.2,29.2,9.352908333333334,2025,4,29,18,1,Tuesday,0,2,2025-04-01,2133150.0,83.767628412,82.446766596,58.254765948,67.93938598114286,64.50718520057144,-14.46998169599999,11.042880768000003,35.5201298,23.20091,22.958857,71.21323,33.66366364285714,31.861985992857143,32.62540895666667,71.21323,0.0,0.0,0.0,8.4,2.4,2.1142857142857148,2.335714285714286,4.243333333333334,4.343333333333334,12.042752777777778,12.0,11.345058333333332,11.727073412698415,11.000245238095237,11.229786481481481,10.970918981481482,18.3,18.5,18.3,18.1,18.5,18.3,18.292857142857144,18.516666666666666,18.326666666666668,19.7,20.9,18.97142857142857,20.199999999999996,19.1,12.108475,0.0,22.0,19.1,12.39023888888889,0.0,14.8,19.2,11.899791666666667,0.6,12.7,20.5,12.27323888888889,1.3,17.8,19.1,12.541113888888889,4.3,21.7,0,2,113,46.79413298565841,0.8615665409170612,0.1384334590829388,1123.059191655802
2025-04-30,24.066611,1.0,1.0,19.5,17.5,0.4,20.1,8.679719444444444,2025,4,30,18,2,Wednesday,0,2,2025-04-01,2133150.0,69.297646716,83.767628412,49.14557928,69.51694037657144,68.26195165628572,8.169113843999995,28.321181279999998,47.211371,35.5201298,23.20091,58.5549697,30.23482664285714,31.06211117142857,34.19912132333333,58.5549697,0.0,4.2,0.0,0.0,0.2,1.5142857142857145,2.4642857142857144,4.333333333333333,4.283333333333333,9.352908333333334,11.393486111111113,10.809919444444445,11.348917460317463,10.85794880952381,11.141550092592592,10.9632225,17.9,18.3,17.9,18.4,18.2,18.271428571428572,18.25,18.5,18.313333333333333,29.2,18.6,20.157142857142855,20.50714285714286,19.2,12.475447222222222,0.0,15.9,19.0,12.0,0.0,13.8,18.8,12.210558333333333,0.0,9.0,21.4,12.641541666666667,7.1,17.6,19.1,12.610038888888889,0.9,18.4,0,1,114,46.79413298565841,0.8615665409170612,0.1384334590829388,1123.059191655802
2025-05-01,23.095256,1.0,1.0,23.8,18.7,0.0,20.9,12.314641666666667,2025,5,1,18,3,Thursday,0,2,2025-05-01,1980702.0,77.46676056,69.297646716,59.760072432,73.56282341657143,71.64570383742857,5.104952424000004,22.811640552,24.066611,47.211371,35.5201298,0.0,25.307918257142852,31.050408742857144,32.25300743333334,47.211371,0.0,0.4,4.2,0.0,0.0,1.5714285714285714,2.4785714285714286,4.176666666666667,4.283333333333333,8.679719444444444,12.061991666666666,10.936291666666667,10.961236507936508,10.705791666666666,11.030874074074074,10.952281851851852,17.5,17.9,17.5,18.2,18.7,18.142857142857142,18.2,18.44,18.323333333333334,20.1,21.4,20.37142857142857,20.457142857142856,19.1,12.39023888888889,0.0,14.8,19.2,11.899791666666667,0.6,12.7,19.8,10.437316666666666,1.9,11.2,19.7,12.480550000000001,0.0,19.9,19.5,12.756616666666666,1.1,19.1,1,0,0,44.59550561797753,1.222896234032502,22.28962340325018,1070.2921348314608
2025-05-02,24.225672,1.0,1.0,21.6,19.1,0.0,22.0,12.108475,2025,5,2,18,4,Friday,0,2,2025-05-01,1980702.0,82.571712984,77.46676056,66.96531414,76.82162920971429,73.01501425285714,8.389257479999998,23.995656323999995,23.095256,24.066611,47.211371,24.197549,28.60724054285714,32.700069885714285,33.0228493,47.211371,22.958857,0.0,0.4,6.0,0.1,1.5714285714285714,2.4785714285714286,4.153333333333333,4.286666666666666,12.314641666666667,11.748997222222222,10.503919444444445,10.997329365079365,10.80424523809524,11.0501375,10.913293055555554,18.7,17.5,18.7,18.5,18.7,18.214285714285715,18.2,18.439999999999998,18.330000000000002,20.9,18.7,20.3,20.557142857142857,19.0,12.0,0.0,13.8,18.8,12.210558333333333,0.0,9.0,20.5,12.27323888888889,1.3,17.8,20.1,12.549033333333332,0.3,19.0,20.0,12.826694444444444,0.0,18.8,0,28,1,44.59550561797753,1.222896234032502,22.28962340325018,1070.2921348314608
2025-05-03,47.261074,2.0,2.0,21.6,19.2,0.0,15.9,12.475447222222222,2025,5,3,18,5,Saturday,1,2,2025-05-01,1980702.0,90.960970464,82.571712984,75.23557506,80.24958011314285,74.182455504,-13.000374179999994,2.7250212240000025,24.225672,23.095256,24.066611,22.958857,28.61125811428571,32.77713674285714,31.84832570333333,47.211371,22.958857,0.0,0.0,0.4,7.7,0.7142857142857144,2.471428571428572,3.8600000000000003,4.406666666666667,12.108475,11.240477777777778,11.454216666666667,11.048683333333333,10.91885634920635,11.285008333333334,11.11488638888889,19.1,18.7,19.1,18.1,18.4,18.3,18.22857142857143,18.513333333333332,18.316666666666666,22.0,16.3,20.771428571428572,20.714285714285715,19.2,11.899791666666667,0.6,12.7,19.8,10.437316666666666,1.9,11.2,21.4,12.641541666666667,7.1,17.6,19.1,12.541113888888889,4.3,21.7,20.2,12.017766666666667,0.0,21.7,0,27,2,44.59550561797753,1.222896234032502,22.28962340325018,1070.2921348314608
2025-05-04,24.251004,1.0,1.0,21.9,19.1,0.0,14.8,12.39023888888889,2025,5,4,18,6,Sunday,1,2,2025-05-01,1980702.0,77.960596284,90.960970464,82.446766596,80.63886885942858,73.65674570142858,7.806174335999998,3.3200040239999993,47.261074,24.225672,23.095256,23.20091,32.083003399999996,34.49737488571429,32.62351500333333,47.261074,23.095256,0.0,0.0,0.0,3.3,0.6571428571428573,1.9214285714285715,3.83,4.516666666666667,12.475447222222222,11.601808333333334,8.541127777777778,11.22510753968254,10.99180138888889,11.319919814814815,11.004083240740743,19.2,19.1,19.2,18.5,17.8,18.457142857142856,18.285714285714285,18.533333333333335,18.303333333333335,15.9,17.2,20.714285714285715,20.214285714285715,18.8,12.210558333333333,0.0,9.0,20.5,12.27323888888889,1.3,17.8,19.7,12.480550000000001,0.0,19.9,19.1,12.610038888888889,0.9,18.4,20.1,12.81311388888889,3.3,17.6,0,26,3,44.59550561797753,1.222896234032502,22.28962340325018,1070.2921348314608
2025-05-05,81.6443399,5.0,4.0,21.9,19.0,0.0,13.8,12.0,2025,5,5,19,0,Monday,0,2,2025-05-01,1980702.0,85.76677062,77.960596284,83.767628412,81.11315514857144,74.4684722357143,-36.317750112000006,-34.318607904,24.251004,47.261074,24.225672,35.5201298,32.23301682857142,32.92856581428571,32.657642736666666,47.261074,23.095256,0.0,0.0,0.0,4.2,0.6571428571428573,1.6857142857142857,3.8100000000000005,4.436666666666667,12.39023888888889,12.042752777777778,8.32338611111111,11.337740476190476,11.266737896825395,11.345695000000001,10.948196111111113,19.1,19.2,19.1,18.3,17.7,18.542857142857144,18.37857142857143,18.560000000000002,18.30666666666667,14.8,19.7,20.37142857142857,19.72142857142857,19.8,10.437316666666666,1.9,11.2,21.4,12.641541666666667,7.1,17.6,20.1,12.549033333333332,0.3,19.0,19.5,12.756616666666666,1.1,19.1,19.7,12.729366666666667,3.3,16.9,0,25,4,44.59550561797753,1.222896234032502,22.28962340325018,1070.2921348314608
2025-05-06,24.161348,1.0,1.0,21.9,19.2,0.6,12.7,11.899791666666667,2025,5,6,19,1,Tuesday,0,2,2025-05-01,1980702.0,49.449020508,85.76677062,69.297646716,76.21049687657144,72.07494142885714,8.877143376000006,-10.971482832,81.6443399,24.251004,47.261074,47.211371,38.8221897,36.24292667142857,34.6065051,81.6443399,23.095256,0.0,0.0,4.2,8.4,0.6571428571428573,1.385714285714286,3.79,4.613333333333334,12.0,9.352908333333334,12.0,11.331632936507935,11.529353174603175,11.345695000000001,11.044942037037037,19.0,19.1,19.0,17.9,18.1,18.642857142857142,18.47142857142857,18.59666666666667,18.343333333333337,13.8,29.2,19.52857142857143,19.25,20.5,12.27323888888889,1.3,17.8,19.7,12.480550000000001,0.0,19.9,19.1,12.541113888888889,4.3,21.7,20.0,12.826694444444444,0.0,18.8,20.0,10.589075,0.0,18.2,0,24,5,44.59550561797753,1.222896234032502,22.28962340325018,1070.2921348314608
2025-05-07,47.413492,2.0,2.0,20.9,18.8,0.0,9.0,12.210558333333333,2025,5,7,19,2,Wednesday,0,2,2025-05-01,1980702.0,58.326163884,49.449020508,77.46676056,74.6431421862857,72.08004128142858,-19.682031024000004,-38.8226277,24.161348,81.6443399,24.251004,24.066611,35.529329271428566,32.88207795714286,34.63801396666666,81.6443399,23.095256,0.6,0.0,0.4,0.0,0.14285714285714285,0.8285714285714286,3.81,4.486666666666667,11.899791666666667,8.679719444444444,11.393486111111113,11.695473412698414,11.522195436507937,11.342354722222222,11.084631481481482,19.2,19.0,19.2,17.5,18.4,18.82857142857143,18.55,18.606666666666666,18.38,12.7,20.1,17.17142857142857,18.664285714285715,21.4,12.641541666666667,7.1,17.6,20.1,12.549033333333332,0.3,19.0,19.1,12.610038888888889,0.9,18.4,20.2,12.017766666666667,0.0,21.7,20.5,12.561408333333333,0.0,18.6,0,23,6,44.59550561797753,1.222896234032502,22.28962340325018,1070.2921348314608
2025-05-08,11.2094205,2.0,1.0,21.4,19.8,1.9,11.2,10.437316666666666,2025,5,8,19,3,Thursday,0,2,2025-05-01,1980702.0,38.64413286,58.326163884,82.571712984,69.09705251485715,71.32993796571428,7.252840331999998,-36.674739792000004,47.413492,24.161348,81.6443399,23.095256,38.86459798571428,32.08625812142857,34.64608296666667,81.6443399,23.095256,0.0,0.6,0.0,0.0,0.08571428571428572,0.8285714285714286,3.81,4.263333333333334,12.210558333333333,12.314641666666667,12.061991666666666,12.199878968253968,11.580557738095239,11.349373333333334,11.150492685185185,18.8,19.2,18.8,18.7,18.2,19.014285714285712,18.57857142857143,18.55666666666667,18.41,9.0,20.9,15.585714285714287,17.97857142857143,19.7,12.480550000000001,0.0,19.9,19.1,12.541113888888889,4.3,21.7,19.5,12.756616666666666,1.1,19.1,20.1,12.81311388888889,3.3,17.6,20.5,12.555191666666667,0.4,19.7,0,22,7,44.59550561797753,1.222896234032502,22.28962340325018,1070.2921348314608
2025-05-09,47.184602,2.0,2.0,24.3,20.5,1.3,17.8,12.27323888888889,2025,5,9,19,4,Friday,0,2,2025-05-01,1980702.0,45.896973192,38.64413286,90.960970464,63.85780397314286,70.33971659142858,21.282534755999997,-23.781462516000005,11.2094205,47.413492,24.161348,24.225672,37.16662148571428,32.886931014285715,32.98508974333333,81.6443399,11.2094205,1.9,0.0,0.0,6.0,0.35714285714285715,0.9642857142857143,3.8633333333333337,4.430000000000001,10.437316666666666,12.108475,11.748997222222222,11.931689682539684,11.464509523809523,11.29728388888889,11.179248703703704,19.8,18.8,19.8,19.1,18.5,19.17142857142857,18.692857142857143,18.566666666666666,18.456666666666663,11.2,22.0,14.2,17.25,20.1,12.549033333333332,0.3,19.0,19.1,12.610038888888889,0.9,18.4,20.0,12.826694444444444,0.0,18.8,19.7,12.729366666666667,3.3,16.9,20.5,12.04501388888889,0.1,19.4,0,21,8,44.59550561797753,1.222896234032502,22.28962340325018,1070.2921348314608
2025-05-10,47.105125,2.0,2.0,24.9,21.4,7.1,17.6,12.641541666666667,2025,5,10,19,5,Saturday,1,2,2025-05-01,1980702.0,67.179507948,45.896973192,77.960596284,60.46045218514286,70.35501614914286,-2.3382824039999974,-13.119370740000008,47.184602,11.2094205,47.413492,47.261074,40.446468628571424,34.52886337142857,32.98481597666667,81.6443399,11.2094205,1.3,1.9,0.0,0.4,0.5428571428571428,0.6285714285714287,3.4533333333333336,4.44,12.27323888888889,12.475447222222222,11.240477777777778,11.955227380952381,11.501955357142858,11.306391851851853,11.18424574074074,20.5,19.8,20.5,19.2,18.1,19.37142857142857,18.835714285714285,18.616666666666667,18.470000000000002,17.8,15.9,13.599999999999998,17.185714285714287,19.1,12.541113888888889,4.3,21.7,19.5,12.756616666666666,1.1,19.1,20.2,12.017766666666667,0.0,21.7,20.0,10.589075,0.0,18.2,20.5,12.621572222222223,0.6,19.3,0,20,9,44.59550561797753,1.222896234032502,22.28962340325018,1070.2921348314608
2025-05-11,46.151467,2.0,2.0,22.0,19.7,0.0,19.9,12.480550000000001,2025,5,11,19,6,Sunday,1,2,2025-05-01,1980702.0,64.841225544,67.179507948,85.76677062,58.58625636514286,69.61256261228571,0.7258790160000075,-20.19966606,47.105125,47.184602,11.2094205,24.251004,40.42419019999999,36.2535968,33.78409324333333,81.6443399,11.2094205,7.1,1.3,0.0,0.0,1.557142857142857,1.1071428571428572,2.416666666666667,4.250000000000001,12.641541666666667,12.39023888888889,11.601808333333334,11.978955158730159,11.602031349206348,11.340807407407407,11.228361388888889,21.4,20.5,21.4,19.1,18.5,19.685714285714287,19.071428571428573,18.71333333333333,18.503333333333334,17.6,14.8,13.842857142857143,17.27857142857143,19.1,12.610038888888889,0.9,18.4,20.0,12.826694444444444,0.0,18.8,20.1,12.81311388888889,3.3,17.6,20.5,12.561408333333333,0.0,18.6,21.1,13.462275,0.0,18.6,0,19,10,44.59550561797753,1.222896234032502,22.28962340325018,1070.2921348314608
2025-05-12,82.358143,5.0,4.0,22.2,20.1,0.3,19.0,12.549033333333332,2025,5,12,20,0,Monday,0,2,2025-05-01,1980702.0,65.56710456,64.841225544,49.449020508,55.70058978514286,68.40687246685714,-32.194519308000004,-16.076435255999996,46.151467,47.105125,47.184602,81.6443399,43.55282777142857,37.8929223,34.51828537666666,81.6443399,11.2094205,0.0,7.1,0.0,0.0,1.557142857142857,1.1071428571428572,1.9700000000000002,4.243333333333334,12.480550000000001,12.0,12.042752777777778,11.991856746031747,11.664798611111111,11.369745092592593,11.229786481481481,19.7,21.4,19.7,19.0,18.3,19.771428571428572,19.157142857142855,18.75,18.516666666666666,19.9,13.8,14.571428571428571,17.47142857142857,19.5,12.756616666666666,1.1,19.1,20.2,12.017766666666667,0.0,21.7,19.7,12.729366666666667,3.3,16.9,20.5,12.555191666666667,0.4,19.7,21.0,13.393319444444444,0.0,19.3,0,18,11,44.59550561797753,1.222896234032502,22.28962340325018,1070.2921348314608
2025-05-13,47.738147999999995,2.0,2.0,21.1,19.1,4.3,21.7,12.541113888888889,2025,5,13,20,1,Tuesday,0,2,2025-05-01,1980702.0,33.372585252,65.56710456,58.326163884,53.40395617714286,64.80722652685715,-1.8325470240000001,-26.786125656000003,82.358143,46.151467,47.105125,24.161348,43.654799642857135,41.23849467142857,35.68632601,82.358143,11.2094205,0.3,0.0,0.6,4.2,1.5999999999999999,1.1285714285714286,1.706666666666667,4.333333333333333,12.549033333333332,11.899791666666667,9.352908333333334,12.07029007936508,11.700961507936508,11.39389648148148,11.141550092592592,20.1,19.7,20.1,19.2,17.9,19.928571428571427,19.285714285714285,18.803333333333335,18.5,19.0,12.7,15.314285714285713,17.42142857142857,20.0,12.826694444444444,0.0,18.8,20.1,12.81311388888889,3.3,17.6,20.0,10.589075,0.0,18.2,20.5,12.04501388888889,0.1,19.4,20.7,12.336997222222223,0.1,19.6,0,17,12,44.59550561797753,1.222896234032502,22.28962340325018,1070.2921348314608
2025-05-14,57.257205899999995,4.0,3.0,21.4,19.1,0.9,18.4,12.610038888888889,2025,5,14,20,2,Wednesday,0,2,2025-05-01,1980702.0,31.540038228,33.372585252,38.64413286,49.577366797714284,62.110254492,-6.128322839999999,-13.232417471999998,47.738147999999995,82.358143,46.151467,47.413492,47.02291392857142,41.2761216,36.50539331,82.358143,11.2094205,4.3,0.3,0.0,0.4,2.1285714285714286,1.1357142857142857,1.7966666666666669,4.176666666666667,12.541113888888889,12.210558333333333,8.679719444444444,12.16190753968254,11.928690476190477,11.411933611111111,11.030874074074074,19.1,20.1,19.1,18.8,17.5,19.914285714285715,19.37142857142857,18.81,18.44,21.7,9.0,16.599999999999998,16.885714285714286,20.2,12.017766666666667,0.0,21.7,19.7,12.729366666666667,3.3,16.9,20.5,12.561408333333333,0.0,18.6,20.5,12.621572222222223,0.6,19.3,20.3,12.679327777777779,0.0,22.5,0,16,13,44.59550561797753,1.222896234032502,22.28962340325018,1070.2921348314608
2025-05-15,57.4884706,4.0,3.0,21.3,19.5,1.1,19.1,12.756616666666666,2025,5,15,20,3,Thursday,0,2,2025-05-01,1980702.0,25.411715388,31.540038228,45.896973192,47.687021444571435,58.39203697971429,-6.235419744000001,-26.720677547999998,57.257205899999995,47.738147999999995,82.358143,11.2094205,48.42915877142856,43.64687837857142,37.61340277333333,82.358143,11.2094205,0.9,4.3,1.9,0.0,2.257142857142857,1.1714285714285713,1.7900000000000003,4.153333333333333,12.610038888888889,10.437316666666666,12.314641666666667,12.218976190476193,12.20942757936508,11.43226824074074,11.0501375,19.1,19.1,19.1,19.8,18.7,19.957142857142856,19.485714285714288,18.81,18.439999999999998,18.4,11.2,17.942857142857143,16.764285714285716,20.1,12.81311388888889,3.3,17.6,20.0,10.589075,0.0,18.2,20.5,12.555191666666667,0.4,19.7,21.1,13.462275,0.0,18.6,21.0,13.381716666666668,0.0,22.1,0,15,14,44.59550561797753,1.222896234032502,22.28962340325018,1070.2921348314608
2025-05-16,46.258024,2.0,2.0,22.0,20.0,0.0,18.8,12.826694444444444,2025,5,16,20,4,Friday,0,2,2025-05-01,1980702.0,19.176295644,25.411715388,67.179507948,43.86978179485715,53.863792884000006,-0.19634432399999824,-48.199556627999996,57.4884706,57.257205899999995,47.738147999999995,47.184602,55.040451642857136,46.10353656428571,37.58269784333333,82.358143,46.151467,1.1,0.9,1.3,0.0,2.142857142857143,1.25,1.7466666666666668,3.8600000000000003,12.756616666666666,12.27323888888889,12.108475,12.55030476190476,12.240997222222221,11.479320185185184,11.285008333333334,19.5,19.1,19.5,20.5,19.1,19.914285714285715,19.542857142857144,18.84333333333333,18.513333333333332,19.1,17.8,19.071428571428573,16.635714285714286,19.7,12.729366666666667,3.3,16.9,20.5,12.561408333333333,0.0,18.6,20.5,12.04501388888889,0.1,19.4,21.0,13.393319444444444,0.0,19.3,21.0,13.605077777777778,0.0,19.2,0,14,15,44.59550561797753,1.222896234032502,22.28962340325018,1070.2921348314608
2025-05-17,58.8630176,3.0,2.0,22.7,20.2,0.0,21.7,12.017766666666667,2025,5,17,20,5,Saturday,1,2,2025-05-01,1980702.0,18.97995132,19.176295644,64.841225544,36.984130848,48.722291516571424,5.164450704,-40.696823519999995,46.258024,57.4884706,57.257205899999995,47.105125,54.90808335714285,47.67727599285713,38.31695047666666,82.358143,46.151467,0.0,1.1,7.1,0.0,1.957142857142857,1.25,1.7400000000000004,3.83,12.826694444444444,12.641541666666667,12.475447222222222,12.62936984126984,12.29229861111111,11.546546018518518,11.319919814814815,20.0,19.5,20.0,21.4,19.2,19.842857142857145,19.607142857142858,18.903333333333332,18.533333333333335,18.8,17.6,19.214285714285715,16.407142857142855,20.0,10.589075,0.0,18.2,20.5,12.555191666666667,0.4,19.7,20.5,12.621572222222223,0.6,19.3,20.7,12.336997222222223,0.1,19.6,20.9,13.21725,0.0,15.7,0,13,16,44.59550561797753,1.222896234032502,22.28962340325018,1070.2921348314608
2025-05-18,46.079522,2.0,2.0,22.6,20.1,3.3,17.6,12.81311388888889,2025,5,18,20,6,Sunday,1,2,2025-05-01,1980702.0,24.144402024,18.97995132,65.56710456,31.17029891657143,44.87827764085715,-0.8865243720000002,-42.309226908,58.8630176,46.258024,57.4884706,46.151467,56.58778229999999,48.50598624999999,40.279051063333334,82.358143,46.151467,0.0,0.0,0.0,0.0,0.9428571428571428,1.25,1.7400000000000004,3.8100000000000005,12.017766666666667,12.480550000000001,12.39023888888889,12.540259126984127,12.259607142857144,11.582595185185186,11.345695000000001,20.2,20.0,20.2,19.7,19.1,19.671428571428574,19.678571428571427,18.953333333333333,18.560000000000002,21.7,19.9,19.8,16.821428571428573,20.5,12.561408333333333,0.0,18.6,20.5,12.04501388888889,0.1,19.4,21.1,13.462275,0.0,18.6,20.3,12.679327777777779,0.0,22.5,20.6,13.055897222222223,0.0,18.0,0,12,17,44.59550561797753,1.222896234032502,22.28962340325018,1070.2921348314608
2025-05-19,46.28134,2.0,2.0,22.0,19.7,3.3,16.9,12.729366666666667,2025,5,19,21,0,Monday,0,2,2025-05-01,1980702.0,23.257877652,24.144402024,33.372585252,25.126123644,40.41335671457143,-8.906892516000001,-19.021600116000002,46.079522,58.8630176,46.258024,82.358143,56.57750444285714,50.06516610714285,41.04347726333334,82.358143,46.079522,3.3,0.0,0.3,0.0,1.4142857142857141,1.4857142857142858,1.846666666666667,3.79,12.81311388888889,12.549033333333332,12.0,12.587768253968253,12.2898125,11.659568333333334,11.345695000000001,20.1,20.2,20.1,20.1,19.0,19.728571428571428,19.75,19.0,18.59666666666667,17.6,19.0,19.471428571428568,17.02142857142857,20.5,12.555191666666667,0.4,19.7,20.5,12.621572222222223,0.6,19.3,21.0,13.393319444444444,0.0,19.3,21.0,13.381716666666668,0.0,22.1,20.4,11.990958333333333,0.0,17.0,0,11,18,44.59550561797753,1.222896234032502,22.28962340325018,1070.2921348314608
2025-05-20,45.704442,2.0,2.0,22.0,20.0,0.0,18.2,10.589075,2025,5,20,21,1,Tuesday,0,2,2025-05-01,1980702.0,14.350985136,23.257877652,31.540038228,22.408752198857144,37.906354188,-0.5711834880000008,-17.76023658,46.28134,46.079522,58.8630176,47.738147999999995,51.42367544285714,47.539237542857144,41.813597263333335,58.8630176,46.079522,3.3,3.3,4.3,0.6,1.8428571428571427,1.7214285714285715,1.7000000000000002,3.81,12.729366666666667,12.541113888888889,11.899791666666667,12.613530158730159,12.34191011904762,11.702073333333335,11.342354722222222,19.7,20.1,19.7,19.1,19.2,19.671428571428574,19.8,19.043333333333333,18.606666666666666,16.9,21.7,19.17142857142857,17.242857142857144,20.5,12.04501388888889,0.1,19.4,21.1,13.462275,0.0,18.6,20.7,12.336997222222223,0.1,19.6,21.0,13.605077777777778,0.0,19.2,20.2,8.575244444444445,0.1,16.6,0,10,19,44.59550561797753,1.222896234032502,22.28962340325018,1070.2921348314608
2025-05-21,45.715438000000006,2.0,2.0,22.5,20.5,0.0,18.6,12.561408333333333,2025,5,21,21,2,Wednesday,0,2,2025-05-01,1980702.0,13.779801648,14.350985136,25.411715388,19.87157554457143,34.72447117114286,-0.9043738559999994,-12.536287596000001,45.704442,46.28134,46.079522,57.257205899999995,51.133146014285714,49.07802997142857,41.796600963333326,58.8630176,45.704442,0.0,3.3,0.9,0.0,1.2285714285714284,1.6785714285714286,1.5900000000000003,3.81,10.589075,12.610038888888889,12.210558333333333,12.33466746031746,12.248287500000002,11.77033824074074,11.349373333333334,20.0,19.7,20.0,19.1,18.8,19.8,19.857142857142858,19.116666666666667,18.55666666666667,18.2,18.4,18.67142857142857,17.635714285714283,20.5,12.621572222222223,0.6,19.3,21.0,13.393319444444444,0.0,19.3,20.3,12.679327777777779,0.0,22.5,20.9,13.21725,0.0,15.7,20.2,9.592447222222221,0.0,19.7,0,9,20,44.59550561797753,1.222896234032502,22.28962340325018,1070.2921348314608
2025-05-22,45.685037,2.0,2.0,22.6,20.5,0.4,19.7,12.555191666666667,2025,5,22,21,3,Thursday,0,2,2025-05-01,1980702.0,12.875427792,13.779801648,19.176295644,18.08067731657143,32.88384938057143,-0.37483916400000084,-6.6757070160000005,45.715438000000006,45.704442,46.28134,57.4884706,49.484322028571434,48.9567404,42.145672633333334,58.8630176,45.704442,0.0,0.0,1.1,1.9,1.0999999999999999,1.6785714285714286,1.4500000000000002,3.8633333333333337,12.561408333333333,12.756616666666666,10.437316666666666,12.327720238095237,12.273348214285715,11.911605648148148,11.29728388888889,20.5,20.0,20.5,19.5,19.8,20.0,19.978571428571428,19.209999999999997,18.566666666666666,18.6,19.1,18.7,18.321428571428573,21.1,13.462275,0.0,18.6,20.7,12.336997222222223,0.1,19.6,21.0,13.381716666666668,0.0,22.1,20.6,13.055897222222223,0.0,18.0,20.8,11.589163888888889,0.0,21.4,0,8,21,44.59550561797753,1.222896234032502,22.28962340325018,1070.2921348314608
2025-05-23,22.8664,1.0,1.0,22.8,20.5,0.1,19.4,12.04501388888889,2025,5,23,21,4,Friday,0,2,2025-05-01,1980702.0,12.500588628,12.875427792,18.97995132,17.127004885714285,30.498393340285713,-4.855059647999999,-11.334422340000001,45.685037,45.715438000000006,45.704442,46.258024,47.79811722857142,51.41928443571429,41.29473286666666,58.8630176,45.685037,0.4,0.0,0.0,1.3,1.0,1.5714285714285714,1.1833333333333336,3.4533333333333336,12.555191666666667,12.826694444444444,12.27323888888889,12.29894523809524,12.424625,11.930112037037038,11.306391851851853,20.5,20.5,20.5,20.0,20.5,20.142857142857142,20.028571428571432,19.29,18.616666666666667,19.7,18.8,18.785714285714285,18.928571428571427,21.0,13.393319444444444,0.0,19.3,20.3,12.679327777777779,0.0,22.5,21.0,13.605077777777778,0.0,19.2,20.4,11.990958333333333,0.0,17.0,20.8,13.040424999999999,0.0,20.7,0,7,22,44.59550561797753,1.222896234032502,22.28962340325018,1070.2921348314608
2025-05-24,68.186488,3.0,3.0,22.7,20.5,0.6,19.3,12.621572222222223,2025,5,24,21,5,Saturday,1,2,2025-05-01,1980702.0,7.64552898,12.500588628,24.144402024,15.507801694285714,26.24596627114286,8.109615564,-8.389257480000001,22.8664,45.685037,45.715438000000006,58.8630176,44.45645665714285,49.682270007142854,40.10511387666667,58.8630176,22.8664,0.1,0.4,0.0,7.1,1.0142857142857142,1.4857142857142858,1.186666666666667,2.416666666666667,12.04501388888889,12.017766666666667,12.641541666666667,12.187276587301588,12.408323214285714,11.95182962962963,11.340807407407407,20.5,20.5,20.5,20.2,21.4,20.214285714285715,20.028571428571432,19.36,18.71333333333333,19.4,21.7,18.87142857142857,19.04285714285714,20.7,12.336997222222223,0.1,19.6,21.0,13.381716666666668,0.0,22.1,20.9,13.21725,0.0,15.7,20.2,8.575244444444445,0.1,16.6,20.8,12.407730555555556,0.0,20.5,0,6,23,44.59550561797753,1.222896234032502,22.28962340325018,1070.2921348314608
2025-05-25,69.075969,3.0,3.0,23.7,21.1,0.0,18.6,13.462275,2025,5,25,21,6,Sunday,1,2,2025-05-01,1980702.0,15.755144544,7.64552898,23.257877652,14.30933634,22.739817628285714,-5.545239695999999,-13.047972804,68.186488,22.8664,45.685037,46.079522,45.788381,51.18808165,42.377996810000006,68.186488,22.8664,0.6,0.1,3.3,0.0,1.0999999999999999,1.0214285714285714,1.206666666666667,1.9700000000000002,12.621572222222223,12.81311388888889,12.480550000000001,12.273534523809525,12.406896825396824,11.970482314814813,11.369745092592593,20.5,20.5,20.5,20.1,19.7,20.25714285714286,19.964285714285715,19.436666666666667,18.75,19.3,17.6,18.52857142857143,19.164285714285715,20.3,12.679327777777779,0.0,22.5,21.0,13.605077777777778,0.0,19.2,20.6,13.055897222222223,0.0,18.0,20.2,9.592447222222221,0.0,19.7,20.9,13.651222222222223,0.0,22.4,0,5,24,44.59550561797753,1.222896234032502,22.28962340325018,1070.2921348314608
2025-05-26,45.635852,2.0,2.0,23.4,21.0,0.0,19.3,13.393319444444444,2025,5,26,22,0,Monday,0,2,2025-05-01,1980702.0,10.209904848,15.755144544,14.350985136,12.445340225142857,18.78573193457143,7.145743427999999,3.00466314,69.075969,68.186488,22.8664,46.28134,49.073587714285715,52.825546078571435,43.87394414333333,69.075969,22.8664,0.0,0.6,3.3,0.3,0.6285714285714284,1.0214285714285714,1.0066666666666668,1.706666666666667,13.462275,12.729366666666667,12.549033333333332,12.366271825396826,12.47702003968254,12.027591574074075,11.39389648148148,21.1,20.5,21.1,19.7,20.1,20.400000000000002,20.064285714285713,19.523333333333333,18.803333333333335,18.6,16.9,18.67142857142857,19.071428571428573,21.0,13.381716666666668,0.0,22.1,20.9,13.21725,0.0,15.7,20.4,11.990958333333333,0.0,17.0,20.8,11.589163888888889,0.0,21.4,20.9,13.271358333333334,0.0,25.6,0,4,25,44.59550561797753,1.222896234032502,22.28962340325018,1070.2921348314608
2025-05-27,68.650015,3.0,3.0,23.0,20.7,0.1,19.6,12.336997222222223,2025,5,27,22,1,Tuesday,0,2,2025-05-01,1980702.0,17.355648276,10.209904848,13.779801648,12.87457781657143,17.641665007714288,0.23204329200000018,3.807889920000001,45.635852,69.075969,68.186488,45.704442,48.98137514285714,50.202525292857146,44.62984397666666,69.075969,22.8664,0.0,0.0,0.0,4.3,0.15714285714285717,0.9999999999999999,0.9933333333333336,1.7966666666666669,13.393319444444444,10.589075,12.541113888888889,12.46112222222222,12.537326190476191,12.099352962962964,11.411933611111111,21.0,21.1,21.0,20.0,19.1,20.58571428571429,20.128571428571426,19.62,18.81,19.3,18.2,19.014285714285712,19.092857142857145,21.0,13.605077777777778,0.0,19.2,20.6,13.055897222222223,0.0,18.0,20.2,8.575244444444445,0.1,16.6,20.8,13.040424999999999,0.0,20.7,21.1,12.474866666666665,0.0,20.6,0,3,26,44.59550561797753,1.222896234032502,22.28962340325018,1070.2921348314608
2025-05-28,68.344094,3.0,3.0,22.5,20.3,0.0,22.5,12.679327777777779,2025,5,28,22,2,Wednesday,0,2,2025-05-01,1980702.0,17.587691568,17.355648276,12.875427792,13.418562090857142,16.645068817714286,0.7853772960000001,5.497641072,68.650015,45.635852,69.075969,45.715438000000006,52.259314142857136,51.696230078571425,46.14481414333333,69.075969,22.8664,0.1,0.0,0.0,0.9,0.17142857142857143,0.7,0.9966666666666669,1.7900000000000003,12.336997222222223,12.561408333333333,12.610038888888889,12.710825396825397,12.522746428571429,12.12385925925926,11.43226824074074,20.7,21.0,20.7,20.5,19.1,20.685714285714287,20.242857142857144,19.693333333333335,18.81,19.6,18.6,19.214285714285715,18.942857142857143,20.9,13.21725,0.0,15.7,20.4,11.990958333333333,0.0,17.0,20.2,9.592447222222221,0.0,19.7,20.8,12.407730555555556,0.0,20.5,21.3,13.347280555555555,0.0,18.2,0,2,27,44.59550561797753,1.222896234032502,22.28962340325018,1070.2921348314608
2025-05-29,23.01195,1.0,1.0,23.7,21.0,0.0,22.1,13.381716666666668,2025,5,29,22,3,Thursday,0,2,2025-05-01,1980702.0,18.373068864,17.587691568,12.500588628,14.203939386857144,16.142308351714288,34.288858764,40.161339,68.344094,68.650015,45.635852,45.685037,55.49197928571427,52.48815065714286,47.238946283333334,69.075969,22.8664,0.0,0.1,0.4,1.1,0.17142857142857143,0.6357142857142856,0.9966666666666669,1.7466666666666668,12.679327777777779,12.555191666666667,12.756616666666666,12.727671031746032,12.527695634920635,12.145078425925927,11.479320185185184,20.3,20.7,20.3,20.5,19.5,20.657142857142862,20.32857142857143,19.759999999999998,18.84333333333333,22.5,19.7,19.771428571428572,19.235714285714288,20.6,13.055897222222223,0.0,18.0,20.2,8.575244444444445,0.1,16.6,20.8,11.589163888888889,0.0,21.4,20.9,13.651222222222223,0.0,22.4,21.2,12.629861111111111,0.0,20.2,0,1,28,44.59550561797753,1.222896234032502,22.28962340325018,1070.2921348314608
2025-05-30,23.154355,1.0,1.0,24.1,21.0,0.0,19.2,13.605077777777778,2025,5,30,22,4,Friday,0,2,2025-05-01,1980702.0,52.661927628,18.373068864,7.64552898,19.941273529714287,18.534139207714286,24.031355292,69.04775394,23.01195,68.344094,68.650015,22.8664,52.25296685714285,50.02554204285714,46.43229891666667,69.075969,22.8664,0.0,0.0,0.1,0.0,0.11428571428571428,0.5571428571428572,0.8566666666666669,1.7400000000000004,13.381716666666668,12.04501388888889,12.826694444444444,12.845746031746032,12.572345634920636,12.279372037037037,11.546546018518518,21.0,20.3,21.0,20.5,20.0,20.72857142857143,20.435714285714287,19.863333333333333,18.903333333333332,22.1,19.4,20.114285714285717,19.45,20.4,11.990958333333333,0.0,17.0,20.2,9.592447222222221,0.0,19.7,20.8,13.040424999999999,0.0,20.7,20.9,13.271358333333334,0.0,25.6,21.4,12.356597222222222,1.4,19.7,1,0,0,44.59550561797753,1.222896234032502,22.28962340325018,1070.2921348314608
2025-05-31,46.212676,2.0,2.0,23.7,20.9,0.0,15.7,13.21725,2025,5,31,22,5,Saturday,1,2,2025-05-01,1980702.0,76.69328292,52.661927628,15.755144544,29.805238378285715,22.656520036285716,0.3331903680000039,61.271328744,23.154355,23.01195,68.344094,68.186488,52.294103285714286,48.375279971428576,46.40189038333333,69.075969,23.01195,0.0,0.0,0.6,0.0,0.09999999999999999,0.5571428571428572,0.8433333333333336,1.7400000000000004,13.605077777777778,12.621572222222223,12.017766666666667,13.068612301587303,12.627944444444443,12.443550648148149,11.582595185185186,21.0,21.0,21.0,20.5,20.2,20.800000000000004,20.50714285714286,19.98,18.953333333333333,19.2,19.3,20.085714285714285,19.478571428571428,20.2,8.575244444444445,0.1,16.6,20.8,11.589163888888889,0.0,21.4,20.8,12.407730555555556,0.0,20.5,21.1,12.474866666666665,0.0,20.6,21.4,12.706297222222222,4.3,22.0,0,76,1,44.59550561797753,1.222896234032502,22.28962340325018,1070.2921348314608
2025-06-01,23.282162,1.0,1.0,23.1,20.6,0.0,18.0,13.055897222222223,2025,6,1,22,6,Sunday,1,2,2025-06-01,2043697.0,77.026473288,76.69328292,10.209904848,38.55828534171428,26.43381084085714,22.478450183999996,89.295018624,46.212676,23.154355,23.01195,69.075969,49.154987285714284,47.47168414285714,47.17247105,69.075969,23.01195,0.0,0.0,0.0,3.3,0.014285714285714287,0.5571428571428572,0.8433333333333336,1.846666666666667,13.21725,13.462275,12.81311388888889,13.153709126984126,12.713621825396826,12.473637592592592,11.659568333333334,20.9,21.0,20.9,21.1,20.1,20.857142857142858,20.557142857142857,20.053333333333335,19.0,15.7,18.6,19.571428571428573,19.05,20.2,9.592447222222221,0.0,19.7,20.8,13.040424999999999,0.0,20.7,20.9,13.651222222222223,0.0,22.4,21.3,13.347280555555555,0.0,18.2,21.1,10.180413888888888,0.6,20.3,0,75,2,52.5,0.9811998277777778,-1.880017222222223,1260.0
2025-06-02,101.6844882,7.0,5.0,22.1,20.4,0.0,17.0,11.990958333333333,2025,6,2,23,0,Monday,0,2,2025-06-01,2043697.0,99.504923472,77.026473288,17.355648276,51.314716573714286,31.88002839942857,-35.401476599999995,46.74779859600001,23.282162,46.212676,23.154355,45.635852,42.61301485714284,45.84330128571428,47.14102071666666,68.650015,23.01195,0.0,0.0,0.0,3.3,0.014285714285714287,0.32142857142857145,0.8433333333333336,1.7000000000000002,13.055897222222223,13.393319444444444,12.729366666666667,13.095655158730159,12.730963492063493,12.505218333333335,11.702073333333335,20.6,20.9,20.6,21.0,19.7,20.785714285714285,20.592857142857138,20.103333333333335,19.043333333333333,18.0,19.3,19.485714285714288,19.07857142857143,20.8,11.589163888888889,0.0,21.4,20.8,12.407730555555556,0.0,20.5,20.9,13.271358333333334,0.0,25.6,21.2,12.629861111111111,0.0,20.2,21.1,13.068100000000001,0.2,18.4,0,74,3,52.5,0.9811998277777778,-1.880017222222223,1260.0
2025-06-03,23.754408,1.0,1.0,22.2,20.2,0.1,16.6,8.575244444444445,2025,6,3,23,1,Tuesday,0,2,2025-06-01,2043697.0,64.103446872,99.504923472,17.587691568,57.992973516,35.43377566628572,-18.283821444000004,28.23193386,101.6844882,23.282162,46.212676,68.650015,50.61996288571428,49.80066901428571,48.95513452333333,101.6844882,23.01195,0.0,0.0,0.1,0.0,0.014285714285714287,0.08571428571428572,0.8433333333333336,1.5900000000000003,11.990958333333333,12.336997222222223,10.589075,12.895317857142858,12.67822003968254,12.489068703703705,11.77033824074074,20.4,20.6,20.4,20.7,20.0,20.7,20.642857142857142,20.14333333333333,19.116666666666667,17.0,19.6,19.157142857142855,19.085714285714285,20.8,13.040424999999999,0.0,20.7,20.9,13.651222222222223,0.0,22.4,21.1,12.474866666666665,0.0,20.6,21.4,12.356597222222222,1.4,19.7,21.4,12.623583333333334,0.2,19.6,0,73,4,52.5,0.9811998277777778,-1.880017222222223,1260.0
2025-06-04,0.0,0.0,0.0,22.2,20.2,0.0,19.7,9.592447222222221,2025,6,4,23,2,Wednesday,0,2,2025-06-01,2043697.0,45.819625428,64.103446872,18.373068864,62.02610692457143,37.72233450771428,33.336886283999995,60.78344284799999,23.754408,101.6844882,23.282162,68.344094,44.206304742857135,48.232809442857146,48.93858132333333,101.6844882,23.01195,0.1,0.0,0.0,0.0,0.014285714285714287,0.09285714285714286,0.8466666666666669,1.4500000000000002,8.575244444444445,12.679327777777779,12.561408333333333,12.357924603174604,12.534374999999999,12.361902222222222,11.911605648148148,20.2,20.4,20.2,20.3,20.5,20.62857142857143,20.657142857142855,20.18,19.209999999999997,16.6,22.5,18.728571428571428,18.97142857142857,20.8,12.407730555555556,0.0,20.5,20.9,13.271358333333334,0.0,25.6,21.3,13.347280555555555,0.0,18.2,21.4,12.706297222222222,4.3,22.0,21.6,12.999588888888889,0.1,25.4,0,72,5,52.5,0.9811998277777778,-1.880017222222223,1260.0
2025-06-05,46.809629,2.0,2.0,23.6,20.8,0.0,21.4,11.589163888888889,2025,6,5,23,3,Thursday,0,2,2025-06-01,2043697.0,79.156511712,45.819625428,52.661927628,70.70945590285714,42.45669764485714,-11.840157719999993,14.654426364000003,0.0,23.754408,101.6844882,23.01195,34.442862742857145,44.96742101428571,46.21710332666667,101.6844882,0.0,0.0,0.1,0.0,0.4,0.014285714285714287,0.09285714285714286,0.8466666666666669,1.1833333333333336,9.592447222222221,13.381716666666668,12.555191666666667,11.916941666666665,12.322306349206348,12.281650462962963,11.930112037037038,20.2,20.2,20.2,21.0,20.5,20.614285714285717,20.635714285714283,20.219999999999995,19.29,19.7,22.1,18.32857142857143,19.05,20.9,13.651222222222223,0.0,22.4,21.1,12.474866666666665,0.0,20.6,21.2,12.629861111111111,0.0,20.2,21.1,10.180413888888888,0.6,20.3,21.5,13.563497222222221,0.0,25.4,0,71,6,52.5,0.9811998277777778,-1.880017222222223,1260.0
2025-06-06,23.300832,1.0,1.0,23.1,20.8,0.0,20.7,13.040424999999999,2025,6,6,23,4,Friday,0,2,2025-06-01,2043697.0,67.316353992,79.156511712,76.69328292,72.80294538342858,46.37210945657143,9.109186667999992,-0.26774226000000567,46.809629,0.0,23.754408,23.154355,37.84253117142857,45.04774901428571,46.97204602666667,101.6844882,0.0,0.0,0.0,0.0,0.1,0.014285714285714287,0.06428571428571428,0.8266666666666668,1.186666666666667,11.589163888888889,13.605077777777778,12.04501388888889,11.660862698412698,12.253304365079368,12.271296203703704,11.95182962962963,20.8,20.2,20.8,21.0,20.5,20.585714285714285,20.657142857142855,20.273333333333333,19.36,21.4,19.2,18.228571428571428,19.17142857142857,20.9,13.271358333333334,0.0,25.6,21.3,13.347280555555555,0.0,18.2,21.4,12.356597222222222,1.4,19.7,21.1,13.068100000000001,0.2,18.4,21.4,13.569047222222222,0.0,22.1,0,70,7,52.5,0.9811998277777778,-1.880017222222223,1260.0
2025-06-07,23.267613,1.0,1.0,23.6,20.8,0.0,20.5,12.407730555555556,2025,6,7,23,5,Saturday,1,2,2025-06-01,2043697.0,76.42554066,67.316353992,77.026473288,72.76469648914285,51.28496743371429,10.269403128000008,9.668470499999998,23.300832,46.809629,0.0,46.212676,37.86345645714285,45.07877987142857,46.16829069333333,101.6844882,0.0,0.0,0.0,0.0,0.6,0.014285714285714287,0.05714285714285715,0.8266666666666668,1.206666666666667,13.040424999999999,13.21725,12.621572222222223,11.580198015873014,12.32440515873016,12.298958425925926,11.970482314814813,20.8,20.8,20.8,20.9,20.5,20.557142857142857,20.678571428571427,20.339999999999996,19.436666666666667,20.7,15.7,18.442857142857143,19.264285714285712,21.1,12.474866666666665,0.0,20.6,21.2,12.629861111111111,0.0,20.2,21.4,12.706297222222222,4.3,22.0,21.4,12.623583333333334,0.2,19.6,21.6,11.964025,1.9,20.0,0,69,8,52.5,0.9811998277777778,-1.880017222222223,1260.0
2025-06-08,46.031626,2.0,2.0,23.7,20.9,0.0,22.4,13.651222222222223,2025,6,8,23,6,Sunday,1,2,2025-06-01,2043697.0,86.694943788,76.42554066,99.504923472,74.14590656057143,56.352095951142864,-17.575791912,-30.385771595999998,23.267613,23.300832,46.809629,23.282162,34.58559031428571,41.87028879999999,46.57023044333334,101.6844882,0.0,0.0,0.0,0.0,0.0,0.014285714285714287,0.014285714285714287,0.7633333333333335,1.0066666666666668,12.407730555555556,13.055897222222223,13.462275,11.464552380952382,12.309130753968256,12.364638888888889,12.027591574074075,20.8,20.8,20.8,20.6,21.1,20.54285714285714,20.7,20.373333333333335,19.523333333333333,20.5,18.0,19.12857142857143,19.35,21.3,13.347280555555555,0.0,18.2,21.4,12.356597222222222,1.4,19.7,21.1,10.180413888888888,0.6,20.3,21.6,12.999588888888889,0.1,25.4,21.6,11.80563888888889,0.2,23.4,0,68,9,52.5,0.9811998277777778,-1.880017222222223,1260.0
2025-06-09,47.214459000000005,2.0,2.0,23.3,20.9,0.0,25.6,13.271358333333334,2025,6,9,24,0,Monday,0,2,2025-06-01,2043697.0,69.119151876,86.694943788,64.103446872,69.80508204685715,60.55989931028571,-16.617869604000006,-11.602164600000009,46.031626,23.267613,23.300832,101.6844882,37.83551374285714,40.2242643,46.53179791,101.6844882,0.0,0.0,0.0,0.0,0.0,0.014285714285714287,0.014285714285714287,0.7200000000000002,0.9933333333333336,13.651222222222223,11.990958333333333,13.393319444444444,11.549598809523811,12.322626984126984,12.410571666666666,12.099352962962964,20.9,20.8,20.9,20.4,21.0,20.585714285714285,20.685714285714287,20.386666666666667,19.62,22.4,17.0,19.75714285714286,19.62142857142857,21.2,12.629861111111111,0.0,20.2,21.4,12.706297222222222,4.3,22.0,21.1,13.068100000000001,0.2,18.4,21.5,13.563497222222221,0.0,25.4,21.6,10.756786111111111,0.0,19.6,0,67,10,52.5,0.9811998277777778,-1.880017222222223,1260.0
2025-06-10,70.189327,4.0,4.0,23.6,21.1,0.0,20.6,12.474866666666665,2025,6,10,24,1,Tuesday,0,2,2025-06-01,2043697.0,52.501282272,69.119151876,45.819625428,68.14762996114285,63.07030173857142,-20.711351267999998,-14.029694424000002,47.214459000000005,46.031626,23.267613,23.754408,30.054080999999996,40.33702194285714,46.535442376666666,47.214459000000005,0.0,0.0,0.0,0.1,0.1,0.014285714285714287,0.014285714285714287,0.48333333333333356,0.9966666666666669,13.271358333333334,8.575244444444445,12.336997222222223,11.732513095238094,12.313915476190477,12.431565555555556,12.12385925925926,20.9,20.9,20.9,20.2,20.7,20.657142857142855,20.678571428571427,20.37,19.693333333333335,25.6,16.6,20.985714285714288,20.071428571428573,21.4,12.356597222222222,1.4,19.7,21.1,10.180413888888888,0.6,20.3,21.4,12.623583333333334,0.2,19.6,21.4,13.569047222222222,0.0,22.1,21.5,12.604458333333334,0.0,19.1,0,66,11,52.5,0.9811998277777778,-1.880017222222223,1260.0
2025-06-11,23.6347476,2.0,1.0,23.7,21.3,0.0,18.2,13.347280555555555,2025,6,11,24,2,Wednesday,0,2,2025-06-01,2043697.0,31.789931004,52.501282272,79.156511712,66.14338790057143,64.08474741257143,32.31351586800001,-15.05306483999999,70.189327,47.214459000000005,46.031626,0.0,36.68764085714285,40.446972800000005,47.336704376666674,70.189327,0.0,0.0,0.0,0.0,0.0,0.0,0.0071428571428571435,0.48333333333333356,0.9966666666666669,12.474866666666665,9.592447222222221,12.679327777777779,12.289601984126985,12.323763293650794,12.431376111111112,12.145078425925927,21.1,20.9,21.1,20.2,20.3,20.785714285714285,20.707142857142856,20.416666666666668,19.759999999999998,20.6,19.7,21.557142857142857,20.142857142857142,21.4,12.706297222222222,4.3,22.0,21.1,13.068100000000001,0.2,18.4,21.6,12.999588888888889,0.1,25.4,21.6,11.964025,1.9,20.0,21.8,12.969275,0.0,17.9,0,65,12,52.5,0.9811998277777778,-1.880017222222223,1260.0
2025-06-12,69.997487,3.0,3.0,23.6,21.2,0.0,20.2,12.629861111111111,2025,6,12,24,3,Thursday,0,2,2025-06-01,2043697.0,64.103446872,31.789931004,67.316353992,63.99295006628571,67.35120298457143,-22.65694502400001,-25.869852144000006,23.6347476,70.189327,47.214459000000005,46.809629,40.06403337142857,37.253448057142855,45.37925786333333,70.189327,23.267613,0.0,0.0,0.0,0.0,0.0,0.0071428571428571435,0.47333333333333355,0.8566666666666669,13.347280555555555,11.589163888888889,13.381716666666668,12.826006746031746,12.371474206349207,12.457984351851852,12.279372037037037,21.3,21.1,21.3,20.8,21.0,20.942857142857143,20.778571428571432,20.456666666666663,19.863333333333333,18.2,21.4,21.342857142857138,19.835714285714285,21.1,10.180413888888888,0.6,20.3,21.4,12.623583333333334,0.2,19.6,21.5,13.563497222222221,0.0,25.4,21.6,11.80563888888889,0.2,23.4,22.0,12.428525,0.0,19.1,0,64,13,52.5,0.9811998277777778,-1.880017222222223,1260.0
2025-06-13,23.01518,1.0,1.0,24.0,21.4,1.4,19.7,12.356597222222222,2025,6,13,24,4,Friday,0,2,2025-06-01,2043697.0,41.446501848,64.103446872,76.42554066,60.29725690285714,66.55010114314287,22.270206204000004,-12.708832607999994,69.997487,23.6347476,70.189327,23.300832,43.37658451428571,40.60955784285715,46.12123583,70.189327,23.267613,0.0,0.0,0.0,0.0,0.0,0.0071428571428571435,0.33000000000000024,0.8433333333333336,12.629861111111111,13.040424999999999,13.605077777777778,12.97467777777778,12.317770238095237,12.460942592592593,12.443550648148149,21.2,21.3,21.2,20.8,21.0,21.0,20.79285714285714,20.526666666666667,19.98,20.2,20.7,21.17142857142857,19.7,21.1,13.068100000000001,0.2,18.4,21.6,12.999588888888889,0.1,25.4,21.4,13.569047222222222,0.0,22.1,21.6,10.756786111111111,0.0,19.6,22.5,12.785411111111111,0.0,22.2,0,63,14,52.5,0.9811998277777778,-1.880017222222223,1260.0
2025-06-14,46.297746000000004,2.0,2.0,23.7,21.4,4.3,22.0,12.706297222222222,2025,6,14,24,5,Saturday,1,2,2025-06-01,2043697.0,63.716708052,41.446501848,86.694943788,58.48170938742857,65.62320293828571,-2.112188940000003,-25.090424676000005,23.01518,69.997487,23.6347476,23.267613,43.33577708571428,40.59961677142858,44.97983496666667,70.189327,23.01518,1.4,0.0,0.0,0.0,0.19999999999999998,0.10714285714285714,0.34666666666666685,0.8433333333333336,12.356597222222222,12.407730555555556,13.21725,12.876988095238096,12.228593055555555,12.452494537037039,12.473637592592592,21.4,21.2,21.4,20.8,20.9,21.085714285714285,20.821428571428573,20.603333333333335,20.053333333333335,19.7,20.5,21.02857142857143,19.735714285714288,21.4,12.623583333333334,0.2,19.6,21.5,13.563497222222221,0.0,25.4,21.6,11.964025,1.9,20.0,21.5,12.604458333333334,0.0,19.1,24.4,12.866758333333333,0.0,22.7,0,62,15,52.5,0.9811998277777778,-1.880017222222223,1260.0
2025-06-15,47.166932,2.0,2.0,23.1,21.1,0.6,20.3,10.180413888888888,2025,6,15,24,6,Sunday,1,2,2025-06-01,2043697.0,61.604519112,63.716708052,69.119151876,54.89736300514285,64.52163478285715,0.11899655999999936,-7.395636204000006,46.297746000000004,23.01518,69.997487,46.031626,46.625796085714285,40.605693200000005,44.60681081333334,70.189327,23.01518,4.3,1.4,0.0,0.0,0.8142857142857142,0.41428571428571426,0.45333333333333353,0.8433333333333336,12.706297222222222,13.651222222222223,13.055897222222223,12.919640476190477,12.192096428571428,12.450817222222222,12.505218333333335,21.4,21.4,21.4,20.9,20.6,21.17142857142857,20.857142857142858,20.666666666666668,20.103333333333335,22.0,22.4,21.24285714285714,20.185714285714287,21.6,12.999588888888889,0.1,25.4,21.4,13.569047222222222,0.0,22.1,21.6,11.80563888888889,0.2,23.4,21.8,12.969275,0.0,17.9,25.3,12.867772222222223,0.0,29.6,0,61,16,52.5,0.9811998277777778,-1.880017222222223,1260.0
2025-06-16,76.52251100000001,3.0,3.0,23.8,21.1,0.2,18.4,13.068100000000001,2025,6,16,25,0,Monday,0,2,2025-06-01,2043697.0,61.723515672,61.604519112,52.501282272,53.84084354742857,61.82296279714286,-34.889791392,-25.667557992,47.166932,46.297746000000004,23.01518,47.214459000000005,46.787982657142855,42.311748200000004,44.637107746666665,70.189327,23.01518,0.6,4.3,0.0,0.0,0.9,0.45714285714285713,0.47333333333333355,0.8433333333333336,10.180413888888888,13.271358333333334,11.990958333333333,12.423810714285713,11.986704761904761,12.36260787037037,12.489068703703705,21.1,21.4,21.1,20.9,20.4,21.2,20.89285714285714,20.703333333333333,20.14333333333333,20.3,25.6,20.942857142857143,20.35,21.5,13.563497222222221,0.0,25.4,21.6,11.964025,1.9,20.0,21.6,10.756786111111111,0.0,19.6,22.0,12.428525,0.0,19.1,22.7,12.210686111111112,0.0,30.1,0,60,17,52.5,0.9811998277777778,-1.880017222222223,1260.0
2025-06-17,46.711090999999996,2.0,2.0,24.3,21.4,0.2,19.6,12.623583333333334,2025,6,17,25,1,Tuesday,0,2,2025-06-01,2043697.0,26.83372428,61.723515672,31.789931004,50.174049548571425,59.16083975485714,-12.351842927999998,-17.308049652,76.52251100000001,47.166932,46.297746000000004,70.189327,50.974847228571434,40.514464114285715,45.22575752666667,76.52251100000001,23.01518,0.2,0.6,0.0,0.1,0.9285714285714286,0.4714285714285714,0.48000000000000026,0.8466666666666669,13.068100000000001,12.474866666666665,8.575244444444445,12.39477380952381,12.063643452380953,12.397618981481482,12.361902222222222,21.1,21.1,21.1,21.1,20.2,21.228571428571428,20.942857142857143,20.733333333333334,20.18,18.4,20.6,19.914285714285715,20.45,21.4,13.569047222222222,0.0,22.1,21.6,11.80563888888889,0.2,23.4,21.5,12.604458333333334,0.0,19.1,22.5,12.785411111111111,0.0,22.2,22.1,11.8851,0.0,24.0,0,59,18,52.5,0.9811998277777778,-1.880017222222223,1260.0
2025-06-18,46.216524,2.0,2.0,24.6,21.6,0.1,25.4,12.999588888888889,2025,6,18,25,2,Wednesday,0,2,2025-06-01,2043697.0,14.481881352,26.83372428,64.103446872,47.701471026857135,56.922429463714295,10.614493152,-39.00707236800001,46.711090999999996,76.52251100000001,47.166932,23.6347476,47.620813514285715,42.154227185714284,45.24680982666666,76.52251100000001,23.01518,0.2,0.2,0.0,0.0,0.9571428571428572,0.4785714285714286,0.3766666666666669,0.8466666666666669,12.623583333333334,13.347280555555555,9.592447222222221,12.416019047619047,12.352810515873017,12.391301296296296,12.281650462962963,21.4,21.1,21.4,21.3,20.2,21.271428571428572,21.02857142857143,20.776666666666664,20.219999999999995,19.6,18.2,19.771428571428572,20.664285714285715,21.6,11.964025,1.9,20.0,21.6,10.756786111111111,0.0,19.6,21.8,12.969275,0.0,17.9,24.4,12.866758333333333,0.0,22.7,21.8,8.709050000000001,0.1,22.0,0,58,19,52.5,0.9811998277777778,-1.880017222222223,1260.0
2025-06-19,36.9256302,3.0,2.0,24.3,21.5,0.0,25.4,13.563497222222221,2025,6,19,25,3,Thursday,0,2,2025-06-01,2043697.0,25.096374504,14.481881352,41.446501848,42.129032117142856,53.06099109171429,34.74699552,18.396868176000005,46.216524,46.711090999999996,76.52251100000001,69.997487,50.84678157142857,45.45540747142858,45.24464929333333,76.52251100000001,23.01518,0.1,0.2,0.0,0.0,0.9714285714285714,0.4857142857142857,0.27000000000000024,0.8266666666666668,12.999588888888889,12.629861111111111,11.589163888888889,12.36634880952381,12.596177777777777,12.400308703703702,12.271296203703704,21.6,21.4,21.6,21.2,20.8,21.314285714285713,21.12857142857143,20.84,20.273333333333333,25.4,20.2,20.8,21.071428571428573,21.6,11.80563888888889,0.2,23.4,21.5,12.604458333333334,0.0,19.1,22.0,12.428525,0.0,19.1,25.3,12.867772222222223,0.0,29.6,21.9,10.767916666666666,0.0,19.8,0,57,20,52.5,0.9811998277777778,-1.880017222222223,1260.0
2025-06-20,46.952807,2.0,2.0,24.0,21.4,0.0,22.1,13.569047222222222,2025,6,20,25,4,Friday,0,2,2025-06-01,2043697.0,59.843370024,25.096374504,63.716708052,44.757156142285716,52.52720652257143,13.470410592,9.597072564000001,36.9256302,46.216524,46.711090999999996,23.01518,46.1222306,44.74940755714287,44.95202223333333,76.52251100000001,23.01518,0.0,0.1,1.4,0.0,0.9714285714285714,0.4857142857142857,0.27000000000000024,0.8266666666666668,13.563497222222221,12.356597222222222,13.040424999999999,12.499725396825397,12.737201587301586,12.49945611111111,12.298958425925926,21.5,21.6,21.5,21.4,20.8,21.357142857142858,21.178571428571427,20.89,20.339999999999996,25.4,19.7,21.54285714285714,21.357142857142858,21.6,10.756786111111111,0.0,19.6,21.8,12.969275,0.0,17.9,22.5,12.785411111111111,0.0,22.2,22.7,12.210686111111112,0.0,30.1,23.0,12.481872222222222,0.0,19.1,0,56,21,52.5,0.9811998277777778,-1.880017222222223,1260.0
2025-06-21,46.189009999999996,2.0,2.0,24.1,21.6,1.9,20.0,11.964025,2025,6,21,25,5,Saturday,1,2,2025-06-01,2043697.0,73.313780616,59.843370024,61.604519112,46.128166508571425,52.304937947999996,5.557139351999993,17.266400855999997,46.952807,36.9256302,46.216524,46.297746000000004,49.5418916,46.43883434285715,44.99326786666667,76.52251100000001,36.9256302,0.0,0.0,4.3,0.0,0.7714285714285715,0.4857142857142857,0.27000000000000024,0.7633333333333335,13.569047222222222,12.706297222222222,12.407730555555556,12.672932539682538,12.774960317460316,12.533044074074073,12.364638888888889,21.4,21.5,21.4,21.4,20.8,21.357142857142858,21.221428571428568,20.92,20.373333333333335,22.1,22.0,21.88571428571429,21.457142857142856,21.5,12.604458333333334,0.0,19.1,22.0,12.428525,0.0,19.1,24.4,12.866758333333333,0.0,22.7,22.1,11.8851,0.0,24.0,23.0,12.564352777777778,0.0,22.0,0,55,22,52.5,0.9811998277777778,-1.880017222222223,1260.0
2025-06-22,46.789832000000004,2.0,2.0,24.2,21.6,0.2,23.4,11.80563888888889,2025,6,22,25,6,Sunday,1,2,2025-06-01,2043697.0,78.870919968,73.313780616,61.723515672,48.59479520228571,51.74607910371429,4.521869280000004,21.669273576000002,46.189009999999996,46.952807,36.9256302,47.166932,49.52635788571428,48.07607698571429,45.01006696666666,76.52251100000001,36.9256302,1.9,0.0,0.6,0.0,0.42857142857142855,0.6214285714285713,0.32000000000000023,0.7200000000000002,11.964025,10.180413888888888,13.651222222222223,12.56689365079365,12.74326706349206,12.513338518518518,12.410571666666666,21.6,21.4,21.6,21.1,20.9,21.385714285714283,21.27857142857143,20.956666666666667,20.386666666666667,20.0,20.3,21.6,21.42142857142857,21.8,12.969275,0.0,17.9,22.5,12.785411111111111,0.0,22.2,25.3,12.867772222222223,0.0,29.6,21.8,8.709050000000001,0.1,22.0,21.9,9.724127777777777,3.3,24.5,0,54,23,52.5,0.9811998277777778,-1.880017222222223,1260.0
2025-06-23,109.92012270000001,7.0,4.0,23.8,21.6,0.0,19.6,10.756786111111111,2025,6,23,26,0,Monday,0,2,2025-06-01,2043697.0,83.392789248,78.870919968,26.83372428,51.69040571314286,52.76562463028572,-38.858326668,17.700738300000005,46.789832000000004,46.189009999999996,46.952807,76.52251100000001,49.47248645714286,48.130234557142856,45.8075147,76.52251100000001,36.9256302,0.2,1.9,0.2,0.0,0.37142857142857144,0.6357142857142858,0.32333333333333353,0.48333333333333356,11.80563888888889,13.068100000000001,13.271358333333334,12.799068650793652,12.611439682539682,12.505359351851853,12.431565555555556,21.6,21.6,21.6,21.1,20.9,21.457142857142856,21.32857142857143,20.993333333333336,20.37,23.4,18.4,22.04285714285714,21.49285714285714,22.0,12.428525,0.0,19.1,24.4,12.866758333333333,0.0,22.7,22.7,12.210686111111112,0.0,30.1,21.9,10.767916666666666,0.0,19.8,21.7,10.600577777777778,1.5,21.6,0,53,24,52.5,0.9811998277777778,-1.880017222222223,1260.0
2025-06-24,47.38443,2.0,2.0,23.8,21.5,0.0,19.1,12.604458333333334,2025,6,24,26,1,Tuesday,0,2,2025-06-01,2043697.0,44.53446258,83.392789248,14.481881352,54.21908261314286,52.196566080857146,3.2605057439999996,33.313086972,109.92012270000001,46.789832000000004,46.189009999999996,46.711090999999996,54.24357384285714,52.60921053571429,47.19863585666666,109.92012270000001,36.9256302,0.0,0.2,0.2,0.0,0.3428571428571429,0.6357142857142858,0.30333333333333357,0.48333333333333356,10.756786111111111,12.623583333333334,12.474866666666665,12.468880952380953,12.431827380952381,12.443199814814816,12.431376111111112,21.6,21.6,21.6,21.4,21.1,21.528571428571432,21.37857142857143,21.029999999999998,20.416666666666668,19.6,19.6,22.214285714285715,21.064285714285713,22.5,12.785411111111111,0.0,22.2,25.3,12.867772222222223,0.0,29.6,22.1,11.8851,0.0,24.0,23.0,12.481872222222222,0.0,19.1,22.5,11.544644444444446,1.7,15.1,0,52,25,52.5,0.9811998277777778,-1.880017222222223,1260.0
2025-06-25,24.028145,1.0,1.0,24.2,21.8,0.0,17.9,12.969275,2025,6,25,26,2,Wednesday,0,2,2025-06-01,2043697.0,47.794968324,44.53446258,25.096374504,58.97809503771429,53.339783032285716,20.49120763199999,43.189801452,47.38443,109.92012270000001,46.789832000000004,46.216524,54.33976512857142,50.98028932142858,46.47558455666667,109.92012270000001,36.9256302,0.0,0.0,0.1,0.0,0.31428571428571433,0.6357142857142858,0.30333333333333357,0.47333333333333355,12.604458333333334,12.999588888888889,13.347280555555555,12.46614880952381,12.441083928571429,12.414605925925924,12.457984351851852,21.5,21.6,21.5,21.6,21.3,21.542857142857144,21.407142857142855,21.043333333333333,20.456666666666663,19.1,25.4,22.142857142857142,20.95714285714286,24.4,12.866758333333333,0.0,22.7,22.7,12.210686111111112,0.0,30.1,21.8,8.709050000000001,0.1,22.0,23.0,12.564352777777778,0.0,22.0,21.7,10.440780555555556,0.4,18.6,0,51,26,52.5,0.9811998277777778,-1.880017222222223,1260.0
2025-06-26,63.2470542,4.0,3.0,24.4,22.0,0.0,19.1,12.428525,2025,6,26,26,3,Thursday,0,2,2025-06-01,2043697.0,68.286175956,47.794968324,59.843370024,65.14806667371428,53.63854939542857,-9.293631335999997,-0.8508254040000054,24.028145,47.38443,109.92012270000001,36.9256302,51.1699967,51.008389135714296,45.755327656666665,109.92012270000001,24.028145,0.0,0.0,0.0,0.0,0.3,0.6357142857142858,0.30333333333333357,0.33000000000000024,12.969275,13.563497222222221,12.629861111111111,12.461818253968252,12.414083531746032,12.400471111111111,12.460942592592593,21.8,21.5,21.8,21.5,21.2,21.571428571428573,21.442857142857143,21.07,20.526666666666667,17.9,25.4,21.071428571428573,20.935714285714287,25.3,12.867772222222223,0.0,29.6,22.1,11.8851,0.0,24.0,21.9,10.767916666666666,0.0,19.8,21.9,9.724127777777777,3.3,24.5,21.7,12.309327777777778,0.0,18.3,0,50,27,52.5,0.9811998277777778,-1.880017222222223,1260.0
2025-06-27,62.4441519,4.0,3.0,24.9,22.5,0.0,22.2,12.785411111111111,2025,6,27,26,4,Friday,0,2,2025-06-01,2043697.0,58.99254462,68.286175956,73.313780616,65.02652018742857,54.89183816485714,-4.825310507999994,-19.146546504,63.2470542,24.028145,47.38443,46.952807,54.93020012857143,50.52621536428571,45.57522896333334,109.92012270000001,24.028145,0.0,0.0,0.0,1.4,0.3,0.6357142857142858,0.3000000000000002,0.34666666666666685,12.428525,13.569047222222222,12.356597222222222,12.299679365079365,12.39970238095238,12.403522037037037,12.452494537037039,22.0,21.8,22.0,21.4,21.4,21.642857142857142,21.5,21.113333333333333,20.603333333333335,19.1,22.1,20.17142857142857,20.857142857142858,22.7,12.210686111111112,0.0,30.1,21.8,8.709050000000001,0.1,22.0,23.0,12.481872222222222,0.0,19.1,21.7,10.600577777777778,1.5,21.6,21.6,12.310247222222221,0.0,19.0,0,49,28,52.5,0.9811998277777778,-1.880017222222223,1260.0
2025-06-28,46.528881,2.0,2.0,27.3,24.4,0.0,22.7,12.866758333333333,2025,6,28,26,5,Saturday,1,2,2025-06-01,2043697.0,54.167234112,58.99254462,78.870919968,62.29129925828572,54.20973288342857,6.669757187999998,-18.033928667999994,62.4441519,63.2470542,24.028145,46.189009999999996,57.143249399999995,53.3425705,45.37856422666667,109.92012270000001,24.028145,0.0,0.0,1.9,4.3,0.3,0.5357142857142857,0.3000000000000002,0.45333333333333353,12.785411111111111,11.964025,12.706297222222222,12.18773134920635,12.430331944444445,12.407058148148147,12.450817222222222,22.5,22.0,22.5,21.6,21.4,21.8,21.57857142857143,21.186666666666667,20.666666666666668,22.2,20.0,20.185714285714287,21.035714285714285,22.1,11.8851,0.0,24.0,21.9,10.767916666666666,0.0,19.8,23.0,12.564352777777778,0.0,22.0,22.5,11.544644444444446,1.7,15.1,21.7,11.567355555555556,0.0,21.5,0,48,29,52.5,0.9811998277777778,-1.880017222222223,1260.0
2025-06-29,47.302631,2.0,2.0,30.2,25.3,0.0,29.6,12.867772222222223,2025,6,29,26,6,Sunday,1,2,2025-06-01,2043697.0,60.8369913,54.167234112,83.392789248,59.715023734285715,54.15490946828571,3.076061076000002,-19.479736871999997,46.528881,62.4441519,63.2470542,46.789832000000004,57.19180239999999,53.359080142857145,46.162461926666666,109.92012270000001,24.028145,0.0,0.0,0.2,0.6,0.028571428571428574,0.2285714285714286,0.3000000000000002,0.47333333333333355,12.866758333333333,11.80563888888889,10.180413888888888,12.316693253968253,12.441793452380953,12.389892870370371,12.36260787037037,24.4,22.5,24.4,21.6,21.1,22.2,21.792857142857144,21.3,20.703333333333333,22.7,23.4,20.571428571428573,21.085714285714285,21.8,8.709050000000001,0.1,22.0,23.0,12.481872222222222,0.0,19.1,21.9,9.724127777777777,3.3,24.5,21.7,10.440780555555556,0.4,18.6,21.7,12.223708333333333,2.6,19.8,0,47,30,52.5,0.9811998277777778,-1.880017222222223,1260.0
2025-06-30,87.3911782,4.0,3.0,25.9,22.7,0.0,30.1,12.210686111111112,2025,6,30,27,0,Monday,0,2,2025-06-01,2043697.0,63.913052376,60.8369913,44.53446258,56.932204181142865,54.31130494714285,-17.569842084,1.8087477119999988,47.302631,46.528881,62.4441519,109.92012270000001,57.2650594,53.36877292857143,46.967404460000004,109.92012270000001,24.028145,0.0,0.0,0.0,0.2,0.0,0.18571428571428572,0.3000000000000002,0.48000000000000026,12.867772222222223,10.756786111111111,13.068100000000001,12.468426587301588,12.63374761904762,12.365316018518518,12.397618981481482,25.3,24.4,25.3,21.6,21.1,22.72857142857143,22.092857142857145,21.44333333333333,20.733333333333334,29.6,19.6,21.457142857142856,21.75,21.9,10.767916666666666,0.0,19.8,23.0,12.564352777777778,0.0,22.0,21.7,10.600577777777778,1.5,21.6,21.7,12.309327777777778,0.0,18.3,21.9,12.000208333333333,0.0,18.3,0,46,31,52.5,0.9811998277777778,-1.880017222222223,1260.0
2025-07-01,70.139203,3.0,3.0,24.5,22.1,0.0,24.0,11.8851,2025,7,1,27,1,Tuesday,0,3,2025-07-01,2465274.0,46.343210292,63.913052376,47.794968324,57.19059671142857,55.70483966228572,-24.388344972000002,-25.840103004000003,87.3911782,47.302631,46.528881,47.38443,54.04663875714285,54.1451063,48.3400212,87.3911782,24.028145,0.0,0.0,0.0,0.2,0.0,0.17142857142857146,0.3000000000000002,0.3766666666666669,12.210686111111112,12.604458333333334,12.623583333333334,12.676126587301587,12.572503769841271,12.33176388888889,12.391301296296296,22.7,25.3,22.7,21.5,21.4,22.885714285714283,22.207142857142856,21.503333333333334,20.776666666666664,30.1,19.1,22.95714285714286,22.585714285714285,23.0,12.481872222222222,0.0,19.1,21.9,9.724127777777777,3.3,24.5,22.5,11.544644444444446,1.7,15.1,21.6,12.310247222222221,0.0,19.0,23.8,12.550180555555556,0.0,11.4,0,45,32,62.23853211009175,1.280448264359768,28.04482643597679,1493.724770642202
2025-07-02,0.0,0.0,0.0,24.3,21.8,0.1,22.0,8.709050000000001,2025,7,2,27,2,Wednesday,0,3,2025-07-01,2465274.0,21.95486532,46.343210292,68.286175956,53.49915342514286,56.23862423142857,20.937444732,-25.393865903999995,70.139203,87.3911782,47.302631,24.028145,57.2973206142857,55.818542871428576,49.90192256666667,87.3911782,24.028145,0.0,0.0,0.0,0.1,0.0,0.15714285714285717,0.3000000000000002,0.27000000000000024,11.8851,12.969275,12.999588888888889,12.573361111111112,12.519754960317458,12.292737314814815,12.400308703703702,22.1,22.7,22.1,21.8,21.6,22.971428571428568,22.25714285714286,21.553333333333335,20.84,24.0,17.9,23.657142857142862,22.9,23.0,12.564352777777778,0.0,22.0,21.7,10.600577777777778,1.5,21.6,21.7,10.440780555555556,0.4,18.6,21.7,11.567355555555556,0.0,21.5,27.7,12.551527777777778,0.0,12.1,0,44,33,62.23853211009175,1.280448264359768,28.04482643597679,1493.724770642202
2025-07-03,46.426769,2.0,2.0,24.8,21.9,0.0,19.8,10.767916666666666,2025,7,3,27,3,Thursday,0,3,2025-07-01,2465274.0,42.892310052,21.95486532,58.99254462,49.871458296,57.50976248485714,3.944735964000003,-12.155498603999995,0.0,70.139203,87.3911782,63.2470542,53.86472847142856,52.51736258571429,46.51243962666667,87.3911782,0.0,0.1,0.0,0.0,0.0,0.014285714285714287,0.1571428571428571,0.3033333333333336,0.27000000000000024,8.709050000000001,12.428525,13.563497222222221,11.964757539682541,12.213287896825397,12.18334037037037,12.49945611111111,21.8,22.1,21.8,22.0,21.5,22.97142857142857,22.271428571428572,21.6,20.89,22.0,19.1,24.242857142857144,22.657142857142855,21.9,9.724127777777777,3.3,24.5,22.5,11.544644444444446,1.7,15.1,21.7,12.309327777777778,0.0,18.3,21.7,12.223708333333333,2.6,19.8,30.4,12.631075000000001,0.0,20.6,0,43,34,62.23853211009175,1.280448264359768,28.04482643597679,1493.724770642202
2025-07-04,23.165324,1.0,1.0,26.7,23.0,0.0,19.1,12.481872222222222,2025,7,4,27,4,Friday,0,3,2025-07-01,2465274.0,46.837046016,42.892310052,54.167234112,48.13495849542858,56.58073934142857,-0.9460226520000035,-8.276210748000004,46.426769,0.0,70.139203,62.4441519,51.46183058571428,53.196015357142855,47.26818499333333,87.3911782,0.0,0.0,0.1,0.0,0.0,0.014285714285714287,0.1571428571428571,0.3000000000000002,0.27000000000000024,10.767916666666666,12.785411111111111,13.569047222222222,11.727527777777778,12.013603571428572,12.256429444444445,12.533044074074073,21.9,21.8,21.9,22.5,21.4,22.95714285714286,22.3,21.656666666666663,20.92,19.8,22.2,24.342857142857145,22.25714285714286,21.7,10.600577777777778,1.5,21.6,21.7,10.440780555555556,0.4,18.6,21.6,12.310247222222221,0.0,19.0,21.9,12.000208333333333,0.0,18.3,27.7,12.632611111111112,0.0,18.3,0,42,35,62.23853211009175,1.280448264359768,28.04482643597679,1493.724770642202
2025-07-05,23.115932,1.0,1.0,25.3,23.0,0.0,22.0,12.564352777777778,2025,7,5,27,5,Saturday,1,3,2025-07-01,2465274.0,45.891023364,46.837046016,60.8369913,46.95264267428571,54.62197096628572,19.491636528000008,4.5456685920000055,23.165324,46.426769,0.0,46.528881,45.85056945714285,51.49690942857143,48.04036246,87.3911782,0.0,0.0,0.0,0.0,1.9,0.014285714285714287,0.1571428571428571,0.3000000000000002,0.32000000000000023,12.481872222222222,12.866758333333333,11.964025,11.684165079365082,11.935948214285714,12.352743611111112,12.513338518518518,23.0,21.9,23.0,24.4,21.6,23.028571428571432,22.414285714285715,21.75,20.956666666666667,19.1,22.7,23.900000000000002,22.042857142857144,22.5,11.544644444444446,1.7,15.1,21.7,12.309327777777778,0.0,18.3,21.7,11.567355555555556,0.0,21.5,23.8,12.550180555555556,0.0,11.4,23.0,11.148327777777778,0.0,21.6,0,41,36,62.23853211009175,1.280448264359768,28.04482643597679,1493.724770642202
2025-07-06,47.335582,2.0,2.0,23.8,21.9,3.3,24.5,9.724127777777777,2025,7,6,27,6,Sunday,1,3,2025-07-01,2465274.0,65.382659892,45.891023364,63.913052376,47.60202390171428,53.658523818,18.825255791999993,20.294863307999996,23.115932,23.165324,46.426769,47.302631,42.50586245714285,49.84883242857143,47.25057256,87.3911782,0.0,0.0,0.0,0.0,0.2,0.014285714285714287,0.021428571428571432,0.3000000000000002,0.32333333333333353,12.564352777777778,12.867772222222223,11.80563888888889,11.640964285714286,11.978828769841272,12.385249907407408,12.505359351851853,23.0,23.0,23.0,25.3,21.6,22.82857142857143,22.514285714285712,21.82333333333333,20.993333333333336,22.0,29.6,23.800000000000004,22.185714285714287,21.7,10.440780555555556,0.4,18.6,21.6,12.310247222222221,0.0,19.0,21.7,12.223708333333333,2.6,19.8,27.7,12.551527777777778,0.0,12.1,22.7,11.798844444444443,0.3,20.7,0,40,37,62.23853211009175,1.280448264359768,28.04482643597679,1493.724770642202
2025-07-07,70.427569,3.0,3.0,23.5,21.7,1.5,21.6,10.600577777777778,2025,7,7,28,0,Monday,0,3,2025-07-01,2465274.0,84.207915684,65.382659892,46.343210292,50.50129008857142,53.716747134857144,-13.726253196000002,24.138452195999996,47.335582,23.115932,23.165324,87.3911782,42.510569742857136,49.88781457142857,48.051730893333335,87.3911782,0.0,3.3,0.0,0.0,0.0,0.4857142857142857,0.24285714285714285,0.4100000000000002,0.30333333333333357,9.724127777777777,12.210686111111112,10.756786111111111,11.191872222222221,11.830149404761906,12.274706666666667,12.443199814814816,21.9,23.0,21.9,22.7,21.6,22.342857142857138,22.535714285714285,21.860000000000003,21.029999999999998,24.5,30.1,23.071428571428573,22.264285714285716,21.7,12.309327777777778,0.0,18.3,21.7,11.567355555555556,0.0,21.5,21.9,12.000208333333333,0.0,18.3,30.4,12.631075000000001,0.0,20.6,23.0,11.723077777777778,0.2,17.8,0,39,38,62.23853211009175,1.280448264359768,28.04482643597679,1493.724770642202
2025-07-08,70.307349,3.0,3.0,24.8,22.5,1.7,15.1,11.544644444444446,2025,7,8,28,1,Tuesday,0,3,2025-07-01,2465274.0,70.481662488,84.207915684,21.95486532,53.949640402285716,55.570118556857146,-6.729255467999998,41.7975417,70.427569,47.335582,23.115932,70.139203,40.087196999999996,47.06691787857143,49.623729426666664,70.427569,0.0,1.5,3.3,0.0,0.0,0.7000000000000001,0.35000000000000003,0.4600000000000002,0.30333333333333357,10.600577777777778,11.8851,12.604458333333334,10.961856746031746,11.818991666666665,12.21446824074074,12.414605925925924,21.7,21.9,21.7,22.1,21.5,22.2,22.542857142857144,21.889999999999997,21.043333333333333,21.6,24.0,21.857142857142858,22.407142857142855,21.6,12.310247222222221,0.0,19.0,21.7,12.223708333333333,2.6,19.8,23.8,12.550180555555556,0.0,11.4,27.7,12.632611111111112,0.0,18.3,22.4,9.866486111111112,0.0,20.3,0,38,39,62.23853211009175,1.280448264359768,28.04482643597679,1493.724770642202
2025-07-09,103.3129057,5.0,4.0,23.8,21.7,0.4,18.6,10.440780555555556,2025,7,9,28,2,Wednesday,0,3,2025-07-01,2465274.0,63.75240702,70.481662488,42.892310052,59.920717788,56.70993560657143,-7.520582591999997,13.339514376000004,70.307349,70.427569,47.335582,0.0,40.11121785714285,48.70426923571428,50.43292019333333,70.427569,0.0,1.7,1.5,0.1,0.0,0.9428571428571428,0.4714285714285714,0.5166666666666668,0.30333333333333357,11.544644444444446,8.709050000000001,12.969275,10.913220238095239,11.743290674603175,12.144248981481484,12.400471111111111,22.5,21.7,22.5,21.8,21.8,22.25714285714286,22.614285714285717,21.94333333333333,21.07,15.1,22.0,20.585714285714285,22.12142857142857,21.7,11.567355555555556,0.0,21.5,21.9,12.000208333333333,0.0,18.3,27.7,12.551527777777778,0.0,12.1,23.0,11.148327777777778,0.0,21.6,23.1,12.138652777777779,3.8,25.0,0,37,40,62.23853211009175,1.280448264359768,28.04482643597679,1493.724770642202
2025-07-10,23.285979,1.0,1.0,24.0,21.7,0.0,18.3,12.309327777777778,2025,7,10,28,3,Thursday,0,3,2025-07-01,2465274.0,56.231824428,63.75240702,46.837046016,61.82636269885715,55.84891049742857,11.179726811999991,20.574505223999992,103.3129057,70.307349,70.427569,46.426769,54.870204385714274,54.367466428571426,52.30286841666667,103.3129057,23.115932,0.4,1.7,0.0,0.0,0.9857142857142858,0.5,0.5300000000000001,0.3000000000000002,10.440780555555556,10.767916666666666,12.428525,11.160610317460316,11.56268392857143,12.04989638888889,12.403522037037037,21.7,22.5,21.7,21.9,22.0,22.24285714285714,22.607142857142858,21.970000000000002,21.113333333333333,18.6,19.8,20.1,22.17142857142857,21.7,12.223708333333333,2.6,19.8,23.8,12.550180555555556,0.0,11.4,30.4,12.631075000000001,0.0,20.6,22.7,11.798844444444443,0.3,20.7,22.7,11.882861111111112,5.6,29.0,0,36,41,62.23853211009175,1.280448264359768,28.04482643597679,1493.724770642202
2025-07-11,46.276145,2.0,2.0,23.3,21.6,0.0,19.0,12.310247222222221,2025,7,11,28,4,Friday,0,3,2025-07-01,2465274.0,67.41155124,56.231824428,45.891023364,64.76557773085715,56.450268113142855,13.32761472,34.848142595999995,23.285979,103.3129057,70.307349,23.165324,51.56437724285714,51.51310391428571,50.73942348333333,103.3129057,23.115932,0.0,0.4,0.0,0.0,0.9857142857142858,0.5,0.5300000000000001,0.3000000000000002,12.309327777777778,12.481872222222222,12.785411111111111,11.380811904761904,11.554169841269841,12.044378425925924,12.407058148148147,21.7,21.7,21.7,23.0,22.5,22.214285714285715,22.585714285714285,21.99,21.186666666666667,18.3,19.1,19.885714285714283,22.11428571428571,21.9,12.000208333333333,0.0,18.3,27.7,12.551527777777778,0.0,12.1,27.7,12.632611111111112,0.0,18.3,23.0,11.723077777777778,0.2,17.8,23.1,12.493544444444446,0.0,24.4,0,35,42,62.23853211009175,1.280448264359768,28.04482643597679,1493.724770642202
2025-07-12,46.267573999999996,2.0,2.0,23.4,21.7,0.0,21.5,11.567355555555556,2025,7,12,28,5,Saturday,1,3,2025-07-01,2465274.0,80.73916596,67.41155124,65.382659892,69.74388381600001,58.34826324514285,-0.23799311999999873,15.118512947999989,46.276145,23.285979,103.3129057,23.115932,54.865923099999996,50.35824627857143,51.49413673000001,103.3129057,23.115932,0.0,0.0,0.0,0.0,0.9857142857142858,0.5,0.5300000000000001,0.3000000000000002,12.310247222222221,12.564352777777778,12.866758333333333,11.356294047619047,11.520229563492064,12.009810648148148,12.389892870370371,21.6,21.7,21.6,23.0,24.4,22.014285714285712,22.521428571428572,22.0,21.3,19.0,22.0,19.87142857142857,21.885714285714283,23.8,12.550180555555556,0.0,11.4,30.4,12.631075000000001,0.0,20.6,23.0,11.148327777777778,0.0,21.6,22.4,9.866486111111112,0.0,20.3,23.9,12.49663611111111,0.0,12.2,0,34,43,62.23853211009175,1.280448264359768,28.04482643597679,1493.724770642202
2025-07-13,48.527239,2.0,2.0,23.4,21.7,2.6,19.8,12.223708333333333,2025,7,13,28,6,Sunday,1,3,2025-07-01,2465274.0,80.50117284,80.73916596,84.207915684,71.90367137999999,59.75284764085715,-1.2911126759999974,-4.997855520000002,46.267573999999996,46.276145,23.285979,47.335582,58.173300528571424,50.339581492857135,50.70313963,103.3129057,23.285979,0.0,0.0,3.3,0.0,0.9857142857142858,0.5,0.5300000000000001,0.3000000000000002,11.567355555555556,9.724127777777777,12.867772222222223,11.213865873015875,11.427415079365078,11.974393796296296,12.365316018518518,21.7,21.6,21.7,21.9,25.3,21.828571428571426,22.328571428571426,22.016666666666666,21.44333333333333,21.5,24.5,19.8,21.8,27.7,12.551527777777778,0.0,12.1,27.7,12.632611111111112,0.0,18.3,22.7,11.798844444444443,0.3,20.7,23.1,12.138652777777779,3.8,25.0,24.7,12.346111111111112,0.0,15.4,0,33,44,62.23853211009175,1.280448264359768,28.04482643597679,1493.724770642202
2025-07-14,69.0014469,3.0,2.0,24.4,21.9,0.0,18.3,12.000208333333333,2025,7,14,29,0,Monday,0,3,2025-07-01,2465274.0,79.210060164,80.50117284,70.481662488,71.18969202,60.845491054285716,-0.6366315960000009,8.09176608,48.527239,46.267573999999996,46.276145,70.427569,58.34353724285713,50.42705349285715,51.55354159666667,103.3129057,23.285979,2.6,0.0,1.5,0.0,0.8857142857142858,0.6857142857142857,0.5700000000000003,0.3000000000000002,12.223708333333333,10.600577777777778,12.210686111111112,11.570948809523811,11.381410515873016,11.969964166666667,12.33176388888889,21.7,21.7,21.7,21.7,22.7,21.800000000000004,22.071428571428573,22.026666666666664,21.503333333333334,19.8,21.6,19.12857142857143,21.099999999999998,30.4,12.631075000000001,0.0,20.6,23.0,11.148327777777778,0.0,21.6,23.0,11.723077777777778,0.2,17.8,22.7,11.882861111111112,5.6,29.0,25.4,12.426591666666667,0.0,18.9,0,32,45,62.23853211009175,1.280448264359768,28.04482643597679,1493.724770642202
2025-07-15,40.74582335,4.0,3.0,27.2,23.8,0.0,11.4,12.550180555555556,2025,7,15,29,1,Tuesday,0,3,2025-07-01,2465274.0,78.573428568,79.210060164,63.75240702,72.34565860285714,63.147649502571426,-8.912842343999998,5.908179204,69.0014469,48.527239,46.267573999999996,70.307349,58.139805514285705,49.11350125714286,52.31033162666667,103.3129057,23.285979,0.0,2.6,1.7,0.0,0.6714285714285715,0.6857142857142857,0.4266666666666669,0.3000000000000002,12.000208333333333,11.544644444444446,11.8851,11.770896031746032,11.36637638888889,11.946427870370371,12.292737314814815,21.9,21.7,21.9,22.5,22.1,21.828571428571426,22.014285714285712,22.043333333333337,21.553333333333335,18.3,15.1,18.657142857142862,20.25714285714286,27.7,12.632611111111112,0.0,18.3,22.7,11.798844444444443,0.3,20.7,22.4,9.866486111111112,0.0,20.3,23.1,12.493544444444446,0.0,24.4,24.8,12.277047222222222,0.0,20.1,0,31,46,62.23853211009175,1.280448264359768,28.04482643597679,1493.724770642202
2025-07-16,71.53890799999999,3.0,2.0,31.8,27.7,0.0,12.1,12.551527777777778,2025,7,16,29,2,Wednesday,0,3,2025-07-01,2465274.0,69.660586224,78.573428568,56.231824428,73.18968420342857,66.55520099571429,-4.152979943999995,9.275781852000001,40.74582335,69.0014469,48.527239,103.3129057,53.91673042142857,47.013974139285715,52.09629467166667,103.3129057,23.285979,0.0,0.0,0.4,0.1,0.42857142857142855,0.6857142857142857,0.4066666666666669,0.3033333333333336,12.550180555555556,10.440780555555556,8.709050000000001,11.914544047619046,11.413882142857142,12.025420092592592,12.18334037037037,23.8,21.9,23.8,21.7,21.8,22.014285714285712,22.135714285714283,22.133333333333333,21.6,11.4,18.6,18.12857142857143,19.357142857142858,23.0,11.148327777777778,0.0,21.6,23.0,11.723077777777778,0.2,17.8,23.1,12.138652777777779,3.8,25.0,23.9,12.49663611111111,0.0,12.2,24.0,12.357727777777777,0.0,24.2,0,30,47,62.23853211009175,1.280448264359768,28.04482643597679,1493.724770642202
2025-07-17,47.281029000000004,2.0,2.0,33.9,30.4,0.0,20.6,12.631075000000001,2025,7,17,29,3,Thursday,0,3,2025-07-01,2465274.0,65.50760628,69.660586224,67.41155124,74.51479589657141,68.17057929771428,-1.8979951320000055,-3.8019400919999953,71.53890799999999,40.74582335,69.0014469,23.285979,49.377587892857136,52.12389613928571,51.93017457166666,71.53890799999999,23.285979,0.0,0.0,0.0,0.0,0.37142857142857144,0.6785714285714286,0.40000000000000024,0.3000000000000002,12.551527777777778,12.309327777777778,10.767916666666666,12.216079365079366,11.68834484126984,12.008201018518518,12.256429444444445,27.7,23.8,27.7,21.7,21.9,22.87142857142857,22.557142857142857,22.353333333333335,21.656666666666663,12.1,18.3,17.2,18.650000000000002,22.7,11.798844444444443,0.3,20.7,22.4,9.866486111111112,0.0,20.3,22.7,11.882861111111112,5.6,29.0,24.7,12.346111111111112,0.0,15.4,23.6,12.36201111111111,0.0,23.9,0,29,48,62.23853211009175,1.280448264359768,28.04482643597679,1493.724770642202
2025-07-18,46.39417,2.0,2.0,29.5,27.7,0.0,18.3,12.632611111111112,2025,7,18,29,4,Friday,0,3,2025-07-01,2465274.0,63.609611148,65.50760628,80.73916596,73.97166159771427,69.36861966428572,-3.212907119999997,-20.342461931999992,47.281029000000004,71.53890799999999,40.74582335,46.276145,52.80545217857143,52.18491471071429,51.949172505,71.53890799999999,40.74582335,0.0,0.0,0.0,0.0,0.37142857142857144,0.6785714285714286,0.3933333333333336,0.3000000000000002,12.631075000000001,12.310247222222221,12.481872222222222,12.262043253968255,11.82142757936508,12.00845074074074,12.352743611111112,30.4,27.7,30.4,21.6,23.0,24.11428571428571,23.164285714285715,22.653333333333332,21.75,20.6,19.0,17.52857142857143,18.70714285714286,23.0,11.723077777777778,0.2,17.8,23.1,12.138652777777779,3.8,25.0,23.1,12.493544444444446,0.0,24.4,25.4,12.426591666666667,0.0,18.9,23.6,12.213861111111111,0.8,27.4,0,28,49,62.23853211009175,1.280448264359768,28.04482643597679,1493.724770642202
2025-07-19,46.18257,2.0,2.0,24.8,23.0,0.0,21.6,11.148327777777778,2025,7,19,29,5,Saturday,1,3,2025-07-01,2465274.0,60.396704028,63.609611148,80.50117284,71.06559560742856,70.40473971171429,-0.45218692800000326,-20.556655739999997,46.39417,47.281029000000004,71.53890799999999,46.267573999999996,52.82231289285714,53.84411799642857,51.95509403833333,71.53890799999999,40.74582335,0.0,0.0,0.0,0.0,0.37142857142857144,0.6785714285714286,0.39000000000000024,0.3000000000000002,12.632611111111112,11.567355555555556,12.564352777777778,12.308095238095238,11.832194642857145,11.99621814814815,12.385249907407408,27.7,30.4,27.7,21.7,23.0,24.985714285714284,23.5,22.856666666666666,21.82333333333333,18.3,21.5,17.428571428571427,18.650000000000002,22.4,9.866486111111112,0.0,20.3,22.7,11.882861111111112,5.6,29.0,23.9,12.49663611111111,0.0,12.2,24.8,12.277047222222222,0.0,20.1,23.6,11.388833333333334,1.7,25.4,0,27,50,62.23853211009175,1.280448264359768,28.04482643597679,1493.724770642202
2025-07-20,47.489993999999996,2.0,2.0,24.7,22.7,0.3,20.7,11.798844444444443,2025,7,20,29,6,Sunday,1,3,2025-07-01,2465274.0,59.9445171,60.396704028,79.210060164,68.1289305017143,70.01630094085714,-5.188250015999998,-24.453793079999997,46.18257,46.39417,47.281029000000004,48.527239,52.81016946428571,55.491734996428576,52.26365869833333,71.53890799999999,40.74582335,0.0,0.0,2.6,3.3,0.37142857142857144,0.6785714285714286,0.39000000000000024,0.4100000000000002,11.148327777777778,12.223708333333333,9.724127777777777,12.248234126984126,11.73105,11.915712500000001,12.274706666666667,23.0,27.7,23.0,21.7,21.9,25.17142857142857,23.5,22.906666666666663,21.860000000000003,21.6,19.8,17.442857142857143,18.621428571428574,23.1,12.138652777777779,3.8,25.0,23.1,12.493544444444446,0.0,24.4,24.7,12.346111111111112,0.0,15.4,24.0,12.357727777777777,0.0,24.2,23.1,11.32485,0.0,20.7,0,26,51,62.23853211009175,1.280448264359768,28.04482643597679,1493.724770642202
2025-07-21,45.929799,2.0,2.0,25.2,23.0,0.2,17.8,11.723077777777778,2025,7,21,30,0,Monday,0,3,2025-07-01,2465274.0,54.756267084,59.9445171,78.573428568,64.63553149028571,67.91261175514286,-0.7913271239999986,-24.608488607999995,47.489993999999996,46.18257,46.39417,69.0014469,52.66199160714285,55.502764425,52.281564931666665,71.53890799999999,40.74582335,0.3,0.0,0.0,1.5,0.04285714285714286,0.4642857142857143,0.40000000000000024,0.4600000000000002,11.798844444444443,12.000208333333333,10.600577777777778,12.187539285714289,11.879244047619048,11.856705740740741,12.21446824074074,22.7,23.0,22.7,21.9,21.7,25.314285714285717,23.557142857142853,22.95,21.889999999999997,20.7,18.3,17.571428571428573,18.35,22.7,11.882861111111112,5.6,29.0,23.9,12.49663611111111,0.0,12.2,25.4,12.426591666666667,0.0,18.9,23.6,12.36201111111111,0.0,23.9,23.0,12.018883333333335,0.0,18.6,0,25,52,62.23853211009175,1.280448264359768,28.04482643597679,1493.724770642202
2025-07-22,47.370211,2.0,2.0,24.4,22.4,0.0,20.3,9.866486111111112,2025,7,22,30,1,Tuesday,0,3,2025-07-01,2465274.0,53.96493996,54.756267084,69.660586224,61.120033117714286,66.7328458602857,-4.670614980000003,-20.366261244,45.929799,47.489993999999996,46.18257,40.74582335,49.36604190714286,53.752923710714285,52.272924565000004,71.53890799999999,40.74582335,0.2,0.3,0.0,1.7,0.07142857142857142,0.3714285714285714,0.3433333333333336,0.5166666666666668,11.723077777777778,12.550180555555556,11.544644444444446,12.147949206349207,11.959422619047618,11.848674166666665,12.144248981481484,23.0,22.7,23.0,23.8,22.5,25.47142857142857,23.65,22.996666666666666,21.94333333333333,17.8,11.4,17.5,18.07857142857143,23.1,12.493544444444446,0.0,24.4,24.7,12.346111111111112,0.0,15.4,24.8,12.277047222222222,0.0,20.1,23.6,12.213861111111111,0.8,27.4,23.4,12.158327777777778,0.0,14.3,0,24,53,62.23853211009175,1.280448264359768,28.04482643597679,1493.724770642202
2025-07-23,24.081666,1.0,1.0,25.5,23.1,3.8,25.0,12.138652777777779,2025,7,23,30,2,Wednesday,0,3,2025-07-01,2465274.0,49.29432498,53.96493996,65.50760628,58.210567225714286,65.70012571457143,-1.2256645679999991,-17.438945868000005,47.370211,45.929799,47.489993999999996,71.53890799999999,50.312383,52.11455671071428,52.29227053166666,71.53890799999999,45.929799,0.0,0.2,0.0,0.4,0.07142857142857142,0.25000000000000006,0.33666666666666695,0.5300000000000001,9.866486111111112,12.551527777777778,10.440780555555556,11.764564285714284,11.839554166666668,11.784035740740741,12.04989638888889,22.4,23.0,22.4,27.7,21.7,25.27142857142857,23.642857142857142,23.02333333333333,21.970000000000002,20.3,12.1,18.771428571428572,18.45,23.9,12.49663611111111,0.0,12.2,25.4,12.426591666666667,0.0,18.9,24.0,12.357727777777777,0.0,24.2,23.6,11.388833333333334,1.7,25.4,24.5,12.088236111111112,0.0,17.1,0,23,54,62.23853211009175,1.280448264359768,28.04482643597679,1493.724770642202
2025-07-24,93.548336,4.0,4.0,24.3,22.7,5.6,29.0,11.882861111111112,2025,7,24,30,3,Thursday,0,3,2025-07-01,2465274.0,48.068660412,49.29432498,63.609611148,55.71928924457143,65.11704257057143,-17.813785032,-33.354735768,24.081666,47.370211,45.929799,47.281029000000004,43.532776999999996,46.45518244642857,49.430988641666666,47.489993999999996,24.081666,3.8,0.0,0.0,0.0,0.6142857142857142,0.4928571428571429,0.4633333333333336,0.5300000000000001,12.138652777777779,12.631075000000001,12.309327777777778,11.705582142857143,11.960830753968253,11.830097962962961,12.044378425925924,23.1,22.4,23.1,30.4,21.7,24.614285714285717,23.74285714285714,23.073333333333334,21.99,25.0,20.6,20.614285714285717,18.907142857142855,24.7,12.346111111111112,0.0,15.4,24.8,12.277047222222222,0.0,20.1,23.6,12.36201111111111,0.0,23.9,23.1,11.32485,0.0,20.7,25.8,12.169588888888889,0.0,18.2,0,22,55,62.23853211009175,1.280448264359768,28.04482643597679,1493.724770642202
2025-07-25,69.647092,3.0,3.0,25.4,23.1,0.0,24.4,12.493544444444446,2025,7,25,30,4,Friday,0,3,2025-07-01,2465274.0,30.25487538,48.068660412,60.396704028,50.954326992,62.46299429485715,-2.3263827480000003,-32.468211396,93.548336,24.081666,47.370211,46.39417,50.14239228571428,51.47392223214286,50.96978550833333,93.548336,24.081666,5.6,3.8,0.0,0.0,1.4142857142857141,0.8928571428571429,0.6500000000000002,0.5300000000000001,11.882861111111112,12.632611111111112,12.310247222222221,11.598694444444444,11.93036884920635,11.806044722222223,12.009810648148148,22.7,23.1,22.7,27.7,21.6,23.514285714285712,23.814285714285717,23.113333333333337,22.0,29.0,18.3,21.814285714285713,19.67142857142857,25.4,12.426591666666667,0.0,18.9,24.0,12.357727777777777,0.0,24.2,23.6,12.213861111111111,0.8,27.4,23.0,12.018883333333335,0.0,18.6,25.5,10.316688888888889,0.0,15.3,0,21,56,62.23853211009175,1.280448264359768,28.04482643597679,1493.724770642202
2025-07-26,46.831366,2.0,2.0,26.6,23.9,0.0,12.2,12.49663611111111,2025,7,26,30,5,Saturday,1,3,2025-07-01,2465274.0,27.928492632,30.25487538,59.9445171,46.31601107828572,58.69080334285714,19.646332056,-12.369692412,69.647092,93.548336,24.081666,46.18257,53.46423828571427,53.143275589285714,52.490417074999996,93.548336,24.081666,0.0,5.6,0.0,0.0,1.4142857142857141,0.8928571428571429,0.6500000000000002,0.5300000000000001,12.493544444444446,11.148327777777778,11.567355555555556,11.578827777777777,11.943461507936506,11.790187037037038,11.974393796296296,23.1,22.7,23.1,23.0,21.7,22.857142857142858,23.92142857142857,23.156666666666663,22.016666666666666,24.4,21.6,22.685714285714283,20.057142857142857,24.8,12.277047222222222,0.0,20.1,23.6,12.36201111111111,0.0,23.9,23.6,11.388833333333334,1.7,25.4,23.4,12.158327777777778,0.0,14.3,28.1,12.181386111111111,0.0,20.1,0,20,57,62.23853211009175,1.280448264359768,28.04482643597679,1493.724770642202
2025-07-27,46.885508,2.0,2.0,28.5,24.7,0.0,15.4,12.346111111111112,2025,7,27,30,6,Sunday,1,3,2025-07-01,2465274.0,47.574824688,27.928492632,54.756267084,44.54891216228572,56.338921332,22.258306548,15.076864151999999,46.831366,69.647092,93.548336,47.489993999999996,53.55692342857143,53.18354644642857,51.94322746833333,93.548336,24.081666,0.0,0.0,0.3,2.6,1.4142857142857141,0.8928571428571429,0.6500000000000002,0.5700000000000003,12.49663611111111,11.798844444444443,12.223708333333333,11.771443253968256,12.00983869047619,11.792457407407406,11.969964166666667,23.9,23.1,23.9,22.7,21.7,22.985714285714288,24.07857142857143,23.220000000000002,22.026666666666664,12.2,20.7,21.342857142857138,19.392857142857142,24.0,12.357727777777777,0.0,24.2,23.6,12.213861111111111,0.8,27.4,23.1,11.32485,0.0,20.7,24.5,12.088236111111112,0.0,17.1,30.7,12.187472222222222,0.0,22.4,0,19,58,62.23853211009175,1.280448264359768,28.04482643597679,1493.724770642202
2025-07-28,103.4131287,6.0,4.0,28.8,25.4,0.0,18.9,12.426591666666667,2025,7,28,31,0,Monday,0,3,2025-07-01,2465274.0,69.833131236,47.574824688,53.96493996,46.70274989828571,55.669140694285716,-18.634861295999997,-2.7666700199999994,46.885508,46.831366,69.647092,45.929799,53.470568285714286,53.06627994642857,51.424606005,93.548336,24.081666,0.0,0.0,0.2,0.0,1.3714285714285712,0.7071428571428572,0.6500000000000002,0.4266666666666669,12.346111111111112,11.723077777777778,12.000208333333333,11.849624206349205,12.018581746031746,11.777814074074076,11.946427870370371,24.7,23.9,24.7,23.0,21.9,23.27142857142857,24.292857142857144,23.293333333333333,22.043333333333337,15.4,17.8,20.585714285714285,19.07857142857143,23.6,12.36201111111111,0.0,23.9,23.6,11.388833333333334,1.7,25.4,23.0,12.018883333333335,0.0,18.6,25.8,12.169588888888889,0.0,18.2,29.6,12.0,0.0,24.5,0,18,59,62.23853211009175,1.280448264359768,28.04482643597679,1493.724770642202
2025-07-29,93.65685500000001,4.0,4.0,27.5,24.8,0.0,20.1,12.277047222222222,2025,7,29,31,1,Tuesday,0,3,2025-07-01,2465274.0,51.19826994,69.833131236,49.29432498,46.307511324000004,53.713772220857145,-25.923400596000004,-24.019455636,103.4131287,46.885508,46.831366,47.370211,61.68247252857143,55.52425721785715,53.32074759499999,103.4131287,24.081666,0.0,0.0,0.0,0.0,1.3428571428571427,0.7071428571428572,0.6500000000000002,0.4066666666666669,12.426591666666667,9.866486111111112,12.550180555555556,11.950126190476189,12.0490376984127,11.763141851851852,12.025420092592592,25.4,24.7,25.4,22.4,23.8,23.61428571428571,24.54285714285714,23.326666666666664,22.133333333333333,18.9,20.3,20.74285714285714,19.12142857142857,23.6,12.213861111111111,0.8,27.4,23.1,11.32485,0.0,20.7,23.4,12.158327777777778,0.0,14.3,25.5,10.316688888888889,0.0,15.3,27.7,12.050161111111112,0.0,22.3,0,17,60,62.23853211009175,1.280448264359768,28.04482643597679,1493.724770642202
2025-07-30,69.973049,3.0,3.0,26.8,24.0,0.0,24.2,12.357727777777777,2025,7,30,31,2,Wednesday,0,3,2025-07-01,2465274.0,25.274869344,51.19826994,48.068660412,42.87616051885714,50.54336387228572,-7.2885393,-30.082330368,93.65685500000001,103.4131287,46.885508,24.081666,68.29485024285715,59.30361662142857,54.865888395,103.4131287,24.081666,0.0,0.0,3.8,0.0,1.3428571428571427,0.7071428571428572,0.6500000000000002,0.40000000000000024,12.277047222222222,12.138652777777779,12.551527777777778,12.294492063492063,12.029528174603175,11.743451018518519,12.008201018518518,24.8,25.4,24.8,23.1,27.7,23.957142857142856,24.614285714285717,23.310000000000002,22.353333333333335,20.1,25.0,20.714285714285715,19.742857142857144,23.6,11.388833333333334,1.7,25.4,23.0,12.018883333333335,0.0,18.6,24.5,12.088236111111112,0.0,17.1,28.1,12.181386111111111,0.0,20.1,25.6,12.056825,0.0,18.1,0,16,61,62.23853211009175,1.280448264359768,28.04482643597679,1493.724770642202
2025-07-31,58.5228447,4.0,3.0,26.3,23.6,0.0,23.9,12.36201111111111,2025,7,31,31,3,Thursday,0,3,2025-07-01,2465274.0,17.986330044,25.274869344,30.25487538,38.578684752,47.148986998285714,0.7080295320000012,-11.560515804000001,69.973049,93.65685500000001,103.4131287,93.548336,74.8507621,59.191769550000004,54.285284088333334,103.4131287,46.831366,0.0,0.0,5.6,0.0,0.7999999999999999,0.7071428571428572,0.6500000000000002,0.3933333333333336,12.357727777777777,11.882861111111112,12.631075000000001,12.325788492063491,12.015685317460319,11.748352407407406,12.00845074074074,24.0,24.8,24.0,22.7,30.4,24.085714285714285,24.349999999999998,23.353333333333335,22.653333333333332,24.2,29.0,20.599999999999998,20.607142857142858,23.1,11.32485,0.0,20.7,23.4,12.158327777777778,0.0,14.3,25.8,12.169588888888889,0.0,18.2,30.7,12.187472222222222,0.0,22.4,23.8,12.0,0.0,19.4,0,15,62,62.23853211009175,1.280448264359768,28.04482643597679,1493.724770642202
2025-08-01,46.552449,2.0,2.0,26.2,23.6,0.8,27.4,12.213861111111111,2025,8,1,31,4,Friday,0,3,2025-08-01,2712988.0,18.694359576,17.986330044,27.928492632,36.92718249428572,43.94075474314286,10.334851235999999,1.1007181799999977,58.5228447,69.973049,93.65685500000001,69.647092,69.84712048571429,59.99475638571429,53.898072145,103.4131287,46.831366,0.0,0.0,0.0,0.0,0.0,0.7071428571428572,0.6500000000000002,0.39000000000000024,12.36201111111111,12.493544444444446,12.632611111111112,12.394238492063494,11.996466468253969,11.764249444444443,11.99621814814815,23.6,24.0,23.6,23.1,27.7,24.214285714285715,23.864285714285717,23.403333333333332,22.856666666666666,23.9,24.4,19.87142857142857,20.842857142857138,23.0,12.018883333333335,0.0,18.6,24.5,12.088236111111112,0.0,17.1,25.5,10.316688888888889,0.0,15.3,29.6,12.0,0.0,24.5,23.7,12.0,0.0,16.9,0,14,63,67.09803921568627,1.137375548655757,13.73755486557569,1610.3529411764705
2025-08-02,46.276806,2.0,2.0,26.5,23.6,1.7,25.4,11.388833333333334,2025,8,2,31,5,Saturday,1,3,2025-08-01,2712988.0,29.029210812,18.694359576,47.574824688,37.08442794857143,41.70021951342857,18.158875056000003,-0.38673881999999793,46.552449,58.5228447,69.973049,46.831366,66.54788577142857,60.00606202857143,55.449820445,103.4131287,46.552449,0.8,0.0,0.0,0.0,0.1142857142857143,0.7642857142857143,0.6733333333333336,0.39000000000000024,12.213861111111111,12.49663611111111,11.148327777777778,12.35428373015873,11.966555753968253,11.88107648148148,11.915712500000001,23.6,23.6,23.6,23.9,23.0,24.285714285714285,23.571428571428573,23.46333333333333,22.906666666666663,27.4,12.2,20.3,21.492857142857144,23.4,12.158327777777778,0.0,14.3,25.8,12.169588888888889,0.0,18.2,28.1,12.181386111111111,0.0,20.1,27.7,12.050161111111112,0.0,22.3,24.2,8.25018611111111,0.0,20.3,0,13,64,67.09803921568627,1.137375548655757,13.73755486557569,1610.3529411764705
2025-08-03,46.775673999999995,2.0,2.0,25.4,23.1,0.0,20.7,11.32485,2025,8,3,31,6,Sunday,1,3,2025-08-01,2712988.0,47.188085868,29.029210812,69.833131236,37.029179545714285,40.789045854,21.205186991999994,-1.4398583760000037,46.276806,46.552449,58.5228447,46.885508,66.46866291428572,60.01279317142858,55.44482167833334,103.4131287,46.276806,1.7,0.8,0.0,0.3,0.35714285714285715,0.8857142857142858,0.7300000000000002,0.40000000000000024,11.388833333333334,12.346111111111112,11.798844444444443,12.19602619047619,11.983734722222222,11.901773703703704,11.856705740740741,23.6,23.6,23.6,24.7,22.7,24.242857142857144,23.614285714285717,23.52,22.95,25.4,15.4,22.185714285714283,21.764285714285712,24.5,12.088236111111112,0.0,17.1,25.5,10.316688888888889,0.0,15.3,30.7,12.187472222222222,0.0,22.4,25.6,12.056825,0.0,18.1,26.0,12.010480555555556,0.0,21.9,0,12,65,67.09803921568627,1.137375548655757,13.73755486557569,1610.3529411764705
2025-08-04,105.9353993,5.0,4.0,25.4,23.0,0.0,18.6,12.018883333333335,2025,8,4,32,0,Monday,0,3,2025-08-01,2712988.0,68.39327286,47.188085868,51.19826994,36.823485491999996,41.76311769514285,-22.246406891999996,-5.051403972000003,46.775673999999995,46.276806,46.552449,103.4131287,66.45297234285714,59.961770314285715,56.231833345000005,103.4131287,46.276806,0.0,1.7,0.0,0.2,0.35714285714285715,0.8642857142857142,0.7300000000000002,0.3433333333333336,11.32485,12.426591666666667,11.723077777777778,12.050131746031743,11.949877976190477,11.863206296296296,11.848674166666665,23.1,23.6,23.1,25.4,23.0,24.014285714285712,23.642857142857142,23.523333333333333,22.996666666666666,20.7,18.9,22.942857142857143,21.764285714285712,25.8,12.169588888888889,0.0,18.2,28.1,12.181386111111111,0.0,20.1,29.6,12.0,0.0,24.5,23.8,12.0,0.0,19.4,26.2,12.0,0.0,20.3,0,11,66,67.09803921568627,1.137375548655757,13.73755486557569,1610.3529411764705
2025-08-05,69.63621,3.0,3.0,25.9,23.4,0.0,14.3,12.158327777777778,2025,8,5,32,1,Tuesday,0,3,2025-08-01,2712988.0,46.146865968,68.39327286,25.274869344,36.10185635314286,41.204683838571434,-1.2078150840000035,19.664181539999998,105.9353993,46.775673999999995,46.276806,93.65685500000001,66.81329671428571,64.24788462142858,58.992482255000006,105.9353993,46.276806,0.0,0.0,0.0,0.0,0.35714285714285715,0.85,0.7300000000000002,0.33666666666666695,12.018883333333335,12.277047222222222,9.866486111111112,11.991887698412697,11.971006944444445,11.845023981481482,11.784035740740741,23.0,23.1,23.0,24.8,22.4,23.671428571428574,23.642857142857142,23.523333333333333,23.02333333333333,18.6,20.1,22.900000000000002,21.821428571428573,25.5,10.316688888888889,0.0,15.3,30.7,12.187472222222222,0.0,22.4,27.7,12.050161111111112,0.0,22.3,23.7,12.0,0.0,16.9,24.5,11.953802777777778,0.0,17.0,0,10,67,67.09803921568627,1.137375548655757,13.73755486557569,1610.3529411764705
2025-08-06,82.72570379999999,4.0,3.0,27.8,24.5,0.0,17.1,12.088236111111112,2025,8,6,32,2,Wednesday,0,3,2025-08-01,2712988.0,44.939050884,46.146865968,17.986330044,38.91102514457142,40.89359283171429,0.1368460440000021,27.089566884,69.63621,105.9353993,46.775673999999995,69.973049,63.381775999999995,65.83831312142857,59.73583652166667,105.9353993,46.276806,0.0,0.0,0.0,3.8,0.35714285714285715,0.85,0.6200000000000003,0.4633333333333336,12.158327777777778,12.357727777777777,12.138652777777779,11.97492777777778,12.13470992063492,11.926163981481482,11.830097962962961,23.4,23.0,23.4,24.0,23.1,23.47142857142857,23.714285714285715,23.57333333333333,23.073333333333334,14.3,24.2,22.071428571428573,21.392857142857142,28.1,12.181386111111111,0.0,20.1,29.6,12.0,0.0,24.5,25.6,12.056825,0.0,18.1,24.2,8.25018611111111,0.0,20.3,23.5,11.750472222222221,0.0,20.0,0,9,68,67.09803921568627,1.137375548655757,13.73755486557569,1610.3529411764705
2025-08-07,69.558048,3.0,3.0,29.3,25.8,0.0,18.2,12.169588888888889,2025,8,7,32,3,Thursday,0,3,2025-08-01,2712988.0,45.075896928,44.939050884,18.694359576,42.780963270857136,40.67982401142857,-1.4874569999999991,24.894080352,82.72570379999999,69.63621,105.9353993,58.5228447,65.20358382857144,70.02717296428571,60.14577434833333,105.9353993,46.276806,0.0,0.0,0.0,5.6,0.35714285714285715,0.5785714285714285,0.5700000000000003,0.6500000000000002,12.088236111111112,12.36201111111111,11.882861111111112,11.936428968253969,12.131108730158731,11.975752592592594,11.806044722222223,24.5,23.4,24.5,23.6,22.7,23.542857142857144,23.814285714285717,23.666666666666668,23.113333333333337,17.1,23.9,21.057142857142853,20.828571428571426,30.7,12.187472222222222,0.0,22.4,27.7,12.050161111111112,0.0,22.3,23.8,12.0,0.0,19.4,26.0,12.010480555555556,0.0,21.9,23.7,12.0,0.0,18.2,0,8,69,67.09803921568627,1.137375548655757,13.73755486557569,1610.3529411764705
2025-08-08,46.068147999999994,2.0,2.0,29.0,25.5,0.0,15.3,10.316688888888889,2025,8,8,32,4,Friday,0,3,2025-08-01,2712988.0,43.588439928,45.075896928,29.029210812,46.337260463999996,41.632221479142856,-12.435140520000001,2.124088596,69.558048,82.72570379999999,69.63621,46.552449,66.78004144285714,68.3135809642857,60.12079764833334,105.9353993,46.276806,0.0,0.0,0.8,0.0,0.35714285714285715,0.17857142857142858,0.5133333333333335,0.6500000000000002,12.169588888888889,12.213861111111111,12.493544444444446,11.90894007936508,12.151589285714286,11.996584074074073,11.790187037037038,25.8,24.5,25.8,23.6,23.1,23.857142857142858,24.035714285714285,23.776666666666667,23.156666666666663,18.2,27.4,20.24285714285714,20.057142857142853,29.6,12.0,0.0,24.5,25.6,12.056825,0.0,18.1,23.7,12.0,0.0,16.9,26.2,12.0,0.0,20.3,24.3,11.805238888888889,0.0,18.9,0,7,70,67.09803921568627,1.137375548655757,13.73755486557569,1610.3529411764705
2025-08-09,46.550146,2.0,2.0,32.4,28.1,0.0,20.1,12.181386111111111,2025,8,9,32,5,Saturday,1,3,2025-08-01,2712988.0,31.153299408,43.588439928,47.188085868,46.640701692,41.86256482028572,21.074290776,5.039504315999999,46.068147999999994,69.558048,82.72570379999999,46.276806,66.71085558571428,66.62937067857143,58.21263905833334,105.9353993,46.068147999999994,0.0,0.0,1.7,0.0,0.24285714285714285,0.17857142857142858,0.5000000000000002,0.6500000000000002,10.316688888888889,11.388833333333334,12.49663611111111,11.637915476190477,11.996099603174603,11.992447685185187,11.792457407407406,25.5,25.8,25.5,23.6,23.9,24.12857142857143,24.20714285714286,23.903333333333332,23.220000000000002,15.3,25.4,18.514285714285712,19.407142857142855,27.7,12.050161111111112,0.0,22.3,23.8,12.0,0.0,19.4,24.2,8.25018611111111,0.0,20.3,24.5,11.953802777777778,0.0,17.0,24.2,11.637169444444444,0.0,13.2,0,6,71,67.09803921568627,1.137375548655757,13.73755486557569,1610.3529411764705
2025-08-10,46.313632999999996,2.0,2.0,33.8,30.7,0.0,22.4,12.187472222222222,2025,8,10,32,6,Sunday,1,3,2025-08-01,2712988.0,52.227590184,31.153299408,68.39327286,47.360630879999995,42.194905212857144,18.956152007999997,2.7904693320000007,46.550146,46.068147999999994,69.558048,46.775673999999995,66.74990415714285,66.60928353571428,58.98811129166666,105.9353993,46.068147999999994,0.0,0.0,0.0,0.0,0.0,0.17857142857142858,0.5000000000000002,0.6500000000000002,12.181386111111111,11.32485,12.346111111111112,11.751137301587303,11.973581746031746,11.988182962962963,11.777814074074076,28.1,25.5,28.1,23.1,24.7,24.77142857142857,24.507142857142856,24.116666666666667,23.293333333333333,20.1,20.7,17.757142857142856,19.97142857142857,25.6,12.056825,0.0,18.1,23.7,12.0,0.0,16.9,26.0,12.010480555555556,0.0,21.9,23.5,11.750472222222221,0.0,20.0,23.3,12.0,0.0,17.7,0,5,72,67.09803921568627,1.137375548655757,13.73755486557569,1610.3529411764705
2025-08-11,59.1408023,3.0,2.0,34.0,29.6,0.0,24.5,12.0,2025,8,11,33,0,Monday,0,3,2025-08-01,2712988.0,71.183742192,52.227590184,46.146865968,47.759269356,42.291377424000004,13.309765236000004,38.34664146,46.313632999999996,46.550146,46.068147999999994,105.9353993,66.6838983,66.56843532142857,58.98936089166667,105.9353993,46.068147999999994,0.0,0.0,0.0,0.0,0.0,0.17857142857142858,0.5000000000000002,0.6500000000000002,12.187472222222222,12.018883333333335,12.426591666666667,11.87436904761905,11.962250396825397,11.984090462962964,11.763141851851852,30.7,28.1,30.7,23.0,25.4,25.857142857142858,24.935714285714283,24.42,23.326666666666664,22.4,18.6,18.0,20.471428571428568,23.8,12.0,0.0,19.4,24.2,8.25018611111111,0.0,20.3,26.2,12.0,0.0,20.3,23.7,12.0,0.0,18.2,23.9,11.625572222222221,0.6,23.8,0,4,73,67.09803921568627,1.137375548655757,13.73755486557569,1610.3529411764705
2025-08-12,46.172212,2.0,2.0,31.4,27.7,0.0,22.3,12.050161111111112,2025,8,12,33,1,Tuesday,0,3,2025-08-01,2712988.0,84.493507428,71.183742192,44.939050884,53.237360993142865,44.66960867314286,-3.147459011999999,36.406997532000005,59.1408023,46.313632999999996,46.550146,69.63621,59.99895587142857,63.40612629285714,59.418468501666666,82.72570379999999,46.068147999999994,0.0,0.0,0.0,0.0,0.0,0.17857142857142858,0.5000000000000002,0.6500000000000002,12.0,12.158327777777778,12.277047222222222,11.87167142857143,11.931779563492062,11.998511944444447,11.743451018518519,29.6,30.7,29.6,23.4,24.8,26.8,25.235714285714288,24.683333333333334,23.310000000000002,24.5,14.3,18.842857142857145,20.87142857142857,23.7,12.0,0.0,16.9,26.0,12.010480555555556,0.0,21.9,24.5,11.953802777777778,0.0,17.0,24.3,11.805238888888889,0.0,18.9,23.4,11.5384,8.8,28.5,0,3,74,67.09803921568627,1.137375548655757,13.73755486557569,1610.3529411764705
2025-08-13,69.686296,3.0,3.0,28.1,25.6,0.0,18.1,12.056825,2025,8,13,33,2,Wednesday,0,3,2025-08-01,2712988.0,81.346048416,84.493507428,45.075896928,58.438360640571425,48.67469289257143,-25.709206788000003,10.5609447,46.172212,59.1408023,46.313632999999996,82.72570379999999,56.64695615714286,60.01436607857143,59.339967601666665,82.72570379999999,46.068147999999994,0.0,0.0,0.0,0.0,0.0,0.17857142857142858,0.4133333333333335,0.6500000000000002,12.050161111111112,12.088236111111112,12.357727777777777,11.856219047619048,11.915573412698413,11.992727037037037,11.748352407407406,27.7,29.6,27.7,24.5,24.0,27.41428571428571,25.442857142857143,24.883333333333333,23.353333333333335,22.3,17.1,19.985714285714288,21.02857142857143,24.2,8.25018611111111,0.0,20.3,26.2,12.0,0.0,20.3,23.5,11.750472222222221,0.0,20.0,24.2,11.637169444444444,0.0,13.2,23.6,11.883302777777777,0.9,16.9,0,2,75,67.09803921568627,1.137375548655757,13.73755486557569,1610.3529411764705
2025-08-14,46.394924,2.0,2.0,26.7,23.8,0.0,19.4,12.0,2025,8,14,33,3,Thursday,0,3,2025-08-01,2712988.0,55.636841628,81.346048416,43.588439928,59.947067026285715,51.364015148571426,-3.641294735999999,8.407106964,69.686296,46.172212,59.1408023,69.558048,54.78418361428571,59.99388372142857,59.362795905,69.686296,46.068147999999994,0.0,0.0,0.0,0.0,0.0,0.17857142857142858,0.4133333333333335,0.6500000000000002,12.056825,12.169588888888889,12.36201111111111,11.851731746031746,11.894080357142856,11.99461425925926,11.764249444444443,25.6,27.7,25.6,25.8,23.6,27.571428571428573,25.557142857142857,25.006666666666664,23.403333333333332,18.1,18.2,20.12857142857143,20.592857142857145,26.0,12.010480555555556,0.0,21.9,24.5,11.953802777777778,0.0,17.0,23.7,12.0,0.0,18.2,23.3,12.0,0.0,17.7,23.0,11.748919444444445,1.8,15.2,0,1,76,67.09803921568627,1.137375548655757,13.73755486557569,1610.3529411764705
2025-08-15,46.426959,2.0,2.0,26.3,23.7,0.0,16.9,12.0,2025,8,15,33,4,Friday,0,3,2025-08-01,2712988.0,51.995546892,55.636841628,31.153299408,61.14808230685714,53.74267138542857,13.036073148000007,33.87832063200001,46.394924,69.686296,46.172212,46.068147999999994,51.47516589999999,59.127603671428574,59.55109926,69.686296,46.068147999999994,0.0,0.0,0.0,0.8,0.0,0.17857142857142858,0.4133333333333335,0.6733333333333336,12.0,10.316688888888889,12.213861111111111,11.827504761904763,11.86822242063492,11.976274907407408,11.88107648148148,23.8,25.6,23.8,25.5,23.6,27.285714285714285,25.571428571428573,25.006666666666668,23.46333333333333,19.4,15.3,20.300000000000004,20.271428571428572,26.2,12.0,0.0,20.3,23.5,11.750472222222221,0.0,20.0,24.3,11.805238888888889,0.0,18.9,23.9,11.625572222222221,0.6,23.8,23.0,11.108372222222222,0.9,19.3,1,0,0,67.09803921568627,1.137375548655757,13.73755486557569,1610.3529411764705
2025-08-16,69.289019,3.0,3.0,28.4,24.2,0.0,20.3,8.25018611111111,2025,8,16,33,5,Saturday,1,3,2025-08-01,2712988.0,65.03162004,51.995546892,52.227590184,65.98784239714286,56.31427204457143,-2.9749140000000054,9.829115856000001,46.426959,46.394924,69.686296,46.550146,51.52642461428571,59.11864009999999,58.714034293333334,69.686296,46.172212,0.0,0.0,0.0,1.7,0.0,0.12142857142857143,0.4133333333333335,0.7300000000000002,12.0,12.181386111111111,11.388833333333334,12.067977777777779,11.852946626984126,11.95789064814815,11.901773703703704,23.7,23.8,23.7,28.1,23.6,27.028571428571432,25.57857142857143,24.87333333333333,23.52,16.9,20.1,20.52857142857143,19.52142857142857,24.5,11.953802777777778,0.0,17.0,23.7,12.0,0.0,18.2,24.2,11.637169444444444,0.0,13.2,23.4,11.5384,8.8,28.5,23.5,11.692527777777777,0.0,19.6,0,57,1,67.09803921568627,1.137375548655757,13.73755486557569,1610.3529411764705
2025-08-17,46.301401999999996,2.0,2.0,28.8,26.0,0.0,21.9,12.010480555555556,2025,8,17,33,6,Sunday,1,3,2025-08-01,2712988.0,62.05670604,65.03162004,71.183742192,67.39200180514285,57.37631634257143,19.128697019999997,10.001660868000002,69.289019,46.426959,46.394924,46.313632999999996,54.77483504285714,60.7623696,59.44763396,69.686296,46.172212,0.0,0.0,0.0,0.0,0.0,0.0,0.4133333333333335,0.7300000000000002,8.25018611111111,12.187472222222222,11.32485,11.506377777777777,11.62875753968254,11.81186101851852,11.863206296296296,24.2,23.7,24.2,30.7,23.1,26.47142857142857,25.62142857142857,24.666666666666668,23.523333333333333,20.3,22.4,20.557142857142857,19.157142857142855,23.5,11.750472222222221,0.0,20.0,24.3,11.805238888888889,0.0,18.9,23.3,12.0,0.0,17.7,23.6,11.883302777777777,0.9,16.9,23.4,10.876755555555555,2.2,20.1,0,56,2,67.09803921568627,1.137375548655757,13.73755486557569,1610.3529411764705
2025-08-18,128.6809757,6.0,5.0,29.0,26.2,0.0,20.3,12.0,2025,8,18,34,0,Monday,0,3,2025-08-01,2712988.0,81.18540306,62.05670604,84.493507428,68.82081050057143,58.290039928285715,-43.290948528,-46.599052896,46.301401999999996,69.289019,46.426959,59.1408023,54.77308775714285,60.72849302857143,59.444541693333335,69.686296,46.172212,0.0,0.0,0.0,0.0,0.0,0.0,0.4133333333333335,0.7300000000000002,12.010480555555556,12.0,12.018883333333335,11.481093253968254,11.677731150793651,11.791123333333333,11.845023981481482,26.0,24.2,26.0,29.6,23.0,25.8,25.82857142857143,24.610000000000003,23.523333333333333,21.9,24.5,20.485714285714288,19.242857142857144,23.7,12.0,0.0,18.2,24.2,11.637169444444444,0.0,13.2,23.9,11.625572222222221,0.6,23.8,23.0,11.748919444444445,1.8,15.2,22.9,9.992022222222221,4.5,22.4,0,55,3,67.09803921568627,1.137375548655757,13.73755486557569,1610.3529411764705
2025-08-19,46.199166000000005,2.0,2.0,27.3,24.5,0.0,17.0,11.953802777777778,2025,8,19,34,1,Tuesday,0,3,2025-08-01,2712988.0,37.894454532,81.18540306,81.346048416,62.163802944,57.70058196857143,-1.1780659439999965,-44.629659828,128.6809757,46.301401999999996,69.289019,46.172212,64.70739824285714,62.353177057142865,62.19448855,128.6809757,46.172212,0.0,0.0,0.0,0.0,0.0,0.0,0.4133333333333335,0.6200000000000003,12.0,12.050161111111112,12.158327777777778,11.481093253968254,11.676382341269841,11.819512407407409,11.926163981481482,26.2,26.0,26.2,27.7,23.4,25.314285714285713,26.057142857142857,24.716666666666665,23.57333333333333,20.3,22.3,19.885714285714283,19.364285714285717,24.3,11.805238888888889,0.0,18.9,23.3,12.0,0.0,17.7,23.4,11.5384,8.8,28.5,23.0,11.108372222222222,0.9,19.3,22.9,11.04836388888889,0.0,19.8,0,54,4,67.09803921568627,1.137375548655757,13.73755486557569,1610.3529411764705
2025-08-20,93.2380835,5.0,4.0,25.8,23.5,0.0,20.0,11.750472222222221,2025,8,20,34,2,Wednesday,0,3,2025-08-01,2712988.0,36.716388588,37.894454532,55.636841628,55.78813725428571,57.11324894742857,8.829544751999997,-10.090908288000001,46.199166000000005,128.6809757,46.301401999999996,69.686296,64.71124881428571,60.67910248571428,62.15146095,128.6809757,46.199166000000005,0.0,0.0,0.0,0.0,0.0,0.0,0.40333333333333354,0.5700000000000003,11.953802777777778,12.056825,12.088236111111112,11.46732777777778,11.661773412698412,11.824677685185184,11.975752592592594,24.5,26.2,24.5,25.6,24.5,24.857142857142858,26.135714285714283,24.776666666666664,23.666666666666668,17.0,18.1,19.12857142857143,19.557142857142853,24.2,11.637169444444444,0.0,13.2,23.9,11.625572222222221,0.6,23.8,23.6,11.883302777777777,0.9,16.9,23.5,11.692527777777777,0.0,19.6,23.1,12.0,0.0,18.4,0,53,5,67.09803921568627,1.137375548655757,13.73755486557569,1610.3529411764705
2025-08-21,69.559547,3.0,3.0,26.1,23.7,0.0,18.2,12.0,2025,8,21,34,3,Thursday,0,3,2025-08-01,2712988.0,45.54593334,36.716388588,51.995546892,54.346578927428574,57.146822976857145,-3.183157979999997,-9.632771532,93.2380835,46.199166000000005,128.6809757,46.394924,68.07578988571427,61.42998675,63.728403766666666,128.6809757,46.199166000000005,0.0,0.0,0.0,0.0,0.0,0.0,0.39666666666666683,0.5133333333333335,11.750472222222221,12.0,12.169588888888889,11.423563095238094,11.63764742063492,11.825590833333335,11.996584074074073,23.5,24.5,23.5,23.8,25.8,24.557142857142853,26.064285714285713,24.793333333333333,23.776666666666667,20.0,19.4,19.400000000000002,19.764285714285716,23.3,12.0,0.0,17.7,23.4,11.5384,8.8,28.5,23.0,11.748919444444445,1.8,15.2,23.4,10.876755555555555,2.2,20.1,23.5,12.0,0.0,19.4,0,52,6,67.09803921568627,1.137375548655757,13.73755486557569,1610.3529411764705
2025-08-22,93.07473540000001,5.0,4.0,27.1,24.3,0.0,18.9,11.805238888888889,2025,8,22,34,4,Friday,0,3,2025-08-01,2712988.0,42.36277536,45.54593334,65.03162004,52.97046870857143,57.05927550771428,-13.11937074,-35.78821542000001,69.559547,93.2380835,46.199166000000005,46.426959,71.38502174285715,61.43009382142857,64.4680483,128.6809757,46.199166000000005,0.0,0.0,0.0,0.0,0.0,0.0,0.39666666666666683,0.5000000000000002,12.0,12.0,10.316688888888889,11.423563095238094,11.625533928571429,11.896707962962962,11.992447685185187,23.7,23.5,23.7,23.7,25.5,24.542857142857144,25.91428571428571,24.836666666666666,23.903333333333332,18.2,16.9,19.228571428571428,19.764285714285712,23.9,11.625572222222221,0.6,23.8,23.6,11.883302777777777,0.9,16.9,23.0,11.108372222222222,0.9,19.3,22.9,9.992022222222221,4.5,22.4,23.5,11.83231111111111,0.0,21.6,0,51,7,67.09803921568627,1.137375548655757,13.73755486557569,1610.3529411764705
2025-08-23,46.062371,2.0,2.0,27.2,24.2,0.0,13.2,11.637169444444444,2025,8,23,34,5,Saturday,1,3,2025-08-01,2712988.0,29.24340462,42.36277536,62.05670604,47.857866505714284,56.92285445142857,21.24088596,-11.572415460000002,93.07473540000001,69.559547,93.2380835,69.289019,78.04898979999999,64.78770720714286,66.76781728,128.6809757,46.199166000000005,0.0,0.0,0.0,0.0,0.0,0.0,0.27000000000000024,0.5000000000000002,11.805238888888889,8.25018611111111,12.181386111111111,11.39574007936508,11.731858928571427,11.885594166666667,11.988182962962963,24.3,23.7,24.3,24.2,28.1,24.628571428571426,25.828571428571426,24.876666666666665,24.116666666666667,18.9,20.3,19.514285714285712,20.021428571428572,23.4,11.5384,8.8,28.5,23.0,11.748919444444445,1.8,15.2,23.5,11.692527777777777,0.0,19.6,22.9,11.04836388888889,0.0,19.8,23.2,12.0,0.0,16.9,0,50,8,67.09803921568627,1.137375548655757,13.73755486557569,1610.3529411764705
2025-08-24,46.556533,2.0,2.0,25.8,23.3,0.0,17.7,12.0,2025,8,24,34,6,Sunday,1,3,2025-08-01,2712988.0,50.48429058,29.24340462,81.18540306,46.204664297142855,56.79833305114285,19.253643407999995,-11.447469072000004,46.062371,93.07473540000001,69.559547,46.301401999999996,74.73089722857142,64.75286613571429,65.18495177999999,128.6809757,46.062371,0.0,0.0,0.0,0.0,0.0,0.0,0.08333333333333356,0.5000000000000002,11.637169444444444,12.010480555555556,12.187472222222222,11.87959484126984,11.692986309523809,11.877404444444444,11.984090462962964,24.2,24.3,24.2,26.0,30.7,24.62857142857143,25.55,24.926666666666666,24.42,13.2,21.9,18.5,19.52857142857143,23.6,11.883302777777777,0.9,16.9,23.0,11.108372222222222,0.9,19.3,23.4,10.876755555555555,2.2,20.1,23.1,12.0,0.0,18.4,24.0,12.0,0.0,16.2,0,49,9,67.09803921568627,1.137375548655757,13.73755486557569,1610.3529411764705
2025-08-25,93.1703161,5.0,4.0,26.8,23.9,0.6,23.8,11.625572222222221,2025,8,25,35,0,Monday,0,3,2025-08-01,2712988.0,69.737933988,50.48429058,37.894454532,44.56931157257143,56.695061036571424,-30.20727675599999,1.6362027000000054,46.556533,46.062371,93.07473540000001,128.6809757,74.76734451428571,64.77021613571428,64.41526648,128.6809757,46.062371,0.0,0.0,0.0,0.0,0.0,0.0,0.08333333333333356,0.5000000000000002,12.0,12.0,12.0,11.878097619047619,11.679595436507936,11.860952962962964,11.998511944444447,23.3,24.2,23.3,26.2,29.6,24.24285714285714,25.021428571428572,24.933333333333334,24.683333333333334,17.7,20.3,17.9,19.192857142857143,23.0,11.748919444444445,1.8,15.2,23.5,11.692527777777777,0.0,19.6,22.9,9.992022222222221,4.5,22.4,23.5,12.0,0.0,19.4,24.2,12.0,0.0,14.1,0,48,10,67.09803921568627,1.137375548655757,13.73755486557569,1610.3529411764705
2025-08-26,69.209422,3.0,3.0,25.1,23.4,8.8,28.5,11.5384,2025,8,26,35,1,Tuesday,0,3,2025-08-01,2712988.0,39.530657232,69.737933988,36.716388588,44.803054815428574,53.48342887971429,-20.199666060000002,-17.385397416,93.1703161,46.556533,46.062371,46.199166000000005,69.69439314285714,67.20089569285715,65.95989815,93.2380835,46.062371,0.6,0.0,0.0,0.0,0.08571428571428572,0.04285714285714286,0.10333333333333357,0.4133333333333335,11.625572222222221,11.953802777777778,12.050161111111112,11.824607936507935,11.652850595238094,11.831917500000001,11.992727037037037,23.9,23.3,23.9,24.5,27.7,23.914285714285715,24.614285714285717,24.933333333333334,24.883333333333333,23.8,17.0,18.400000000000002,19.142857142857142,23.0,11.108372222222222,0.9,19.3,23.4,10.876755555555555,2.2,20.1,22.9,11.04836388888889,0.0,19.8,23.5,11.83231111111111,0.0,21.6,22.4,10.284366666666667,5.0,21.5,0,47,11,67.09803921568627,1.137375548655757,13.73755486557569,1610.3529411764705
2025-08-27,82.3486448,4.0,3.0,26.1,23.6,0.9,16.9,11.883302777777777,2025,8,27,35,2,Wednesday,0,3,2025-08-01,2712988.0,19.330991172,39.530657232,45.54593334,42.31942661314285,49.05378193371428,22.769991756,-3.444950411999997,69.209422,93.1703161,46.556533,93.2380835,72.98157257142857,68.84641069285713,66.70402861666666,93.2380835,46.062371,8.8,0.6,0.0,0.0,1.342857142857143,0.6714285714285715,0.3966666666666669,0.4133333333333335,11.5384,11.750472222222221,12.056825,11.765264682539682,11.616296230158728,11.804993796296294,11.99461425925926,23.4,23.9,23.4,23.5,25.6,23.757142857142856,24.307142857142857,24.89,25.006666666666664,28.5,20.0,20.042857142857144,19.585714285714285,23.5,11.692527777777777,0.0,19.6,22.9,9.992022222222221,4.5,22.4,23.1,12.0,0.0,18.4,23.2,12.0,0.0,16.9,22.3,10.056419444444444,2.6,19.9,0,46,12,67.09803921568627,1.137375548655757,13.73755486557569,1610.3529411764705
2025-08-28,69.503775,3.0,3.0,25.0,23.0,1.8,15.2,11.748919444444445,2025,8,28,35,3,Thursday,0,3,2025-08-01,2712988.0,42.100982928,19.330991172,42.36277536,41.827290839999996,48.08693488371428,-2.772619847999998,-3.034412279999998,82.3486448,69.209422,93.1703161,69.559547,71.42593847142857,69.75086417857143,66.00187915333332,93.1703161,46.062371,0.9,8.8,0.0,0.0,1.4714285714285715,0.7357142857142858,0.4266666666666669,0.4133333333333335,11.883302777777777,12.0,12.0,11.784240476190476,11.603901785714287,11.786884166666669,11.976274907407408,23.6,23.4,23.6,23.7,23.8,23.771428571428572,24.164285714285715,24.830000000000002,25.006666666666668,16.9,18.2,19.599999999999998,19.5,23.4,10.876755555555555,2.2,20.1,22.9,11.04836388888889,0.0,19.8,23.5,12.0,0.0,19.4,24.0,12.0,0.0,16.2,22.8,11.608341666666666,2.3,20.0,0,45,13,67.09803921568627,1.137375548655757,13.73755486557569,1610.3529411764705
2025-08-29,69.423948,3.0,3.0,25.4,23.0,0.9,19.3,11.108372222222222,2025,8,29,35,4,Friday,0,3,2025-08-01,2712988.0,39.32836308,42.100982928,29.24340462,41.393803371428575,47.182136039999996,-6.3246671640000045,3.7602912959999983,69.503775,82.3486448,69.209422,93.07473540000001,71.41797104285713,71.40149639285714,65.19677648666666,93.1703161,46.062371,1.8,0.9,0.0,0.0,1.7285714285714289,0.8642857142857144,0.48666666666666697,0.4133333333333335,11.748919444444445,11.805238888888889,12.0,11.748371825396825,11.58596746031746,11.769279907407407,11.95789064814815,23.0,23.6,23.0,24.3,23.7,23.67142857142857,24.107142857142858,24.77,24.87333333333333,15.2,18.9,19.17142857142857,19.2,22.9,9.992022222222221,4.5,22.4,23.1,12.0,0.0,18.4,23.5,11.83231111111111,0.0,21.6,24.2,12.0,0.0,14.1,23.1,10.944938888888888,1.6,18.5,0,44,14,67.09803921568627,1.137375548655757,13.73755486557569,1610.3529411764705
2025-08-30,46.458433,2.0,2.0,25.9,23.5,0.0,19.6,11.692527777777777,2025,8,30,35,5,Saturday,1,3,2025-08-01,2712988.0,33.003695916,39.32836308,50.48429058,41.93098784228572,44.89442717399999,14.791272408000005,-2.689322255999997,69.423948,69.503775,82.3486448,46.062371,68.03928712857142,73.04413846428572,65.17847311999999,93.1703161,46.062371,0.9,1.8,0.0,0.0,1.8571428571428572,0.9285714285714286,0.5166666666666669,0.4133333333333335,11.108372222222222,11.637169444444444,8.25018611111111,11.648819444444444,11.52227976190476,11.727634722222223,11.81186101851852,23.0,23.0,23.0,24.2,24.2,23.485714285714284,24.057142857142857,24.736666666666668,24.666666666666668,19.3,13.2,19.228571428571428,19.37142857142857,22.9,11.04836388888889,0.0,19.8,23.5,12.0,0.0,19.4,23.2,12.0,0.0,16.9,22.4,10.284366666666667,5.0,21.5,23.6,12.0,0.0,18.2,0,43,15,67.09803921568627,1.137375548655757,13.73755486557569,1610.3529411764705
2025-08-31,46.297285,2.0,2.0,25.2,23.4,2.2,20.1,10.876755555555555,2025,8,31,35,6,Sunday,1,3,2025-08-01,2712988.0,47.794968324,33.003695916,69.737933988,41.54679894857143,43.87573162285714,16.855862723999998,-5.087102939999994,46.458433,69.423948,69.503775,46.556533,68.0958674142857,71.41338232142857,64.77632606333333,93.1703161,46.458433,0.0,0.9,0.0,0.0,1.8571428571428572,0.9285714285714286,0.5166666666666669,0.4133333333333335,11.692527777777777,12.0,12.010480555555556,11.656727777777778,11.768161309523808,11.705318611111112,11.791123333333333,23.5,23.0,23.5,23.3,26.0,23.385714285714283,24.00714285714286,24.733333333333334,24.610000000000003,19.6,17.7,20.142857142857142,19.321428571428573,23.1,12.0,0.0,18.4,23.5,11.83231111111111,0.0,21.6,24.0,12.0,0.0,16.2,22.3,10.056419444444444,2.6,19.9,23.7,11.659827777777776,0.0,21.8,0,42,16,67.09803921568627,1.137375548655757,13.73755486557569,1610.3529411764705
2025-09-01,69.423281,3.0,2.0,24.2,22.9,4.5,22.4,9.992022222222221,2025,9,1,36,0,Monday,0,3,2025-09-01,2204341.0,64.650831048,47.794968324,39.530657232,40.820069957142856,42.694690764857135,-26.101895436,-0.9817216200000018,46.297285,46.458433,69.423948,93.1703161,68.05883198571428,71.41308825,64.76782059666667,93.1703161,46.297285,2.2,0.0,0.6,0.0,2.1714285714285717,1.0857142857142859,0.5633333333333336,0.4133333333333335,10.876755555555555,11.625572222222221,12.0,11.496264285714286,11.687180952380952,11.660748425925926,11.819512407407409,23.4,23.5,23.4,23.9,26.2,23.4,23.821428571428573,24.72666666666667,24.716666666666665,20.1,23.8,20.485714285714288,19.192857142857143,23.5,12.0,0.0,19.4,23.2,12.0,0.0,16.9,24.2,12.0,0.0,14.1,22.8,11.608341666666666,2.3,20.0,23.9,11.969194444444444,0.0,15.4,0,41,17,55.41666666666667,1.312660001503759,31.26600015037595,1330.0
2025-09-02,93.1620309,5.0,4.0,25.1,22.9,0.0,19.8,11.04836388888889,2025,9,2,36,1,Tuesday,0,3,2025-09-01,2204341.0,38.548935612,64.650831048,19.330991172,40.67982401142857,42.74143941342857,-16.427475108,2.7904693320000007,69.423281,46.297285,46.458433,69.209422,64.6663984,67.18039577142856,65.53936976333333,82.3486448,46.297285,4.5,2.2,8.8,0.0,2.7285714285714286,1.4071428571428573,0.656666666666667,0.40333333333333354,9.992022222222221,11.5384,11.953802777777778,11.2629,11.543753968253968,11.614188055555557,11.824677685185184,22.9,23.4,22.9,23.4,24.5,23.25714285714286,23.585714285714285,24.703333333333333,24.776666666666664,22.4,28.5,20.285714285714285,19.342857142857145,23.5,11.83231111111111,0.0,21.6,24.0,12.0,0.0,16.2,22.4,10.284366666666667,5.0,21.5,23.1,10.944938888888888,1.6,18.5,26.0,12.0,0.0,10.6,0,40,18,55.41666666666667,1.312660001503759,31.26600015037595,1330.0
2025-09-03,46.245945000000006,2.0,2.0,25.2,23.1,0.0,18.4,12.0,2025,9,3,36,2,Wednesday,0,3,2025-09-01,2204341.0,22.121460504,38.548935612,42.100982928,41.078462487428574,41.69894455028571,18.408767832,-1.5707545920000001,93.1620309,69.423281,46.297285,82.3486448,68.08819967142857,70.53488612142857,67.08558165999999,93.1620309,46.297285,0.0,4.5,0.9,0.0,1.4714285714285715,1.4071428571428573,0.656666666666667,0.39666666666666683,11.04836388888889,11.883302777777777,11.750472222222221,11.192894841269842,11.47907976190476,11.60497185185185,11.825590833333335,22.9,22.9,22.9,23.6,23.5,23.185714285714287,23.47142857142857,24.696666666666665,24.793333333333333,19.8,16.9,19.04285714285714,19.542857142857144,23.2,12.0,0.0,16.9,24.2,12.0,0.0,14.1,22.3,10.056419444444444,2.6,19.9,23.6,12.0,0.0,18.2,28.5,12.0,0.0,20.7,0,39,19,55.41666666666667,1.312660001503759,31.26600015037595,1330.0
2025-09-04,69.412265,3.0,3.0,25.8,23.5,0.0,19.4,12.0,2025,9,4,36,3,Thursday,0,3,2025-09-01,2204341.0,40.530228336,22.121460504,39.32836308,40.85406897428572,41.340679907142864,-5.789182644,-4.587317388000002,46.245945000000006,93.1620309,69.423281,69.503775,62.930671128571426,67.1783048,65.09593318333333,93.1620309,46.245945000000006,0.0,0.0,1.8,0.0,1.342857142857143,1.4071428571428573,0.656666666666667,0.39666666666666683,12.0,11.748919444444445,12.0,11.209565873015874,11.496903174603174,11.604342407407406,11.896707962962962,23.1,22.9,23.1,23.0,23.7,23.114285714285717,23.442857142857143,24.7,24.836666666666666,18.4,15.2,19.25714285714286,19.428571428571427,24.0,12.0,0.0,16.2,22.4,10.284366666666667,5.0,21.5,22.8,11.608341666666666,2.3,20.0,23.7,11.659827777777776,0.0,21.8,30.0,11.958330555555555,0.0,8.1,0,38,20,55.41666666666667,1.312660001503759,31.26600015037595,1330.0
2025-09-05,69.50359399999999,3.0,3.0,26.1,23.5,0.0,21.6,11.83231111111111,2025,9,5,36,4,Friday,0,3,2025-09-01,2204341.0,34.741045692,40.530228336,33.003695916,40.19873791885714,40.796270645142855,-3.623445252,-1.8860954759999977,69.412265,46.245945000000006,93.1620309,69.423948,62.91759827142857,67.16778465714286,65.08846835,93.1620309,46.245945000000006,0.0,0.0,0.9,0.0,1.0857142857142859,1.4071428571428573,0.656666666666667,0.27000000000000024,12.0,11.108372222222222,11.805238888888889,11.245434523809523,11.496903174603174,11.599064814814815,11.885594166666667,23.5,23.1,23.5,23.0,24.3,23.185714285714287,23.428571428571427,24.703333333333333,24.876666666666665,19.4,19.3,19.857142857142858,19.514285714285712,24.2,12.0,0.0,14.1,22.3,10.056419444444444,2.6,19.9,23.1,10.944938888888888,1.6,18.5,23.9,11.969194444444444,0.0,15.4,29.7,11.96366388888889,0.2,24.3,0,37,21,55.41666666666667,1.312660001503759,31.26600015037595,1330.0
2025-09-06,46.481234,2.0,2.0,25.5,23.2,0.0,16.9,12.0,2025,9,6,36,5,Saturday,1,3,2025-09-01,2204341.0,31.11760044,34.741045692,47.794968324,39.929295708,40.930141775142864,18.254072304,1.5767044199999987,69.50359399999999,69.412265,46.245945000000006,46.458433,62.92897627142856,65.4841317,64.64773135666667,93.1620309,46.245945000000006,0.0,0.0,0.0,0.0,0.9571428571428572,1.4071428571428573,0.656666666666667,0.08333333333333356,11.83231111111111,11.692527777777777,11.637169444444444,11.348854365079363,11.498836904761905,11.590533981481482,11.877404444444444,23.5,23.5,23.5,23.5,24.2,23.25714285714286,23.37142857142857,24.67,24.926666666666666,21.6,19.6,20.185714285714287,19.707142857142856,22.4,10.284366666666667,5.0,21.5,22.8,11.608341666666666,2.3,20.0,23.6,12.0,0.0,18.2,26.0,12.0,0.0,10.6,30.0,11.611594444444444,0.0,23.9,0,36,22,55.41666666666667,1.312660001503759,31.26600015037595,1330.0
2025-09-07,23.27191,1.0,1.0,26.7,24.0,0.0,16.2,12.0,2025,9,7,36,6,Sunday,1,3,2025-09-01,2204341.0,49.371672744,31.11760044,64.650831048,40.15453919657143,40.85066907257143,16.314428376000002,1.035270072000003,46.481234,69.50359399999999,69.412265,46.297285,62.93223355714285,65.5140504857143,63.87850422333334,93.1620309,46.245945000000006,0.0,0.0,2.2,0.0,0.9571428571428572,1.4071428571428573,0.656666666666667,0.08333333333333356,12.0,10.876755555555555,12.0,11.392778968253968,11.524753373015873,11.58488101851852,11.860952962962964,23.2,23.5,23.2,23.4,23.3,23.214285714285715,23.300000000000004,24.583333333333332,24.933333333333334,16.9,20.1,19.8,19.97142857142857,22.3,10.056419444444444,2.6,19.9,23.1,10.944938888888888,1.6,18.5,23.7,11.659827777777776,0.0,21.8,28.5,12.0,0.0,20.7,26.5,11.924447222222224,0.0,23.1,0,35,23,55.41666666666667,1.312660001503759,31.26600015037595,1330.0
2025-09-08,93.0988813,5.0,4.0,26.4,24.2,0.0,14.1,12.0,2025,9,8,37,0,Monday,0,3,2025-09-01,2204341.0,65.68610112,49.371672744,38.548935612,40.302434921142854,40.561252439142855,6.312767507999993,33.449933015999996,23.27191,46.481234,69.50359399999999,69.423281,59.64289427142857,63.850863128571426,63.11862962333333,93.1620309,23.27191,0.0,0.0,4.5,0.6,0.6428571428571429,1.4071428571428573,0.656666666666667,0.10333333333333357,12.0,9.992022222222221,11.625572222222221,11.553242460317461,11.524753373015873,11.640991388888889,11.831917500000001,24.0,23.2,24.0,22.9,23.9,23.3,23.35,24.533333333333335,24.933333333333334,16.2,22.4,19.24285714285714,19.864285714285717,22.8,11.608341666666666,2.3,20.0,23.6,12.0,0.0,18.2,23.9,11.969194444444444,0.0,15.4,30.0,11.958330555555555,0.0,8.1,22.9,11.229463888888889,1.5,17.8,0,34,24,55.41666666666667,1.312660001503759,31.26600015037595,1330.0
2025-09-09,92.910826,4.0,4.0,23.5,22.4,5.0,21.5,10.284366666666667,2025,9,9,37,1,Tuesday,0,3,2025-09-01,2204341.0,71.998868628,65.68610112,22.121460504,45.080996780571425,42.880410396,-28.005840395999996,21.871567728,93.0988813,23.27191,46.481234,93.1620309,63.02512288571428,63.845760642857144,64.67025413333334,93.1620309,23.27191,0.0,0.0,0.0,8.8,0.0,1.3642857142857143,0.656666666666667,0.3966666666666669,12.0,11.04836388888889,11.5384,11.840096428571428,11.551498214285715,11.634945185185186,11.804993796296294,24.2,24.0,24.2,22.9,23.4,23.485714285714284,23.37142857142857,24.403333333333332,24.89,14.1,19.8,18.057142857142857,19.171428571428574,23.1,10.944938888888888,1.6,18.5,23.7,11.659827777777776,0.0,21.8,26.0,12.0,0.0,10.6,29.7,11.96366388888889,0.2,24.3,22.4,11.572155555555556,0.8,19.9,0,33,25,55.41666666666667,1.312660001503759,31.26600015037595,1330.0
2025-09-10,69.9854585,4.0,3.0,24.1,22.3,2.6,19.9,10.056419444444444,2025,9,10,37,2,Wednesday,0,3,2025-09-01,2204341.0,43.993028232,71.998868628,40.530228336,48.205506456,44.64198447171429,2.742870707999998,6.205670603999998,92.910826,93.0988813,23.27191,46.245945000000006,62.98923647142856,65.53871807142858,66.2234939,93.0988813,23.27191,5.0,0.0,0.0,0.9,0.7142857142857143,1.092857142857143,0.8233333333333337,0.4266666666666669,10.284366666666667,12.0,11.883302777777777,11.730953968253967,11.461924404761906,11.571508333333332,11.786884166666669,22.4,24.2,22.4,23.1,23.6,23.414285714285715,23.3,24.126666666666665,24.830000000000002,21.5,18.4,18.3,18.671428571428574,23.6,12.0,0.0,18.2,23.9,11.969194444444444,0.0,15.4,28.5,12.0,0.0,20.7,30.0,11.611594444444444,0.0,23.9,22.1,11.509366666666667,0.9,19.4,0,32,26,55.41666666666667,1.312660001503759,31.26600015037595,1330.0
2025-09-11,52.814783000000006,3.0,2.0,24.9,22.8,2.3,20.0,11.608341666666666,2025,9,11,37,3,Thursday,0,3,2025-09-01,2204341.0,46.73589894,43.993028232,34.741045692,49.092030828,44.97304990114286,-16.427475108,-4.432621860000001,69.9854585,92.910826,93.0988813,69.412265,66.38059554285714,64.65563333571428,66.58498244,93.0988813,23.27191,2.6,5.0,0.0,1.8,1.0857142857142856,1.2142857142857142,0.9100000000000003,0.48666666666666697,10.056419444444444,12.0,11.748919444444445,11.453299603174601,11.331432738095236,11.506722314814814,11.769279907407407,22.3,22.4,22.3,23.5,23.0,23.3,23.207142857142856,23.883333333333333,24.77,19.9,19.4,18.514285714285712,18.885714285714283,23.7,11.659827777777776,0.0,21.8,26.0,12.0,0.0,10.6,30.0,11.958330555555555,0.0,8.1,26.5,11.924447222222224,0.0,23.1,22.3,11.664250000000001,0.4,15.7,0,31,27,55.41666666666667,1.312660001503759,31.26600015037595,1330.0
2025-09-12,50.963601,4.0,3.0,25.1,23.1,1.6,18.5,10.944938888888888,2025,9,12,37,4,Friday,0,3,2025-09-01,2204341.0,30.308423832,46.73589894,31.11760044,48.45879913371429,44.328768526285714,11.965104108000002,11.1559275,52.814783000000006,69.9854585,92.910826,69.50359399999999,64.00952668571428,63.463562478571426,66.80640147333334,93.0988813,23.27191,2.3,2.6,0.0,0.9,1.4142857142857144,1.25,0.9866666666666669,0.5166666666666669,11.608341666666666,11.83231111111111,11.108372222222222,11.397348412698415,11.321391468253967,11.491995,11.727634722222223,22.8,22.3,22.8,23.5,23.0,23.199999999999996,23.192857142857143,23.720000000000002,24.736666666666668,20.0,21.6,18.599999999999998,19.228571428571428,23.9,11.969194444444444,0.0,15.4,28.5,12.0,0.0,20.7,29.7,11.96366388888889,0.2,24.3,22.9,11.229463888888889,1.5,17.8,22.1,11.746758333333334,0.0,18.2,0,30,28,55.41666666666667,1.312660001503759,31.26600015037595,1330.0
2025-09-13,46.26769,2.0,2.0,26.3,23.6,0.0,18.2,12.0,2025,9,13,37,5,Saturday,1,3,2025-09-01,2204341.0,42.27352794,30.308423832,49.371672744,50.05250306228571,44.99089938514286,-2.6298239760000044,-9.727968780000005,50.963601,52.814783000000006,69.9854585,46.481234,61.360956257142846,62.14496626428571,66.18231164,93.0988813,23.27191,1.6,2.3,0.0,0.0,1.6428571428571428,1.3000000000000003,1.0400000000000003,0.5166666666666669,10.944938888888888,12.0,11.692527777777777,11.270580952380953,11.309717658730156,11.45493212962963,11.705318611111112,23.1,22.8,23.1,23.2,23.5,23.142857142857142,23.199999999999996,23.636666666666667,24.733333333333334,18.5,16.9,18.157142857142855,19.17142857142857,26.0,12.0,0.0,10.6,30.0,11.958330555555555,0.0,8.1,30.0,11.611594444444444,0.0,23.9,22.4,11.572155555555556,0.8,19.9,22.5,11.808755555555555,0.0,17.1,0,29,29,55.41666666666667,1.312660001503759,31.26600015037595,1330.0
2025-09-14,46.277269,2.0,2.0,26.2,23.7,0.0,21.8,11.659827777777776,2025,9,14,37,6,Sunday,1,3,2025-09-01,2204341.0,39.643703964,42.27352794,65.68610112,48.662793236571424,44.408666216571426,-4.831260336,-30.873657492000007,46.26769,50.963601,52.814783000000006,23.27191,61.330449971428564,62.131341764285715,66.17807050666667,93.0988813,23.27191,0.0,1.6,0.0,2.2,1.6428571428571428,1.3000000000000003,1.0400000000000003,0.5633333333333336,12.0,12.0,10.876755555555555,11.270580952380953,11.331679960317459,11.45493212962963,11.660748425925926,23.6,23.1,23.6,24.0,23.4,23.2,23.207142857142856,23.63,24.72666666666667,18.2,16.2,18.342857142857145,19.071428571428573,28.5,12.0,0.0,20.7,29.7,11.96366388888889,0.2,24.3,26.5,11.924447222222224,0.0,23.1,22.1,11.509366666666667,0.9,19.4,22.9,10.089008333333334,6.2,20.2,0,28,30,55.41666666666667,1.312660001503759,31.26600015037595,1330.0
2025-09-15,11.2267596,1.0,1.0,26.4,23.9,0.0,15.4,11.969194444444444,2025,9,15,38,0,Monday,0,3,2025-09-01,2204341.0,34.812443628,39.643703964,71.998868628,44.25227073771429,42.27735282942857,28.94591322,-8.240511779999999,46.277269,46.26769,50.963601,93.0988813,64.61692982857143,62.129912049999994,66.17308084,93.0988813,46.26769,0.0,0.0,0.0,4.5,1.6428571428571428,1.1428571428571428,1.0400000000000003,0.656666666666667,11.659827777777776,12.0,9.992022222222221,11.221984920634922,11.38761369047619,11.443593055555557,11.614188055555557,23.7,23.6,23.7,24.2,22.9,23.157142857142855,23.228571428571428,23.63,24.703333333333333,21.8,14.1,19.142857142857142,19.192857142857143,30.0,11.958330555555555,0.0,8.1,30.0,11.611594444444444,0.0,23.9,22.9,11.229463888888889,1.5,17.8,22.3,11.664250000000001,0.4,15.7,21.8,11.02898888888889,3.8,21.2,0,27,31,55.41666666666667,1.312660001503759,31.26600015037595,1330.0
2025-09-16,82.119387,4.0,4.0,29.2,26.0,0.0,10.6,12.0,2025,9,16,38,1,Tuesday,0,3,2025-09-01,2204341.0,63.758356848,34.812443628,43.993028232,43.07505476914286,44.078025774857146,-40.333884012,-20.568555396,11.2267596,46.277269,46.26769,92.910826,52.92091244285713,57.97301766428571,64.23767219333334,92.910826,11.2267596,0.0,0.0,5.0,0.0,1.6428571428571428,0.8214285714285714,1.0400000000000003,0.656666666666667,11.969194444444444,10.284366666666667,11.04836388888889,11.217584126984125,11.528840277777777,11.567559999999999,11.60497185185185,23.9,23.7,23.9,22.4,22.9,23.11428571428571,23.300000000000004,23.62,24.696666666666665,15.4,21.5,19.32857142857143,18.692857142857143,29.7,11.96366388888889,0.2,24.3,26.5,11.924447222222224,0.0,23.1,22.4,11.572155555555556,0.8,19.9,22.1,11.746758333333334,0.0,18.2,22.2,11.351494444444445,0.7,17.4,0,26,32,55.41666666666667,1.312660001503759,31.26600015037595,1330.0
2025-09-17,70.0363318,4.0,3.0,32.8,28.5,0.0,20.7,12.0,2025,9,17,38,2,Wednesday,0,3,2025-09-01,2204341.0,23.424472836,63.758356848,46.73589894,40.136689712571425,44.17109808428571,14.475931524000003,-8.835494579999995,82.119387,11.2267596,46.277269,69.9854585,51.379278299999996,57.18425738571428,65.43160502666666,82.119387,11.2267596,0.0,0.0,2.6,0.0,0.9285714285714286,0.8214285714285714,1.0400000000000003,0.656666666666667,12.0,10.056419444444444,12.0,11.462674603174603,11.596814285714286,11.567210648148148,11.604342407407406,26.0,23.9,26.0,22.3,23.1,23.62857142857143,23.521428571428572,23.62,24.7,10.6,19.9,17.771428571428572,18.035714285714285,30.0,11.611594444444444,0.0,23.9,22.9,11.229463888888889,1.5,17.8,22.1,11.509366666666667,0.9,19.4,22.5,11.808755555555555,0.0,17.1,21.7,6.328830555555556,1.4,13.0,0,25,33,55.41666666666667,1.312660001503759,31.26600015037595,1330.0
2025-09-18,46.161203,2.0,2.0,33.8,30.0,0.0,8.1,11.958330555555555,2025,9,18,38,3,Thursday,0,3,2025-09-01,2204341.0,37.90040436,23.424472836,30.308423832,38.874476201142855,43.98325351457142,18.432567143999997,26.024547672,70.0363318,82.119387,11.2267596,52.814783000000006,51.38654591428571,58.883570728571435,63.476783563333335,82.119387,11.2267596,0.0,0.0,2.3,0.0,0.5571428571428572,0.8214285714285714,1.0400000000000003,0.656666666666667,12.0,11.608341666666666,12.0,11.740328968253968,11.596814285714286,11.567210648148148,11.599064814814815,28.5,26.0,28.5,22.8,23.5,24.514285714285712,23.907142857142862,23.69666666666667,24.703333333333333,20.7,20.0,17.885714285714283,18.2,26.5,11.924447222222224,0.0,23.1,22.4,11.572155555555556,0.8,19.9,22.3,11.664250000000001,0.4,15.7,22.9,10.089008333333334,6.2,20.2,22.5,9.613427777777776,0.7,12.2,0,24,34,55.41666666666667,1.312660001503759,31.26600015037595,1330.0
2025-09-19,82.1385977,4.0,3.0,33.9,29.7,0.2,24.3,11.96366388888889,2025,9,19,38,4,Friday,0,3,2025-09-01,2204341.0,56.332971504,37.90040436,42.27352794,42.592268725714284,45.525533929714285,-1.4160590640000024,12.643384499999996,46.161203,70.0363318,82.119387,50.963601,50.43603448571428,57.22278058571429,63.47551813,82.119387,11.2267596,0.0,0.0,1.6,0.0,0.2285714285714286,0.8214285714285714,1.0400000000000003,0.656666666666667,11.958330555555555,10.944938888888888,11.83231111111111,11.790327380952379,11.593837896825397,11.567361574074075,11.590533981481482,30.0,28.5,30.0,23.1,23.5,25.542857142857144,24.371428571428574,23.880000000000003,24.67,8.1,18.5,16.185714285714287,17.392857142857142,22.9,11.229463888888889,1.5,17.8,22.1,11.509366666666667,0.9,19.4,22.1,11.746758333333334,0.0,18.2,21.8,11.02898888888889,3.8,21.2,23.1,11.252944444444443,0.0,11.3,0,23,35,55.41666666666667,1.312660001503759,31.26600015037595,1330.0
2025-09-20,46.424110999999996,2.0,2.0,32.9,30.0,0.0,23.9,11.611594444444444,2025,9,20,38,5,Saturday,1,3,2025-09-01,2204341.0,54.91691244,56.332971504,39.643703964,44.39846651142857,47.22548478685714,7.3301880960000005,22.603396572,82.1385977,46.161203,70.0363318,46.26769,54.88960544285714,58.12528085,63.105535270000004,82.1385977,11.2267596,0.2,0.0,0.0,0.0,0.028571428571428574,0.8357142857142856,1.046666666666667,0.656666666666667,11.96366388888889,12.0,12.0,11.935859523809524,11.603220238095236,11.574467962962961,11.58488101851852,29.7,30.0,29.7,23.6,23.2,26.485714285714284,24.814285714285717,24.086666666666666,24.583333333333332,24.3,18.2,17.014285714285716,17.585714285714285,22.4,11.572155555555556,0.8,19.9,22.3,11.664250000000001,0.4,15.7,22.5,11.808755555555555,0.0,17.1,22.2,11.351494444444445,0.7,17.4,23.0,11.171027777777777,0.0,14.3,0,22,36,55.41666666666667,1.312660001503759,31.26600015037595,1330.0
2025-09-21,69.321111,3.0,3.0,29.4,26.5,0.0,23.1,11.924447222222224,2025,9,21,38,6,Sunday,1,3,2025-09-01,2204341.0,62.247100536,54.91691244,34.812443628,47.62752316457143,48.14515820057143,-5.6880355679999965,21.746621340000004,46.424110999999996,82.1385977,46.161203,46.277269,54.91195129999999,58.12120063571428,62.33435407,82.1385977,11.2267596,0.0,0.2,0.0,0.0,0.028571428571428574,0.8357142857142856,1.046666666666667,0.656666666666667,11.611594444444444,11.659827777777776,12.0,11.880373015873015,11.575476984126983,11.56152111111111,11.640991388888889,30.0,29.7,30.0,23.7,24.0,27.400000000000002,25.3,24.296666666666667,24.533333333333335,23.9,21.8,17.82857142857143,18.085714285714285,22.1,11.509366666666667,0.9,19.4,22.1,11.746758333333334,0.0,18.2,22.9,10.089008333333334,6.2,20.2,21.7,6.328830555555556,1.4,13.0,22.5,11.245158333333332,0.0,18.7,0,21,37,55.41666666666667,1.312660001503759,31.26600015037595,1330.0
2025-09-22,93.36064429999999,5.0,4.0,25.1,22.9,1.5,17.8,11.229463888888889,2025,9,22,39,0,Monday,0,3,2025-09-01,2204341.0,56.559064968,62.247100536,63.758356848,50.734183356,47.49322704685714,-15.231559680000004,-22.43085156,69.321111,46.424110999999996,82.1385977,11.2267596,58.20392872857143,61.41042927857143,61.54256659,82.1385977,11.2267596,0.0,0.0,0.0,0.0,0.028571428571428574,0.8357142857142856,1.046666666666667,0.656666666666667,11.924447222222224,11.969194444444444,12.0,11.918175793650793,11.570080357142857,11.56549472222222,11.634945185185186,26.5,30.0,26.5,23.9,24.2,27.800000000000004,25.478571428571428,24.37,24.403333333333332,23.1,15.4,18.014285714285712,18.57857142857143,22.3,11.664250000000001,0.4,15.7,22.5,11.808755555555555,0.0,17.1,21.8,11.02898888888889,3.8,21.2,22.5,9.613427777777776,0.7,12.2,22.7,11.027452777777778,0.0,15.7,0,20,38,55.41666666666667,1.312660001503759,31.26600015037595,1330.0
2025-09-23,46.1165,2.0,2.0,24.6,22.4,0.8,19.9,11.572155555555556,2025,9,23,39,1,Tuesday,0,3,2025-09-01,2204341.0,41.327505288,56.559064968,23.424472836,47.529775990285714,45.30241537971428,18.176724540000002,36.079756992,93.36064429999999,69.321111,46.424110999999996,82.119387,69.93734082857142,61.42912663571429,63.11917570000001,93.36064429999999,46.161203,1.5,0.0,0.0,5.0,0.24285714285714285,0.9428571428571428,1.096666666666667,0.8233333333333337,11.229463888888889,12.0,10.284366666666667,11.8125,11.515042063492062,11.551904537037037,11.571508333333332,22.9,26.5,22.9,26.0,22.4,27.657142857142855,25.385714285714283,24.326666666666664,24.126666666666665,17.8,10.6,18.357142857142858,18.842857142857145,22.1,11.746758333333334,0.0,18.2,22.9,10.089008333333334,6.2,20.2,22.2,11.351494444444445,0.7,17.4,23.1,11.252944444444443,0.0,11.3,22.4,10.964294444444445,0.3,16.1,0,19,39,55.41666666666667,1.312660001503759,31.26600015037595,1330.0
2025-09-24,93.25842850000001,5.0,4.0,24.4,22.1,0.9,19.4,11.509366666666667,2025,9,24,39,2,Wednesday,0,3,2025-09-01,2204341.0,59.504229828,41.327505288,37.90040436,52.68402698914286,46.410358350857145,-14.422383072000002,7.181442395999994,46.1165,93.36064429999999,69.321111,70.0363318,64.79407125714285,58.08667477857143,63.10450793333334,93.36064429999999,46.1165,0.8,1.5,0.0,2.6,0.35714285714285715,0.6428571428571429,1.1233333333333337,0.9100000000000003,11.572155555555556,12.0,10.056419444444444,11.751379365079364,11.607026984126984,11.537643055555554,11.506722314814814,22.4,22.9,22.4,28.5,22.3,27.142857142857142,25.385714285714283,24.29666666666667,23.883333333333333,19.9,20.7,19.685714285714287,18.728571428571428,22.5,11.808755555555555,0.0,17.1,21.8,11.02898888888889,3.8,21.2,21.7,6.328830555555556,1.4,13.0,23.0,11.171027777777777,0.0,14.3,22.9,11.101972222222221,0.0,14.3,0,18,40,55.41666666666667,1.312660001503759,31.26600015037595,1330.0
2025-09-25,23.161984,1.0,1.0,24.3,22.3,0.4,15.7,11.664250000000001,2025,9,25,39,3,Thursday,0,3,2025-09-01,2204341.0,45.081846756,59.504229828,56.332971504,53.70994733142857,46.29221176628572,6.735205296000004,-4.515919451999999,93.25842850000001,46.1165,93.36064429999999,46.161203,68.11151364285715,59.749029778571426,63.10744501333333,93.36064429999999,46.1165,0.9,0.8,0.0,2.3,0.4857142857142857,0.5214285714285715,1.1333333333333335,0.9866666666666669,11.509366666666667,11.958330555555555,11.608341666666666,11.681288888888888,11.710808928571428,11.533769537037037,11.491995,22.1,22.4,22.1,30.0,22.8,26.228571428571428,25.37142857142857,24.236666666666665,23.720000000000002,19.4,8.1,19.5,18.692857142857143,22.9,10.089008333333334,6.2,20.2,22.2,11.351494444444445,0.7,17.4,22.5,9.613427777777776,0.7,12.2,22.5,11.245158333333332,0.0,18.7,22.5,10.956166666666666,0.0,14.7,0,17,41,55.41666666666667,1.312660001503759,31.26600015037595,1330.0
2025-09-26,46.39377,2.0,2.0,24.6,22.1,0.0,18.2,11.746758333333334,2025,9,26,39,4,Friday,0,3,2025-09-01,2204341.0,51.817052052,45.081846756,54.91691244,53.064815981142864,47.828542353428574,21.675223404,18.575363016000004,23.161984,93.25842850000001,46.1165,82.1385977,64.82591092857142,57.63097270714286,61.57253041333333,93.36064429999999,23.161984,0.4,0.9,0.2,1.6,0.5428571428571428,0.3857142857142857,0.8533333333333336,1.0400000000000003,11.664250000000001,11.96366388888889,10.944938888888888,11.63927738095238,11.714802380952381,11.537964537037038,11.45493212962963,22.3,22.1,22.3,29.7,23.1,25.12857142857143,25.335714285714285,24.2,23.636666666666667,15.7,24.3,20.58571428571429,18.385714285714283,21.8,11.02898888888889,3.8,21.2,21.7,6.328830555555556,1.4,13.0,23.1,11.252944444444443,0.0,11.3,22.7,11.027452777777778,0.0,15.7,21.8,10.419055555555556,0.0,19.3,0,16,42,55.41666666666667,1.312660001503759,31.26600015037595,1330.0
2025-09-27,46.161861,2.0,2.0,25.0,22.5,0.0,17.1,11.808755555555555,2025,9,27,39,5,Saturday,1,3,2025-09-01,2204341.0,73.492275456,51.817052052,62.247100536,55.718439269142856,50.058452890285714,-0.208243980000006,11.036930939999998,46.39377,23.161984,93.25842850000001,46.424110999999996,59.719506971428565,57.30455620714286,60.37403458666667,93.36064429999999,23.161984,0.0,0.4,0.0,0.0,0.5142857142857142,0.2714285714285714,0.8233333333333336,1.0400000000000003,11.746758333333334,11.611594444444444,12.0,11.608290873015873,11.772075198412699,11.533413055555554,11.45493212962963,22.1,22.3,22.1,30.0,23.6,24.04285714285714,25.264285714285716,24.15,23.63,18.2,23.9,19.714285714285715,18.364285714285717,22.2,11.351494444444445,0.7,17.4,22.5,9.613427777777776,0.7,12.2,23.0,11.171027777777777,0.0,14.3,22.4,10.964294444444445,0.3,16.1,22.1,10.424891666666667,0.1,17.6,0,15,43,55.41666666666667,1.312660001503759,31.26600015037595,1330.0
2025-09-28,46.152623,2.0,2.0,25.9,22.9,6.2,20.2,10.089008333333334,2025,9,28,39,6,Sunday,1,3,2025-09-01,2204341.0,73.284031476,73.492275456,56.559064968,57.29514368914285,52.461333426857145,-1.5350556239999946,15.189910884,46.161861,46.39377,23.161984,69.321111,59.68204268571428,57.296996992857146,59.59597078666666,93.36064429999999,23.161984,0.0,0.0,0.0,0.0,0.5142857142857142,0.2714285714285714,0.7633333333333335,1.0400000000000003,11.808755555555555,11.924447222222224,11.659827777777776,11.636456746031746,11.758414880952383,11.535407592592593,11.443593055555557,22.5,22.1,22.5,26.5,23.7,22.97142857142857,25.185714285714287,24.133333333333333,23.63,17.1,23.1,18.74285714285714,18.285714285714285,21.7,6.328830555555556,1.4,13.0,23.1,11.252944444444443,0.0,11.3,22.5,11.245158333333332,0.0,18.7,22.9,11.101972222222221,0.0,14.3,22.1,10.452669444444444,1.3,18.5,0,14,44,55.41666666666667,1.312660001503759,31.26600015037595,1330.0
2025-09-29,70.240905,4.0,3.0,23.8,21.8,3.8,21.2,11.02898888888889,2025,9,29,40,0,Monday,0,3,2025-09-01,2204341.0,71.748975852,73.284031476,41.327505288,59.46513095828571,55.099657157142865,-12.655284156,17.766186408000003,46.152623,46.161861,46.39377,93.36064429999999,56.37225868571427,57.28809370714286,58.820259953333334,93.36064429999999,23.161984,6.2,0.0,1.5,0.0,1.4000000000000001,0.7142857142857143,0.9400000000000003,1.0400000000000003,10.089008333333334,11.229463888888889,11.969194444444444,11.37425119047619,11.646213492063492,11.501428796296295,11.567559999999999,22.9,22.5,22.9,22.9,23.9,22.45714285714286,25.12857142857143,24.13,23.62,20.2,17.8,18.32857142857143,18.17142857142857,22.5,9.613427777777776,0.7,12.2,23.0,11.171027777777777,0.0,14.3,22.7,11.027452777777778,0.0,15.7,22.5,10.956166666666666,0.0,14.7,22.1,10.83665,0.0,12.7,0,13,45,55.41666666666667,1.312660001503759,31.26600015037595,1330.0
2025-09-30,46.321153,2.0,2.0,24.5,22.2,0.7,17.4,11.351494444444445,2025,9,30,40,1,Tuesday,0,3,2025-09-01,2204341.0,59.093691696,71.748975852,59.504229828,62.003157588,54.766466789142854,-0.38673881999999793,-0.7972769519999972,70.240905,46.152623,46.161861,46.1165,53.06943878571428,61.50338980714286,59.61300902000001,93.25842850000001,23.161984,3.8,6.2,0.8,0.0,1.7285714285714284,0.9857142857142858,1.0666666666666669,1.0400000000000003,11.02898888888889,11.572155555555556,12.0,11.345611904761906,11.579055952380953,11.479310833333333,11.567210648148148,21.8,22.9,21.8,22.4,26.0,22.300000000000004,24.978571428571428,24.07333333333333,23.62,21.2,19.9,18.814285714285713,18.585714285714285,23.1,11.252944444444443,0.0,11.3,22.5,11.245158333333332,0.0,18.7,22.4,10.964294444444445,0.3,16.1,21.8,10.419055555555556,0.0,19.3,22.0,10.906158333333332,0.0,11.6,0,12,46,55.41666666666667,1.312660001503759,31.26600015037595,1330.0
2025-10-01,93.3348125,5.0,4.0,23.2,21.7,1.4,13.0,6.328830555555556,2025,10,1,40,2,Wednesday,0,4,2025-10-01,2443853.0,58.706952876,59.093691696,45.081846756,61.88926088057143,57.28664393485714,-35.823914388000006,-22.198808267999997,46.321153,70.240905,46.152623,93.25842850000001,53.09867492857142,58.94637309285714,59.613804619999996,93.25842850000001,23.161984,0.7,3.8,0.9,0.0,1.7142857142857142,1.0357142857142858,1.0166666666666668,1.0400000000000003,11.351494444444445,11.509366666666667,12.0,11.31408888888889,11.532734126984128,11.495135462962963,11.567210648148148,22.2,21.8,22.2,22.1,28.5,22.271428571428572,24.707142857142856,24.033333333333335,23.69666666666667,17.4,19.4,18.457142857142856,19.071428571428573,23.0,11.171027777777777,0.0,14.3,22.7,11.027452777777778,0.0,15.7,22.9,11.101972222222221,0.0,14.3,22.1,10.424891666666667,0.1,17.6,21.6,9.63071388888889,0.4,13.5,0,11,47,50.57114537444934,1.530552166610408,-0.5305521666104078,1213.707488986784
2025-10-02,23.075473,1.0,1.0,24.6,22.5,0.7,12.2,9.613427777777776,2025,10,2,40,3,Thursday,0,4,2025-10-01,2443853.0,22.883038488,58.706952876,51.817052052,58.71800255657143,56.21397494399999,21.205186991999998,-7.728826572000003,93.3348125,46.321153,70.240905,23.161984,53.109586928571424,60.61055028571428,60.410855670000004,93.3348125,23.161984,1.4,0.7,0.4,0.0,1.7857142857142858,1.1357142857142857,0.9133333333333337,1.0400000000000003,6.328830555555556,11.664250000000001,11.958330555555555,10.574012301587302,11.127650595238096,11.373029074074074,11.567361574074075,21.7,22.2,21.7,22.3,30.0,22.214285714285715,24.221428571428568,23.993333333333332,23.880000000000003,13.0,15.7,17.54285714285714,18.521428571428572,22.5,11.245158333333332,0.0,18.7,22.4,10.964294444444445,0.3,16.1,22.5,10.956166666666666,0.0,14.7,22.1,10.452669444444444,1.3,18.5,22.7,7.974569444444445,0.0,9.4,0,10,48,50.57114537444934,1.530552166610408,-0.5305521666104078,1213.707488986784
2025-10-03,46.562888,2.0,2.0,26.2,23.1,0.0,11.3,11.252944444444443,2025,10,3,40,4,Friday,0,4,2025-10-01,2443853.0,44.08822548,22.883038488,73.492275456,57.61388447485714,55.339350228,-1.3030123320000015,-30.707062308000005,23.075473,93.3348125,46.321153,46.39377,53.097228214285714,58.96156957142857,58.074637073333335,93.3348125,23.075473,0.7,1.4,0.0,0.2,1.8285714285714287,1.1857142857142857,0.9366666666666669,1.046666666666667,9.613427777777776,11.746758333333334,11.96366388888889,10.281037698412698,10.96015753968254,11.32519787037037,11.574467962962961,22.5,21.7,22.5,22.1,29.7,22.24285714285714,23.685714285714283,23.98,24.086666666666666,12.2,18.2,17.04285714285714,18.814285714285713,22.7,11.027452777777778,0.0,15.7,22.9,11.101972222222221,0.0,14.3,21.8,10.419055555555556,0.0,19.3,22.1,10.83665,0.0,12.7,23.4,9.87636388888889,0.0,8.5,0,9,49,50.57114537444934,1.530552166610408,-0.5305521666104078,1213.707488986784
2025-10-04,46.155107,2.0,2.0,25.8,23.0,0.0,14.3,11.171027777777777,2025,10,4,40,5,Saturday,1,4,2025-10-01,2443853.0,42.785213148,44.08822548,73.284031476,53.227161288,54.47280027857143,-0.7556281560000002,-31.254446484,46.562888,23.075473,93.3348125,46.161861,53.12138792857142,56.42044745,58.085201839999996,93.3348125,23.075473,0.0,0.7,0.0,0.0,1.8285714285714287,1.1714285714285713,0.936666666666667,1.046666666666667,11.252944444444443,11.808755555555555,11.611594444444444,10.210492857142857,10.909391865079366,11.300296018518518,11.56152111111111,23.1,22.5,23.1,22.5,30.0,22.385714285714283,23.214285714285715,23.98,24.296666666666667,11.3,17.1,16.057142857142857,17.885714285714286,22.4,10.964294444444445,0.3,16.1,22.5,10.956166666666666,0.0,14.7,22.1,10.424891666666667,0.1,17.6,22.0,10.906158333333332,0.0,11.6,23.7,7.494330555555556,0.7,10.9,0,8,50,50.57114537444934,1.530552166610408,-0.5305521666104078,1213.707488986784
2025-10-05,46.24114,2.0,2.0,24.8,22.5,0.0,18.7,11.245158333333332,2025,10,5,40,6,Sunday,1,4,2025-10-01,2443853.0,42.029584992,42.785213148,71.748975852,48.762240361714284,53.02869202542856,-0.7020797039999991,-30.421470564000003,46.155107,46.562888,23.075473,46.152623,53.12042307142856,56.40123287857143,57.30996324,93.3348125,23.075473,0.0,0.0,6.2,0.0,1.8285714285714287,1.1714285714285713,0.936666666666667,1.046666666666667,11.171027777777777,10.089008333333334,11.924447222222224,10.11938888888889,10.877922817460318,11.272663611111112,11.56549472222222,23.0,23.1,23.0,22.9,26.5,22.457142857142856,22.714285714285715,23.96333333333333,24.37,14.3,20.2,15.657142857142857,17.2,22.9,11.101972222222221,0.0,14.3,21.8,10.419055555555556,0.0,19.3,22.1,10.452669444444444,1.3,18.5,21.6,9.63071388888889,0.4,13.5,23.0,10.316716666666666,0.5,14.7,0,7,51,50.57114537444934,1.530552166610408,-0.5305521666104078,1213.707488986784
2025-10-06,46.6880413,3.0,2.0,25.2,22.7,0.0,15.7,11.027452777777778,2025,10,6,41,0,Monday,0,4,2025-10-01,2443853.0,41.327505288,42.029584992,59.093691696,44.416315995428576,51.940723476857144,-12.363742583999997,-30.129928992,46.24114,46.155107,46.562888,70.240905,53.133068357142854,54.75266352142857,56.53454810666667,93.3348125,23.075473,0.0,0.0,3.8,1.5,0.9428571428571428,1.1714285714285713,0.936666666666667,1.096666666666667,11.245158333333332,11.02898888888889,11.229463888888889,10.284553174603174,10.829402182539683,11.25309185185185,11.551904537037037,22.5,23.0,22.5,21.8,22.9,22.400000000000002,22.428571428571427,23.93,24.326666666666664,18.7,21.2,15.442857142857141,16.885714285714286,22.5,10.956166666666666,0.0,14.7,22.1,10.424891666666667,0.1,17.6,22.1,10.83665,0.0,12.7,22.7,7.974569444444445,0.0,9.4,23.0,9.087227777777779,1.6,16.1,0,6,52,50.57114537444934,1.530552166610408,-0.5305521666104078,1213.707488986784
2025-10-07,91.9563964,5.0,4.0,24.6,22.4,0.3,16.1,10.964294444444445,2025,10,7,41,1,Tuesday,0,4,2025-10-01,2443853.0,28.963762704,41.327505288,58.706952876,40.11204042514286,51.05759900657143,5.104952424,-24.638237748,46.6880413,46.24114,46.155107,46.321153,49.76837354285714,51.418906164285715,56.54144168333333,93.3348125,23.075473,0.0,0.0,0.7,0.8,0.39999999999999997,1.0642857142857143,0.936666666666667,1.1233333333333337,11.027452777777778,11.351494444444445,11.572155555555556,10.28433373015873,10.814972817460317,11.220673611111112,11.537643055555554,22.7,22.5,22.7,22.2,22.4,22.52857142857143,22.414285714285715,23.913333333333334,24.29666666666667,15.7,17.4,14.657142857142857,16.735714285714284,21.8,10.419055555555556,0.0,19.3,22.1,10.452669444444444,1.3,18.5,22.0,10.906158333333332,0.0,11.6,23.4,9.87636388888889,0.0,8.5,22.7,10.478919444444445,1.1,10.7,0,5,53,50.57114537444934,1.530552166610408,-0.5305521666104078,1213.707488986784
2025-10-08,46.245597000000004,2.0,2.0,25.5,22.9,0.0,14.3,11.101972222222221,2025,10,8,41,2,Wednesday,0,4,2025-10-01,2443853.0,34.068715128,28.963762704,22.883038488,36.59229217542857,49.240776528000005,-7.038646524000001,4.147030116,91.9563964,46.6880413,46.24114,93.3348125,56.28769402857142,54.69318447857143,58.83092456333334,93.3348125,23.075473,0.3,0.0,1.4,0.9,0.3428571428571428,1.0285714285714287,0.946666666666667,1.1333333333333335,10.964294444444445,6.328830555555556,11.509366666666667,10.229019444444445,10.771554166666666,11.186150092592591,11.533769537037037,22.4,22.7,22.4,21.7,22.1,22.557142857142857,22.41428571428571,23.86,24.236666666666665,16.1,13.0,14.471428571428573,16.464285714285715,22.1,10.424891666666667,0.1,17.6,22.1,10.83665,0.0,12.7,21.6,9.63071388888889,0.4,13.5,23.7,7.494330555555556,0.7,10.9,22.8,10.710166666666666,0.5,10.9,0,4,54,50.57114537444934,1.530552166610408,-0.5305521666104078,1213.707488986784
2025-10-09,35.539215999999996,2.0,2.0,24.7,22.5,0.0,14.7,10.956166666666666,2025,10,9,41,3,Thursday,0,4,2025-10-01,2443853.0,27.030068604,34.068715128,44.08822548,37.184725049142855,47.951363802857145,28.97566236,11.917505484000003,46.245597000000004,91.9563964,46.6880413,23.075473,49.56066324285714,51.33512508571429,57.26914842,91.9563964,23.075473,0.0,0.3,0.7,0.4,0.14285714285714285,0.9642857142857143,0.9466666666666669,0.8533333333333336,11.101972222222221,9.613427777777776,11.664250000000001,10.910896825396824,10.742454563492064,11.156215833333333,11.537964537037038,22.9,22.4,22.9,22.5,22.3,22.728571428571428,22.47142857142857,23.816666666666666,24.2,14.3,12.2,14.657142857142858,16.1,22.1,10.452669444444444,1.3,18.5,22.0,10.906158333333332,0.0,11.6,22.7,7.974569444444445,0.0,9.4,23.0,10.316716666666666,0.5,14.7,23.0,10.267705555555555,0.6,20.9,0,3,55,50.57114537444934,1.530552166610408,-0.5305521666104078,1213.707488986784
2025-10-10,59.3979418,3.0,2.0,24.1,21.8,0.0,19.3,10.419055555555556,2025,10,10,41,4,Friday,0,4,2025-10-01,2443853.0,56.005730964,27.030068604,42.785213148,38.887225832571424,48.25055515371429,2.594125007999999,15.814642824000003,35.539215999999996,46.245597000000004,91.9563964,46.562888,51.34119795714285,52.21921308571429,55.356761420000005,91.9563964,35.539215999999996,0.0,0.0,0.0,0.0,0.04285714285714286,0.9357142857142857,0.7800000000000001,0.8233333333333336,10.956166666666666,11.252944444444443,11.746758333333334,11.102716666666666,10.691877182539683,11.178609166666666,11.533413055555554,22.5,22.9,22.5,23.1,22.1,22.728571428571428,22.485714285714288,23.82,24.15,14.7,11.3,15.014285714285714,16.02857142857143,22.1,10.83665,0.0,12.7,21.6,9.63071388888889,0.4,13.5,23.4,9.87636388888889,0.0,8.5,23.0,9.087227777777779,1.6,16.1,23.0,10.349341666666666,0.7,15.3,0,2,56,50.57114537444934,1.530552166610408,-0.5305521666104078,1213.707488986784
2025-10-11,69.685245,3.0,2.0,24.2,22.1,0.1,17.6,10.424891666666667,2025,10,11,41,5,Saturday,1,4,2025-10-01,2443853.0,58.599855972,56.005730964,42.029584992,41.14646052171429,47.18681090485715,18.135075744000005,34.70534672400001,59.3979418,35.539215999999996,46.245597000000004,46.155107,53.17477707142856,53.1480825,55.00384419666667,91.9563964,35.539215999999996,0.0,0.0,0.0,0.0,0.04285714285714286,0.9357142857142857,0.6933333333333336,0.7633333333333335,10.419055555555556,11.171027777777777,11.808755555555555,10.983589682539682,10.59704126984127,11.190697037037038,11.535407592592593,21.8,22.5,21.8,23.0,22.5,22.542857142857144,22.464285714285715,23.80333333333333,24.133333333333333,19.3,14.3,16.15714285714286,16.107142857142858,22.0,10.906158333333332,0.0,11.6,22.7,7.974569444444445,0.0,9.4,23.7,7.494330555555556,0.7,10.9,22.7,10.478919444444445,1.1,10.7,22.8,10.79188888888889,0.0,10.4,0,1,57,50.57114537444934,1.530552166610408,-0.5305521666104078,1213.707488986784
2025-10-12,69.807578,3.0,3.0,24.2,22.1,1.3,18.5,10.452669444444444,2025,10,12,41,6,Sunday,1,4,2025-10-01,2443853.0,76.734931716,58.599855972,41.327505288,46.10436719657143,47.43330377914286,-3.599645940000002,31.807780488000006,69.685245,59.3979418,35.539215999999996,46.24114,56.53622535714285,54.828324214285715,55.56619293000001,91.9563964,35.539215999999996,0.1,0.0,0.0,6.2,0.05714285714285715,0.9428571428571428,0.6200000000000002,0.9400000000000003,10.424891666666667,11.245158333333332,10.089008333333334,10.876998809523808,10.498193849206348,11.151248703703706,11.501428796296295,22.1,21.8,22.1,22.5,22.9,22.414285714285715,22.435714285714283,23.779999999999998,24.13,17.6,18.7,16.62857142857143,16.142857142857142,21.6,9.63071388888889,0.4,13.5,23.4,9.87636388888889,0.0,8.5,23.0,10.316716666666666,0.5,14.7,22.8,10.710166666666666,0.5,10.9,23.5,10.780830555555555,0.0,15.2,1,0,0,50.57114537444934,1.530552166610408,-0.5305521666104078,1213.707488986784
2025-10-13,46.184561,2.0,2.0,24.7,22.1,0.0,12.7,10.83665,2025,10,13,42,0,Monday,0,4,2025-10-01,2443853.0,73.135285776,76.734931716,28.963762704,50.648335837714285,47.53232591657142,18.902603556000003,63.074126628,69.807578,69.685245,59.3979418,46.6880413,59.90285935714285,56.51796385714285,56.19432549666667,91.9563964,35.539215999999996,1.3,0.1,0.0,3.8,0.24285714285714288,0.5928571428571427,0.6100000000000002,1.0666666666666669,10.452669444444444,11.027452777777778,11.02898888888889,10.763786111111113,10.524169642857144,11.134839722222223,11.479310833333333,22.1,22.1,22.1,22.7,21.8,22.357142857142858,22.37857142857143,23.746666666666666,24.07333333333333,18.5,15.7,16.6,16.02142857142857,22.7,7.974569444444445,0.0,9.4,23.7,7.494330555555556,0.7,10.9,23.0,9.087227777777779,1.6,16.1,23.0,10.267705555555555,0.6,20.9,23.8,9.113794444444446,0.0,11.5,0,19,1,50.57114537444934,1.530552166610408,-0.5305521666104078,1213.707488986784
2025-10-14,92.3234754,5.0,4.0,24.8,22.0,0.0,11.6,10.906158333333332,2025,10,14,42,1,Tuesday,0,4,2025-10-01,2443853.0,92.037889332,73.135285776,34.068715128,59.658925356000005,49.88548289057143,-13.80955078800001,44.159623415999995,46.184561,69.807578,69.685245,91.9563964,59.83093359999999,54.79965357142857,56.19155453,91.9563964,35.539215999999996,0.0,1.3,0.3,0.7,0.24285714285714285,0.32142857142857145,0.6100000000000001,1.0166666666666668,10.83665,10.964294444444445,11.351494444444445,10.73652857142857,10.51043115079365,11.09606138888889,11.495135462962963,22.1,22.1,22.1,22.4,22.2,22.271428571428572,22.4,23.696666666666665,24.033333333333335,12.7,16.1,16.17142857142857,15.414285714285715,23.4,9.87636388888889,0.0,8.5,23.0,10.316716666666666,0.5,14.7,22.7,10.478919444444445,1.1,10.7,23.0,10.349341666666666,0.7,15.3,23.0,9.988491666666667,0.0,11.3,0,18,2,50.57114537444934,1.530552166610408,-0.5305521666104078,1213.707488986784
2025-10-15,69.322686,3.0,3.0,24.2,21.6,0.4,13.5,9.63071388888889,2025,10,15,42,2,Wednesday,0,4,2025-10-01,2443853.0,78.228338544,92.037889332,27.030068604,65.96744298685715,51.27986758114286,-2.772619847999991,48.425650092000005,92.3234754,46.184561,69.807578,46.245597000000004,59.88337345714285,58.085533742857145,57.72642807666667,92.3234754,35.539215999999996,0.0,0.0,0.0,1.4,0.19999999999999998,0.2714285714285714,0.6100000000000001,0.9133333333333337,10.906158333333332,11.101972222222221,6.328830555555556,10.728223412698412,10.478621428571428,11.070939074074072,11.373029074074074,22.0,22.1,22.0,22.9,21.7,22.214285714285715,22.385714285714283,23.64,23.993333333333332,11.6,14.3,15.528571428571427,15.0,23.7,7.494330555555556,0.7,10.9,23.0,9.087227777777779,1.6,16.1,22.8,10.710166666666666,0.5,10.9,22.8,10.79188888888889,0.0,10.4,22.9,9.059791666666667,0.0,17.9,0,17,3,50.57114537444934,1.530552166610408,-0.5305521666104078,1213.707488986784
2025-10-16,105.516164,5.0,4.0,25.9,22.7,0.0,9.4,7.974569444444445,2025,10,16,42,3,Thursday,0,4,2025-10-01,2443853.0,75.455718696,78.228338544,56.005730964,72.88539300000001,55.03505902457143,-21.419380800000006,-1.9693930680000022,69.322686,92.3234754,46.184561,35.539215999999996,63.18010045714285,56.37038185,59.66295895666667,92.3234754,35.539215999999996,0.4,0.0,0.0,0.7,0.2571428571428571,0.2,0.6233333333333335,0.9366666666666669,9.63071388888889,10.956166666666666,9.613427777777776,10.518043650793652,10.714470238095236,10.992989722222223,11.32519787037037,21.6,22.0,21.6,22.5,22.5,22.028571428571432,22.37857142857143,23.563333333333333,23.98,13.5,14.7,15.414285714285713,15.035714285714286,23.0,10.316716666666666,0.5,14.7,22.7,10.478919444444445,1.1,10.7,23.0,10.267705555555555,0.6,20.9,23.5,10.780830555555555,0.0,15.2,22.3,10.542786111111111,0.0,15.6,0,16,4,50.57114537444934,1.530552166610408,-0.5305521666104078,1213.707488986784
2025-10-17,46.457719,2.0,2.0,26.2,23.4,0.0,8.5,9.87636388888889,2025,10,17,42,4,Friday,0,4,2025-10-01,2443853.0,54.036337896,75.455718696,58.599855972,72.60405113314286,55.745638482857146,11.637863568000007,7.074345492000006,105.516164,69.322686,92.3234754,59.3979418,73.17680731428571,62.25900263571429,60.442851523333324,105.516164,46.184561,0.0,0.4,0.0,0.0,0.2571428571428571,0.15,0.6233333333333336,0.936666666666667,7.974569444444445,10.419055555555556,11.252944444444443,10.09210119047619,10.59740892857143,10.858808703703705,11.300296018518518,22.7,21.6,22.7,21.8,23.1,22.057142857142857,22.392857142857142,23.45333333333333,23.98,9.4,19.3,14.657142857142857,14.835714285714287,23.0,9.087227777777779,1.6,16.1,22.8,10.710166666666666,0.5,10.9,23.0,10.349341666666666,0.7,15.3,23.8,9.113794444444446,0.0,11.5,21.8,9.653772222222223,1.3,13.2,0,15,5,50.57114537444934,1.530552166610408,-0.5305521666104078,1213.707488986784
2025-10-18,46.350623999999996,2.0,2.0,26.0,23.7,0.7,10.9,7.494330555555556,2025,10,18,42,5,Saturday,1,4,2025-10-01,2443853.0,65.674201464,54.036337896,76.734931716,73.61467191771429,57.38056621971429,4.099431491999994,-6.961298760000005,46.457719,105.516164,69.322686,69.685245,71.32820405714286,62.25149056428571,59.656897763333326,105.516164,46.184561,0.0,0.0,0.1,0.0,0.2571428571428571,0.15,0.6233333333333336,0.936666666666667,9.87636388888889,10.424891666666667,11.171027777777777,10.01457380952381,10.499081746031747,10.788020833333333,11.272663611111112,23.4,22.7,23.4,22.1,23.0,22.285714285714285,22.414285714285715,23.283333333333335,23.96333333333333,8.5,17.6,13.114285714285714,14.635714285714286,22.7,10.478919444444445,1.1,10.7,23.0,10.267705555555555,0.6,20.9,22.8,10.79188888888889,0.0,10.4,23.0,9.988491666666667,0.0,11.3,22.2,10.712322222222223,0.0,17.9,0,14,6,50.57114537444934,1.530552166610408,-0.5305521666104078,1213.707488986784
2025-10-19,46.491181999999995,2.0,2.0,25.5,23.0,0.5,14.7,10.316716666666666,2025,10,19,42,6,Sunday,1,4,2025-10-01,2443853.0,69.773632956,65.674201464,73.135285776,72.62020066628573,59.36228393142858,10.049259492000004,6.687606672000001,46.350623999999996,46.457719,105.516164,69.807578,67.99468677142856,62.265456064285715,59.66321179666667,105.516164,46.184561,0.7,0.0,1.3,0.0,0.34285714285714286,0.19999999999999998,0.646666666666667,0.936666666666667,7.494330555555556,10.452669444444444,11.245158333333332,9.595922222222223,10.236460515873016,10.639220833333333,11.25309185185185,23.7,23.4,23.7,22.1,22.5,22.514285714285716,22.464285714285715,23.07333333333333,23.93,10.9,18.5,12.157142857142858,14.392857142857144,22.8,10.710166666666666,0.5,10.9,23.0,10.349341666666666,0.7,15.3,23.5,10.780830555555555,0.0,15.2,22.9,9.059791666666667,0.0,17.9,24.8,10.700566666666667,0.0,18.0,0,13,7,50.57114537444934,1.530552166610408,-0.5305521666104078,1213.707488986784
2025-10-20,69.581391,3.0,3.0,25.3,23.0,1.6,16.1,9.087227777777779,2025,10,20,43,0,Monday,0,4,2025-10-01,2443853.0,79.822892448,69.773632956,92.037889332,73.57557304800001,62.11195444285715,-11.48316804000001,-23.69816492400001,46.491181999999995,46.350623999999996,46.457719,46.184561,64.66377305714285,62.28331620714285,58.47496460666667,105.516164,46.184561,0.5,0.7,0.0,0.0,0.2285714285714286,0.2357142857142857,0.6566666666666668,0.936666666666667,10.316716666666666,10.83665,11.027452777777778,9.576500396825397,10.170143253968252,10.584322592592594,11.220673611111112,23.0,23.7,23.0,22.1,22.7,22.642857142857142,22.5,22.85,23.913333333333334,14.7,12.7,11.614285714285714,14.107142857142858,23.0,10.267705555555555,0.6,20.9,22.8,10.79188888888889,0.0,10.4,23.8,9.113794444444446,0.0,11.5,22.3,10.542786111111111,0.0,15.6,25.2,9.966750000000001,0.0,11.7,0,12,8,50.57114537444934,1.530552166610408,-0.5305521666104078,1213.707488986784
2025-10-21,68.971924,3.0,3.0,25.2,22.7,1.1,10.7,10.478919444444445,2025,10,21,43,1,Tuesday,0,4,2025-10-01,2443853.0,68.339724408,79.822892448,78.228338544,70.190120916,64.92452313599999,-6.092623871999997,-15.981238007999998,69.581391,46.491181999999995,46.350623999999996,92.3234754,68.00617734285713,63.918555471428576,59.24687394,105.516164,46.350623999999996,1.6,0.5,0.0,0.3,0.4571428571428572,0.35000000000000003,0.7100000000000002,0.946666666666667,9.087227777777779,10.906158333333332,10.964294444444445,9.326582936507936,10.031555753968254,10.500177037037039,11.186150092592591,23.0,23.0,23.0,22.0,22.4,22.77142857142857,22.521428571428572,22.616666666666667,23.86,16.1,11.6,12.1,14.135714285714286,23.0,10.349341666666666,0.7,15.3,23.5,10.780830555555555,0.0,15.2,23.0,9.988491666666667,0.0,11.3,21.8,9.653772222222223,1.3,13.2,27.2,10.676705555555555,0.0,15.0,0,11,9,50.57114537444934,1.530552166610408,-0.5305521666104078,1213.707488986784
2025-10-22,69.316169,3.0,3.0,25.2,22.8,0.5,10.9,10.710166666666666,2025,10,22,43,2,Wednesday,0,4,2025-10-01,2443853.0,62.247100536,68.339724408,75.455718696,67.90708691485715,66.93726495085714,-3.2902548839999994,-16.498873044000007,68.971924,69.581391,46.491181999999995,69.322686,64.67024142857142,62.27680744285714,59.235234373333334,105.516164,46.350623999999996,1.1,1.6,0.4,0.0,0.6142857142857144,0.40714285714285714,0.7466666666666668,0.9466666666666669,10.478919444444445,9.63071388888889,11.101972222222221,9.26554880952381,9.996886111111111,10.451992777777779,11.156215833333333,22.7,23.0,22.7,21.6,22.9,22.87142857142857,22.542857142857144,22.490000000000002,23.816666666666666,10.7,13.5,11.971428571428573,13.750000000000002,22.8,10.79188888888889,0.0,10.4,23.8,9.113794444444446,0.0,11.5,22.9,9.059791666666667,0.0,17.9,22.2,10.712322222222223,0.0,17.9,23.8,10.588391666666666,0.0,16.3,0,10,10,50.57114537444934,1.530552166610408,-0.5305521666104078,1213.707488986784
2025-10-23,69.998839,4.0,3.0,25.4,23.0,0.6,20.9,10.267705555555555,2025,10,23,43,3,Thursday,0,4,2025-10-01,2443853.0,58.956845652,62.247100536,54.036337896,65.55010505142857,69.21774902571428,6.967248588000004,11.887756344000003,69.316169,68.971924,69.581391,105.516164,64.66931042857142,63.924705442857146,58.433751863333335,105.516164,46.350623999999996,0.5,1.1,0.0,0.0,0.6285714285714287,0.4428571428571429,0.7133333333333335,0.7800000000000001,10.710166666666666,7.974569444444445,10.956166666666666,9.419756349206349,9.9689,10.43468287037037,11.178609166666666,22.8,22.7,22.8,22.7,22.5,23.042857142857144,22.535714285714285,22.486666666666668,23.82,10.9,9.4,11.6,13.507142857142856,23.5,10.780830555555555,0.0,15.2,23.0,9.988491666666667,0.0,11.3,22.3,10.542786111111111,0.0,15.6,24.8,10.700566666666667,0.0,18.0,21.8,8.943944444444444,6.0,17.0,0,9,11,50.57114537444934,1.530552166610408,-0.5305521666104078,1213.707488986784
2025-10-24,46.323606999999996,2.0,2.0,25.5,23.0,0.7,15.3,10.349341666666666,2025,10,24,43,4,Friday,0,4,2025-10-01,2443853.0,65.92409424,58.956845652,65.674201464,67.24835595771428,69.92620354542858,9.323380475999997,9.573273251999993,69.998839,69.316169,68.971924,46.457719,59.59540685714285,66.38610708571429,59.22982983,69.998839,46.350623999999996,0.6,0.5,0.0,0.0,0.7142857142857143,0.4857142857142857,0.706666666666667,0.6933333333333336,10.267705555555555,9.87636388888889,10.419055555555556,9.747347222222222,9.919724206349205,10.391201203703703,11.190697037037038,23.0,22.8,23.0,23.4,21.8,23.08571428571429,22.571428571428573,22.506666666666668,23.80333333333333,20.9,8.5,13.242857142857144,13.95,23.8,9.113794444444446,0.0,11.5,22.9,9.059791666666667,0.0,17.9,21.8,9.653772222222223,1.3,13.2,25.2,9.966750000000001,0.0,11.7,21.6,9.66528888888889,1.2,18.4,0,8,12,50.57114537444934,1.530552166610408,-0.5305521666104078,1213.707488986784
2025-10-25,46.373672,2.0,2.0,25.5,22.8,0.0,10.4,10.79188888888889,2025,10,25,43,5,Saturday,1,4,2025-10-01,2443853.0,75.247474716,65.92409424,69.773632956,68.61596642228571,71.11531916999999,-1.695700979999998,3.778140780000001,46.323606999999996,69.998839,69.316169,46.350623999999996,59.576247999999985,65.45222602857143,57.66533578,69.998839,46.323606999999996,0.7,0.6,0.7,0.1,0.8142857142857143,0.5357142857142857,0.7000000000000003,0.6200000000000002,10.349341666666666,7.494330555555556,10.424891666666667,9.814915476190476,9.914744642857142,10.352533703703704,11.151248703703706,23.0,23.0,23.0,23.7,22.1,23.02857142857143,22.657142857142862,22.53666666666667,23.779999999999998,15.3,10.9,14.214285714285714,13.664285714285715,23.0,9.988491666666667,0.0,11.3,22.3,10.542786111111111,0.0,15.6,22.2,10.712322222222223,0.0,17.9,27.2,10.676705555555555,0.0,15.0,22.1,8.61963888888889,0.3,19.7,0,7,13,50.57114537444934,1.530552166610408,-0.5305521666104078,1213.707488986784
2025-10-26,46.25244,2.0,2.0,26.5,23.5,0.0,15.2,10.780830555555555,2025,10,26,43,6,Sunday,1,4,2025-10-01,2443853.0,73.551773736,75.247474716,79.822892448,69.15570081942857,70.88795074285714,2.4870281040000037,-3.7840906079999996,46.373672,46.323606999999996,69.998839,46.491181999999995,59.57954057142856,63.78711367142857,58.43905871333333,69.998839,46.323606999999996,0.0,0.7,0.5,1.3,0.7142857142857143,0.5285714285714286,0.686666666666667,0.6100000000000002,10.79188888888889,10.316716666666666,10.452669444444444,10.28599523809524,9.940958730158728,10.323455,11.134839722222223,22.8,23.0,22.8,23.0,22.1,22.900000000000002,22.70714285714286,22.553333333333335,23.746666666666666,10.4,14.7,14.142857142857142,13.150000000000002,22.9,9.059791666666667,0.0,17.9,21.8,9.653772222222223,1.3,13.2,24.8,10.700566666666667,0.0,18.0,23.8,10.588391666666666,0.0,16.3,21.3,10.156647222222222,5.9,20.7,0,6,14,50.57114537444934,1.530552166610408,-0.5305521666104078,1213.707488986784
2025-10-27,46.447297000000006,2.0,2.0,26.7,23.8,0.0,11.5,9.113794444444446,2025,10,27,44,0,Monday,0,4,2025-10-01,2443853.0,76.03880184,73.551773736,68.339724408,68.61511644685713,71.09534474742857,8.436856104,16.13593353600001,46.25244,46.373672,46.323606999999996,69.581391,59.545434571428565,62.10460381428572,58.43434771333333,69.998839,46.25244,0.0,0.0,1.6,0.0,0.6428571428571429,0.43571428571428567,0.686666666666667,0.6100000000000001,10.780830555555555,9.087227777777779,10.83665,10.352297222222223,9.96439880952381,10.291257407407407,11.09606138888889,23.5,22.8,23.5,23.0,22.1,22.97142857142857,22.807142857142857,22.6,23.696666666666665,15.2,16.1,14.214285714285717,12.914285714285715,22.3,10.542786111111111,0.0,15.6,22.2,10.712322222222223,0.0,17.9,25.2,9.966750000000001,0.0,11.7,21.8,8.943944444444444,6.0,17.0,20.9,9.639125,0.6,16.3,0,5,15,50.57114537444934,1.530552166610408,-0.5305521666104078,1213.707488986784
2025-10-28,68.684058,3.0,3.0,25.0,23.0,0.0,11.3,9.988491666666667,2025,10,28,44,1,Tuesday,0,4,2025-10-01,2443853.0,84.475657944,76.03880184,62.247100536,70.92024980914286,70.55518536257144,-2.7250212240000025,19.503536184000005,46.447297000000006,46.25244,46.373672,68.971924,56.240564,62.123370671428574,58.44386224666667,69.998839,46.25244,0.0,0.0,1.1,0.0,0.41428571428571426,0.43571428571428567,0.686666666666667,0.6100000000000001,9.113794444444446,10.478919444444445,10.906158333333332,10.35609246031746,9.8413376984127,10.201425370370371,11.070939074074072,23.8,23.5,23.8,22.7,22.0,23.08571428571429,22.928571428571427,22.64333333333333,23.64,11.5,10.7,13.557142857142859,12.828571428571427,21.8,9.653772222222223,1.3,13.2,24.8,10.700566666666667,0.0,18.0,27.2,10.676705555555555,0.0,15.0,21.6,9.66528888888889,1.2,18.4,20.3,10.171294444444445,0.2,13.4,0,4,16,50.57114537444934,1.530552166610408,-0.5305521666104078,1213.707488986784
2025-10-29,46.331244,2.0,2.0,25.9,22.9,0.0,17.9,9.059791666666667,2025,10,29,44,2,Wednesday,0,4,2025-10-01,2443853.0,81.75063672,84.475657944,58.956845652,73.706469264,70.80677808942858,-12.316143960000005,10.477647108,68.684058,46.447297000000006,46.25244,69.316169,56.19944028571428,60.43484085714285,59.19491008,69.998839,46.25244,0.0,0.0,0.5,0.4,0.2571428571428571,0.43571428571428567,0.48000000000000026,0.6233333333333335,9.988491666666667,10.710166666666666,9.63071388888889,10.28603134920635,9.77579007936508,10.198074814814817,10.992989722222223,23.0,23.8,23.0,22.8,21.6,23.12857142857143,23.0,22.646666666666665,23.563333333333333,11.3,10.9,13.642857142857142,12.807142857142859,22.2,10.712322222222223,0.0,17.9,25.2,9.966750000000001,0.0,11.7,23.8,10.588391666666666,0.0,16.3,22.1,8.61963888888889,0.3,19.7,21.2,8.471369444444445,0.0,21.7,0,3,17,50.57114537444934,1.530552166610408,-0.5305521666104078,1213.707488986784
2025-10-30,92.843652,4.0,4.0,24.5,22.3,0.0,15.6,10.542786111111111,2025,10,30,44,3,Thursday,0,4,2025-10-01,2443853.0,69.43449276,81.75063672,65.92409424,75.20327599371429,70.37669052257142,0.04759862400000259,3.557997143999998,46.331244,68.684058,46.447297000000006,69.998839,52.91587957142856,58.792595000000006,58.39792137999999,69.998839,46.25244,0.0,0.0,0.6,0.0,0.1857142857142857,0.40714285714285714,0.3533333333333336,0.6233333333333336,9.059791666666667,10.267705555555555,7.974569444444445,10.050263492063493,9.735009920634921,10.132434907407406,10.858808703703705,22.9,23.0,22.9,23.0,22.7,23.142857142857142,23.092857142857145,22.683333333333334,23.45333333333333,17.9,20.9,14.642857142857142,13.12142857142857,24.8,10.700566666666667,0.0,18.0,27.2,10.676705555555555,0.0,15.0,21.8,8.943944444444444,6.0,17.0,21.3,10.156647222222222,5.9,20.7,22.2,7.0,5.1,22.9,0,2,18,50.57114537444934,1.530552166610408,-0.5305521666104078,1213.707488986784
2025-10-31,59.182486499999996,3.0,2.0,24.8,21.8,1.3,13.2,9.653772222222223,2025,10,31,44,4,Friday,0,4,2025-10-01,2443853.0,69.482091384,69.43449276,75.247474716,75.7115613,71.47995862885715,14.160590639999995,8.395207307999996,92.843652,46.331244,68.684058,46.323606999999996,56.179424285714276,57.88741557142857,59.948671346666664,92.843652,46.25244,0.0,0.0,0.7,0.0,0.09999999999999999,0.40714285714285714,0.33000000000000024,0.6233333333333336,10.542786111111111,10.349341666666666,9.87636388888889,10.089560714285714,9.918453968253967,10.105477962962963,10.788020833333333,22.3,22.9,22.3,23.0,23.4,23.042857142857144,23.064285714285717,22.686666666666667,23.283333333333335,15.6,15.3,13.885714285714286,13.564285714285715,25.2,9.966750000000001,0.0,11.7,23.8,10.588391666666666,0.0,16.3,21.6,9.66528888888889,1.2,18.4,20.9,9.639125,0.6,16.3,20.3,8.470997222222222,0.4,9.4,0,1,19,50.57114537444934,1.530552166610408,-0.5305521666104078,1213.707488986784
2025-11-01,46.088908,2.0,2.0,25.3,22.2,0.0,17.9,10.712322222222223,2025,11,1,44,5,Saturday,1,4,2025-11-01,2360965.0,83.642682024,69.482091384,73.551773736,76.91087662971428,72.763421526,-0.2974913999999984,9.793416887999996,59.182486499999996,92.843652,46.331244,46.373672,58.01640707142856,58.79632753571429,58.810260480000004,92.843652,46.25244,1.3,0.0,0.0,0.7,0.18571428571428572,0.5,0.3266666666666669,0.646666666666667,9.653772222222223,10.79188888888889,7.494330555555556,9.990193650793652,9.902554563492064,10.216309351851853,10.639220833333333,21.8,22.3,21.8,22.8,23.7,22.871428571428574,22.949999999999996,22.69,23.07333333333333,13.2,10.4,13.585714285714287,13.9,27.2,10.676705555555555,0.0,15.0,21.8,8.943944444444444,6.0,17.0,22.1,8.61963888888889,0.3,19.7,20.3,10.171294444444445,0.2,13.4,20.0,10.200922222222221,0.0,9.0,1,0,0,37.3068017366136,1.897102167959547,-0.8971021679595474,895.3632416787264
2025-11-02,47.286874999999995,2.0,2.0,29.5,24.8,0.0,18.0,10.700566666666667,2025,11,2,44,6,Sunday,1,4,2025-11-01,2360965.0,83.345190624,83.642682024,76.03880184,78.30993618514286,73.73281850228571,-0.26774225999999146,7.038646524000001,46.088908,59.182486499999996,92.843652,46.25244,57.97572649999999,58.77763353571429,59.577374979999995,92.843652,46.088908,0.0,1.3,0.0,0.5,0.18571428571428572,0.45000000000000007,0.30333333333333357,0.6566666666666668,10.712322222222223,10.780830555555555,10.316716666666666,9.978826984126984,10.13241111111111,10.252939166666668,10.584322592592594,22.2,21.8,22.2,23.5,23.0,22.785714285714285,22.842857142857145,22.680000000000003,22.85,17.9,15.2,14.657142857142857,14.4,23.8,10.588391666666666,0.0,16.3,21.6,9.66528888888889,1.2,18.4,21.3,10.156647222222222,5.9,20.7,21.2,8.471369444444445,0.0,21.7,21.4,10.208347222222223,3.1,22.0,0,34,1,37.3068017366136,1.897102167959547,-0.8971021679595474,895.3632416787264
2025-11-03,46.276963,2.0,2.0,28.7,25.2,0.0,11.7,9.966750000000001,2025,11,3,45,0,Monday,0,4,2025-11-01,2360965.0,83.077448364,83.345190624,84.475657944,79.31545711714286,73.965286782,-0.6663807360000078,-2.0645903160000074,47.286874999999995,46.088908,59.182486499999996,46.447297000000006,58.123502928571426,58.83446875,59.60150788,92.843652,46.088908,0.0,0.0,0.0,1.6,0.18571428571428572,0.4142857142857143,0.30333333333333357,0.7100000000000002,10.700566666666667,9.113794444444446,9.087227777777779,9.967360714285716,10.15982896825397,10.234526574074074,10.500177037037039,24.8,22.2,24.8,23.8,23.0,22.97142857142857,22.971428571428568,22.736666666666668,22.616666666666667,18.0,11.5,15.057142857142855,14.635714285714286,21.8,8.943944444444444,6.0,17.0,22.1,8.61963888888889,0.3,19.7,20.9,9.639125,0.6,16.3,22.2,7.0,5.1,22.9,20.6,10.0,2.5,18.8,0,33,2,37.3068017366136,1.897102167959547,-0.8971021679595474,895.3632416787264
2025-11-04,40.712446,2.0,2.0,32.2,27.2,0.0,15.0,10.676705555555555,2025,11,4,45,1,Tuesday,0,4,2025-11-01,2360965.0,82.411067628,83.077448364,81.75063672,79.02051564342857,74.97038272628572,-7.520582591999997,-6.860151684000002,46.276963,47.286874999999995,46.088908,68.684058,58.09916949999998,57.16986675,59.60556974666667,92.843652,46.088908,0.0,0.0,0.0,1.1,0.18571428571428572,0.3000000000000001,0.30333333333333357,0.7466666666666668,9.966750000000001,9.988491666666667,10.478919444444445,10.089211507936508,10.222651984126983,10.194383981481481,10.451992777777779,25.2,24.8,25.2,23.0,22.7,23.17142857142857,23.12857142857143,22.810000000000002,22.490000000000002,11.7,11.3,15.085714285714285,14.321428571428571,21.6,9.66528888888889,1.2,18.4,21.3,10.156647222222222,5.9,20.7,20.3,10.171294444444445,0.2,13.4,20.3,8.470997222222222,0.4,9.4,20.0,9.31456388888889,4.1,19.4,0,32,3,37.3068017366136,1.897102167959547,-0.8971021679595474,895.3632416787264
2025-11-05,87.446876,4.0,4.0,26.1,23.8,0.0,16.3,10.588391666666666,2025,11,5,45,2,Wednesday,0,4,2025-11-01,2360965.0,74.890485036,82.411067628,69.43449276,78.04049397428571,75.87348161914285,-16.998658596,-11.542666319999995,40.712446,46.276963,47.286874999999995,46.331244,54.10322492857142,55.15133260714286,59.421279946666665,92.843652,40.712446,0.0,0.0,0.0,0.5,0.18571428571428572,0.22142857142857145,0.30333333333333357,0.7133333333333335,10.676705555555555,9.059791666666667,10.710166666666666,10.187527777777778,10.236779563492064,10.175435555555557,10.43468287037037,27.2,25.2,27.2,22.9,22.8,23.77142857142857,23.45,22.966666666666665,22.486666666666668,15.0,17.9,15.614285714285714,14.628571428571428,22.1,8.61963888888889,0.3,19.7,20.9,9.639125,0.6,16.3,21.2,8.471369444444445,0.0,21.7,20.0,10.200922222222221,0.0,9.0,19.7,10.0,0.7,16.6,0,31,4,37.3068017366136,1.897102167959547,-0.8971021679595474,895.3632416787264
2025-11-06,46.159476,2.0,2.0,23.7,21.8,6.0,17.0,8.943944444444444,2025,11,6,45,3,Thursday,0,4,2025-11-01,2360965.0,57.89182644,74.890485036,69.482091384,76.39154164285715,75.79740881828572,4.724163431999997,-6.866101512,87.446876,40.712446,46.276963,92.843652,59.97688664285714,56.44638310714286,60.77990777,92.843652,40.712446,0.0,0.0,0.0,0.6,0.18571428571428572,0.18571428571428572,0.30333333333333357,0.706666666666667,10.588391666666666,10.542786111111111,10.267705555555555,10.405899206349206,10.22808134920635,10.160800185185186,10.391201203703703,23.8,27.2,23.8,22.3,23.0,23.900000000000002,23.521428571428572,23.003333333333334,22.506666666666668,16.3,15.6,15.385714285714286,15.014285714285716,21.3,10.156647222222222,5.9,20.7,20.3,10.171294444444445,0.2,13.4,22.2,7.0,5.1,22.9,21.4,10.208347222222223,3.1,22.0,19.4,8.121783333333333,0.7,10.9,0,30,5,37.3068017366136,1.897102167959547,-0.8971021679595474,895.3632416787264
2025-11-07,46.301365000000004,2.0,2.0,23.2,21.6,1.2,18.4,9.66528888888889,2025,11,7,45,4,Friday,0,4,2025-11-01,2360965.0,62.615989872,57.89182644,83.642682024,75.41066999828571,75.56111564914285,4.831260336,-16.195431815999996,46.159476,87.446876,40.712446,59.182486499999996,53.30771864285713,54.743571464285715,59.253343756666666,87.446876,40.712446,6.0,0.0,1.3,0.7,1.042857142857143,0.5714285714285714,0.4933333333333335,0.7000000000000003,8.943944444444444,9.653772222222223,10.349341666666666,10.177493253968253,10.133526984126986,10.093455185185185,10.352533703703704,21.8,23.8,21.8,21.8,23.0,23.82857142857143,23.435714285714283,22.983333333333334,22.53666666666667,17.0,13.2,15.585714285714285,14.735714285714286,20.9,9.639125,0.6,16.3,21.2,8.471369444444445,0.0,21.7,20.3,8.470997222222222,0.4,9.4,20.6,10.0,2.5,18.8,19.3,10.0,2.9,15.7,0,29,6,37.3068017366136,1.897102167959547,-0.8971021679595474,895.3632416787264
2025-11-08,46.404069,2.0,2.0,24.4,22.1,0.3,19.7,8.61963888888889,2025,11,8,45,5,Saturday,1,4,2025-11-01,2360965.0,67.447250208,62.615989872,83.345190624,73.09703688171429,75.00395675571428,6.300867851999996,-9.597072564000001,46.301365000000004,46.159476,87.446876,46.088908,51.46755842857142,54.74198274999999,59.255202690000004,87.446876,40.712446,1.2,6.0,0.0,0.0,1.0285714285714287,0.6071428571428571,0.5333333333333335,0.686666666666667,9.66528888888889,10.712322222222223,10.79188888888889,10.179138492063492,10.084666071428572,10.04556574074074,10.323455,21.6,21.8,21.6,22.2,22.8,23.8,23.335714285714285,22.94,22.553333333333335,18.4,17.9,16.328571428571426,14.957142857142856,20.3,10.171294444444445,0.2,13.4,22.2,7.0,5.1,22.9,20.0,10.200922222222221,0.0,9.0,20.0,9.31456388888889,4.1,19.4,19.2,9.685972222222222,12.4,18.1,0,28,7,37.3068017366136,1.897102167959547,-0.8971021679595474,895.3632416787264
2025-11-09,46.265632,2.0,2.0,22.5,21.3,5.9,20.7,10.156647222222222,2025,11,9,45,6,Sunday,1,4,2025-11-01,2360965.0,73.74811806,67.447250208,83.077448364,71.72602651542857,75.01798135028571,4.515919452000006,-4.813410852000004,46.404069,46.301365000000004,46.159476,47.286874999999995,51.51258142857142,54.744153964285715,59.617364456666664,87.446876,40.712446,0.3,1.2,0.0,0.0,1.0714285714285714,0.6285714285714284,0.5433333333333334,0.686666666666667,8.61963888888889,10.700566666666667,10.780830555555555,9.88018373015873,9.929505357142856,9.967681481481483,10.291257407407407,22.1,21.6,22.1,24.8,23.5,23.785714285714285,23.285714285714285,22.92666666666667,22.6,19.7,18.0,16.585714285714285,15.62142857142857,21.2,8.471369444444445,0.0,21.7,20.3,8.470997222222222,0.4,9.4,21.4,10.208347222222223,3.1,22.0,19.7,10.0,0.7,16.6,21.3,10.021561111111112,0.1,11.7,0,27,8,37.3068017366136,1.897102167959547,-0.8971021679595474,895.3632416787264
2025-11-10,93.12567,5.0,4.0,22.5,20.9,0.6,16.3,9.639125,2025,11,10,46,0,Monday,0,4,2025-11-01,2360965.0,78.264037512,73.74811806,82.411067628,71.0383963937143,75.17692675542857,-28.701970272000004,-32.849000388,46.265632,46.404069,46.301365000000004,46.276963,51.36668957142856,54.74509625,59.17962079666667,87.446876,40.712446,5.9,0.3,0.0,0.0,1.9142857142857144,1.05,0.7400000000000002,0.686666666666667,10.156647222222222,9.966750000000001,9.113794444444446,9.802480952380952,9.884920833333334,9.958934537037036,10.201425370370371,21.3,22.1,21.3,25.2,23.8,23.285714285714285,23.128571428571426,22.91,22.64333333333333,20.7,11.7,16.97142857142857,16.014285714285712,22.2,7.0,5.1,22.9,20.0,10.200922222222221,0.0,9.0,20.6,10.0,2.5,18.8,19.4,8.121783333333333,0.7,10.9,23.0,10.0,0.0,11.9,0,26,9,37.3068017366136,1.897102167959547,-0.8971021679595474,895.3632416787264
2025-11-11,45.69358,2.0,2.0,23.1,20.3,0.2,13.4,10.171294444444445,2025,11,11,46,1,Tuesday,0,4,2025-11-01,2360965.0,49.56206724,78.264037512,74.890485036,66.34568205257143,72.683098848,12.905176932000003,-12.423240864,93.12567,46.265632,46.404069,40.712446,58.059362,58.07926575,59.960968296666664,93.12567,40.712446,0.6,5.9,0.0,0.0,2.0,1.092857142857143,0.756666666666667,0.48000000000000026,9.639125,10.676705555555555,9.988491666666667,9.755677380952381,9.922444444444446,9.932742314814815,10.198074814814817,20.9,21.3,20.9,27.2,23.0,22.671428571428574,22.921428571428574,22.87,22.646666666666665,16.3,15.0,17.628571428571426,16.357142857142858,20.3,8.470997222222222,0.4,9.4,21.4,10.208347222222223,3.1,22.0,20.0,9.31456388888889,4.1,19.4,19.3,10.0,2.9,15.7,20.6,10.0,0.0,9.9,0,25,10,37.3068017366136,1.897102167959547,-0.8971021679595474,895.3632416787264
2025-11-12,93.133055,5.0,4.0,24.9,21.2,0.0,21.7,8.471369444444445,2025,11,12,46,2,Wednesday,0,4,2025-11-01,2360965.0,62.467244172,49.56206724,57.89182644,64.57093335771428,71.305713666,-20.634003504,-16.058585772,45.69358,93.12567,46.265632,87.446876,58.770952571428566,56.43708875,59.157168363333334,93.12567,45.69358,0.2,0.6,0.0,0.0,2.028571428571429,1.1071428571428572,0.7200000000000003,0.3533333333333336,10.171294444444445,10.588391666666666,9.059791666666667,9.683475793650794,9.935501785714285,9.923363148148148,10.132434907407406,20.3,20.9,20.3,23.8,22.9,21.685714285714283,22.72857142857143,22.810000000000002,22.683333333333334,13.4,16.3,17.4,16.507142857142856,20.0,10.200922222222221,0.0,9.0,20.6,10.0,2.5,18.8,19.7,10.0,0.7,16.6,19.2,9.685972222222222,12.4,18.1,19.4,7.787780555555555,7.4,18.5,0,24,11,37.3068017366136,1.897102167959547,-0.8971021679595474,895.3632416787264
2025-11-13,23.261375,1.0,1.0,27.0,22.2,5.1,22.9,7.0,2025,11,13,46,3,Thursday,0,4,2025-11-01,2360965.0,41.833240668,62.467244172,62.615989872,62.276849676,69.33419565942857,31.932726876000004,11.149977672000006,93.133055,45.69358,93.12567,46.159476,59.58326385714285,59.780075249999996,60.722118163333334,93.133055,45.69358,0.0,0.2,6.0,0.0,2.028571428571429,1.1071428571428572,0.7200000000000003,0.33000000000000024,8.471369444444445,8.943944444444444,10.542786111111111,9.381044047619048,9.893471626984127,9.844520462962965,10.105477962962963,21.2,20.3,21.2,21.8,22.3,21.314285714285717,22.607142857142858,22.779999999999998,22.686666666666667,21.7,17.0,18.17142857142857,16.77857142857143,21.4,10.208347222222223,3.1,22.0,20.0,9.31456388888889,4.1,19.4,19.4,8.121783333333333,0.7,10.9,21.3,10.021561111111112,0.1,11.7,19.1,10.0,2.5,16.8,0,23,12,37.3068017366136,1.897102167959547,-0.8971021679595474,895.3632416787264
2025-11-14,69.8533238,4.0,3.0,23.1,20.3,0.4,9.4,8.470997222222222,2025,11,14,46,4,Friday,0,4,2025-11-01,2360965.0,73.765967544,41.833240668,67.447250208,63.869703629142855,69.64018681371428,-6.086674044000006,0.23204329200000018,23.261375,93.133055,45.69358,46.301365000000004,56.312106571428565,54.809912607142856,58.42004815,93.133055,23.261375,5.1,0.0,1.2,1.3,1.9000000000000001,1.4714285714285715,0.8900000000000002,0.3266666666666669,7.0,9.66528888888889,9.653772222222223,9.103337698412698,9.640415476190478,9.714315185185187,10.216309351851853,22.2,21.2,22.2,21.6,21.8,21.37142857142857,22.599999999999998,22.78666666666667,22.69,22.9,18.4,19.014285714285712,17.3,20.6,10.0,2.5,18.8,19.7,10.0,0.7,16.6,19.3,10.0,2.9,15.7,23.0,10.0,0.0,11.9,19.7,10.0,0.1,14.9,0,22,13,37.3068017366136,1.897102167959547,-0.8971021679595474,895.3632416787264
2025-11-15,46.089462999999995,2.0,2.0,23.0,20.0,0.0,9.0,10.200922222222221,2025,11,15,46,5,Saturday,1,4,2025-11-01,2360965.0,67.6792935,73.765967544,73.74811806,63.90285267085714,68.49994477628572,6.0747743879999945,0.005949827999998547,69.8533238,23.261375,93.133055,46.404069,59.6766721142857,55.572115271428565,58.43773607666667,93.133055,23.261375,0.4,5.1,0.3,0.0,1.7857142857142858,1.407142857142857,0.8900000000000002,0.30333333333333357,8.470997222222222,8.61963888888889,10.712322222222223,8.932724603174604,9.55593154761905,9.675657962962962,10.252939166666668,20.3,22.2,20.3,22.1,22.2,21.185714285714287,22.492857142857144,22.743333333333332,22.680000000000003,9.4,19.7,17.728571428571428,17.02857142857143,20.0,9.31456388888889,4.1,19.4,19.4,8.121783333333333,0.7,10.9,19.2,9.685972222222222,12.4,18.1,20.6,10.0,0.0,9.9,19.5,10.0,0.4,16.3,0,21,14,37.3068017366136,1.897102167959547,-0.8971021679595474,895.3632416787264
2025-11-16,46.302031,2.0,2.0,24.1,21.4,3.1,22.0,10.208347222222223,2025,11,16,46,6,Sunday,1,4,2025-11-01,2360965.0,73.754067888,67.6792935,78.264037512,63.903702646285716,67.81486458085715,7.17549256800001,2.665522944000003,46.089462999999995,69.8533238,23.261375,46.265632,59.63172839999999,55.57215491428571,56.456846043333336,93.133055,23.261375,0.0,0.4,5.9,0.0,1.7428571428571427,1.407142857142857,0.8900000000000002,0.30333333333333357,10.200922222222221,10.156647222222222,10.700566666666667,9.158622222222222,9.519402976190477,9.749869722222222,10.234526574074074,20.0,20.3,20.0,21.3,24.8,20.88571428571429,22.335714285714285,22.653333333333332,22.736666666666668,9.0,20.7,16.2,16.392857142857142,19.7,10.0,0.7,16.6,19.3,10.0,2.9,15.7,21.3,10.021561111111112,0.1,11.7,19.4,7.787780555555555,7.4,18.5,19.5,10.0,1.7,17.3,0,20,15,37.3068017366136,1.897102167959547,-0.8971021679595474,895.3632416787264
2025-11-17,93.0883906,5.0,4.0,22.7,20.6,2.5,18.8,10.0,2025,11,17,47,0,Monday,0,4,2025-11-01,2360965.0,80.929560456,73.754067888,49.56206724,64.28449163828571,67.661444016,-29.707491204000007,1.6600020119999996,46.302031,46.089462999999995,69.8533238,93.12567,59.63692825714285,55.50180891428572,56.45165644333334,93.133055,23.261375,3.1,0.0,0.6,0.0,1.3428571428571427,1.6285714285714283,0.9933333333333335,0.30333333333333357,10.208347222222223,9.639125,9.966750000000001,9.166007936507937,9.484244444444444,9.760935833333333,10.194383981481481,21.4,20.0,21.4,20.9,25.2,20.9,22.092857142857145,22.586666666666662,22.810000000000002,22.0,16.3,16.385714285714283,16.678571428571427,19.4,8.121783333333333,0.7,10.9,19.2,9.685972222222222,12.4,18.1,23.0,10.0,0.0,11.9,19.1,10.0,2.5,16.8,19.0,8.57808611111111,5.9,20.5,0,19,16,37.3068017366136,1.897102167959547,-0.8971021679595474,895.3632416787264
2025-11-18,69.451455,3.0,3.0,22.1,20.0,4.1,19.4,9.31456388888889,2025,11,18,47,1,Tuesday,0,4,2025-11-01,2360965.0,51.222069252,80.929560456,62.467244172,64.52163478285715,65.43365841771428,6.080724216,-5.164450704000004,93.0883906,46.302031,46.089462999999995,45.69358,59.63160262857142,58.84548231428572,58.00958199666666,93.133055,23.261375,2.5,3.1,0.2,0.0,1.6142857142857143,1.807142857142857,1.0533333333333335,0.30333333333333357,10.0,10.171294444444445,10.676705555555555,9.217561507936509,9.486619444444445,9.844458148148147,10.175435555555557,20.6,21.4,20.6,20.3,27.2,20.857142857142858,21.764285714285712,22.483333333333334,22.966666666666665,18.8,13.4,16.742857142857144,17.185714285714287,19.3,10.0,2.9,15.7,21.3,10.021561111111112,0.1,11.7,20.6,10.0,0.0,9.9,19.7,10.0,0.1,14.9,19.1,9.515519444444445,0.0,15.4,0,18,17,37.3068017366136,1.897102167959547,-0.8971021679595474,895.3632416787264
2025-11-19,69.485067,3.0,3.0,21.6,19.7,0.7,16.6,10.0,2025,11,19,47,2,Wednesday,0,4,2025-11-01,2360965.0,57.302793468,51.222069252,41.833240668,63.783856110857144,64.17739473428571,-14.095142531999997,1.3744102679999983,69.451455,93.0883906,46.302031,93.133055,63.02558477142856,60.89826867142857,58.77492442999999,93.133055,23.261375,4.1,2.5,0.0,0.0,2.1714285714285713,2.1,1.1733333333333333,0.30333333333333357,9.31456388888889,8.471369444444445,10.588391666666666,9.095171428571428,9.389323611111111,9.811053055555556,10.160800185185186,20.0,20.6,20.0,21.2,23.8,20.814285714285713,21.25,22.383333333333333,23.003333333333334,19.4,21.7,17.599999999999998,17.5,19.2,9.685972222222222,12.4,18.1,23.0,10.0,0.0,11.9,19.4,7.787780555555555,7.4,18.5,19.5,10.0,0.4,16.3,18.7,10.0,10.6,18.6,0,17,18,37.3068017366136,1.897102167959547,-0.8971021679595474,895.3632416787264
2025-11-20,23.00195,1.0,1.0,21.7,19.4,0.7,10.9,8.121783333333333,2025,11,20,47,3,Thursday,0,4,2025-11-01,2360965.0,43.207650936,57.302793468,73.765967544,63.98020043485714,63.12852505542857,6.366315960000001,-24.192000648000004,69.485067,69.451455,93.0883906,23.261375,59.647300771428554,59.615282314285714,58.77171363,93.0883906,23.261375,0.7,4.1,5.1,6.0,2.2714285714285714,2.15,1.1433333333333335,0.4933333333333335,10.0,7.0,8.943944444444444,9.313547222222223,9.347295634920636,9.841478796296295,10.093455185185185,19.7,20.0,19.7,22.2,21.8,20.599999999999998,20.957142857142856,22.273333333333333,22.983333333333334,16.6,22.9,16.871428571428574,17.52142857142857,21.3,10.021561111111112,0.1,11.7,20.6,10.0,0.0,9.9,19.1,10.0,2.5,16.8,19.5,10.0,1.7,17.3,18.7,9.667458333333332,1.0,18.0,0,16,19,37.3068017366136,1.897102167959547,-0.8971021679595474,895.3632416787264
2025-11-21,46.153109,2.0,2.0,20.5,19.3,2.9,15.7,10.0,2025,11,21,47,4,Friday,0,4,2025-11-01,2360965.0,49.573966896,43.207650936,67.6792935,60.52420034228572,62.196951985714286,2.415630168,-15.689696435999998,23.00195,69.485067,69.451455,69.8533238,59.610240057142846,57.96117331428571,57.239381163333334,93.0883906,23.00195,0.7,0.7,0.4,1.2,1.6428571428571428,1.7714285714285711,1.1300000000000001,0.5333333333333335,8.121783333333333,8.470997222222222,9.66528888888889,9.473801984126984,9.288569841269842,9.762907592592592,10.04556574074074,19.4,19.7,19.4,20.3,21.6,20.2,20.785714285714285,22.163333333333334,22.94,10.9,9.4,15.157142857142857,17.085714285714285,23.0,10.0,0.0,11.9,19.4,7.787780555555555,7.4,18.5,19.7,10.0,0.1,14.9,19.0,8.57808611111111,5.9,20.5,18.2,9.350394444444444,0.1,10.3,0,15,20,37.3068017366136,1.897102167959547,-0.8971021679595474,895.3632416787264
2025-11-22,69.457957,3.0,3.0,21.3,19.2,12.4,18.1,9.685972222222222,2025,11,22,47,5,Saturday,1,4,2025-11-01,2360965.0,51.989597064,49.573966896,73.754067888,58.282815137142855,61.092833903999995,2.576275523999996,-19.188195299999997,46.153109,23.00195,69.485067,46.089462999999995,56.22449508571428,57.9505836,56.46727916333332,93.0883906,23.00195,2.9,0.7,0.0,0.3,2.0,1.8928571428571428,1.2100000000000002,0.5433333333333334,10.0,10.200922222222221,8.61963888888889,9.692230952380953,9.312477777777778,9.739235370370372,9.967681481481483,19.3,19.4,19.3,20.0,22.1,20.057142857142857,20.62142857142857,22.046666666666667,22.92666666666667,15.7,9.0,16.057142857142857,16.892857142857142,20.6,10.0,0.0,9.9,19.1,10.0,2.5,16.8,19.5,10.0,0.4,16.3,19.1,9.515519444444445,0.0,15.4,18.7,10.0,0.0,13.2,0,14,21,37.3068017366136,1.897102167959547,-0.8971021679595474,895.3632416787264
2025-11-23,46.068174,2.0,2.0,25.6,21.3,0.1,11.7,10.021561111111112,2025,11,23,47,6,Sunday,1,4,2025-11-01,2360965.0,54.565872588,51.989597064,80.929560456,55.54164438,59.72267351314286,0.5711834880000026,-25.792504380000004,69.457957,46.153109,23.00195,46.302031,59.562851371428565,59.59728988571429,56.449249763333334,93.0883906,23.00195,12.4,2.9,3.1,5.9,3.7714285714285714,2.7571428571428567,1.6033333333333337,0.7400000000000002,9.685972222222222,10.208347222222223,10.156647222222222,9.618666666666668,9.388644444444443,9.71984425925926,9.958934537037036,19.2,19.3,19.2,21.4,21.3,19.942857142857143,20.41428571428571,21.92,22.91,18.1,22.0,17.357142857142858,16.77857142857143,19.4,7.787780555555555,7.4,18.5,19.7,10.0,0.1,14.9,19.5,10.0,1.7,17.3,18.7,10.0,10.6,18.6,19.6,10.0,0.0,12.1,0,13,22,37.3068017366136,1.897102167959547,-0.8971021679595474,895.3632416787264
2025-11-24,92.734187,4.0,4.0,27.2,23.0,0.0,11.9,10.0,2025,11,24,48,0,Monday,0,4,2025-11-01,2360965.0,55.137056076,54.565872588,51.222069252,51.85700089714286,58.070746267714284,-30.849858180000002,-26.934871356,46.068174,69.457957,46.153109,93.0883906,59.52944322857142,59.58318574285714,56.44073533,93.0883906,23.00195,0.1,12.4,2.5,0.6,3.3428571428571425,2.3428571428571425,1.5833333333333335,0.756666666666667,10.021561111111112,10.0,9.639125,9.591982936507936,9.378995436507935,9.70891824074074,9.932742314814815,21.3,19.2,21.3,20.6,20.9,19.928571428571427,20.414285714285715,21.863333333333333,22.87,11.7,18.8,15.885714285714284,16.135714285714286,19.1,10.0,2.5,16.8,19.5,10.0,0.4,16.3,19.0,8.57808611111111,5.9,20.5,18.7,9.667458333333332,1.0,18.0,19.3,10.0,0.0,14.2,0,12,23,37.3068017366136,1.897102167959547,-0.8971021679595474,895.3632416787264
2025-11-25,45.7955471,2.0,2.0,22.6,20.6,0.0,9.9,10.0,2025,11,25,48,1,Tuesday,0,4,2025-11-01,2360965.0,24.287197896,55.137056076,57.302793468,48.00916213199999,56.26539845742857,24.495441876000005,-8.520153695999994,92.734187,46.068174,69.457957,69.451455,59.478842714285705,59.55522267142857,57.98608583,92.734187,23.00195,0.0,0.1,4.1,0.2,2.9857142857142853,2.3,1.5833333333333335,0.7200000000000003,10.0,9.31456388888889,10.171294444444445,9.591982936507936,9.404772222222222,9.682521944444444,9.923363148148148,23.0,21.3,23.0,20.0,20.3,20.271428571428572,20.564285714285713,21.869999999999997,22.810000000000002,11.9,19.4,14.9,15.821428571428571,19.7,10.0,0.1,14.9,19.5,10.0,1.7,17.3,19.1,9.515519444444445,0.0,15.4,18.2,9.350394444444444,0.1,10.3,19.4,10.0,0.0,11.3,0,11,24,37.3068017366136,1.897102167959547,-0.8971021679595474,895.3632416787264
2025-11-26,75.52897540000001,4.0,4.0,22.1,19.4,7.4,18.5,7.787780555555555,2025,11,26,48,2,Wednesday,0,4,2025-11-01,2360965.0,48.782639772,24.287197896,43.207650936,46.791997318285716,55.28792671457143,-11.108328876000002,-5.533340039999999,45.7955471,92.734187,46.068174,69.485067,56.09942729999999,59.562506035714286,57.97085606666667,92.734187,23.00195,0.0,0.0,0.7,0.0,2.4,2.2857142857142856,1.5833333333333335,0.7200000000000003,10.0,10.0,8.471369444444445,9.68990238095238,9.392536904761906,9.65649425925926,9.844520462962965,20.6,23.0,20.6,19.7,21.2,20.357142857142858,20.585714285714285,21.77333333333333,22.779999999999998,9.9,16.6,13.542857142857144,15.571428571428571,19.5,10.0,0.4,16.3,19.0,8.57808611111111,5.9,20.5,18.7,10.0,10.6,18.6,18.7,10.0,0.0,13.2,18.8,5.871858333333333,4.1,17.7,0,10,25,37.3068017366136,1.897102167959547,-0.8971021679595474,895.3632416787264
2025-11-27,69.506,3.0,3.0,21.2,19.1,2.5,16.8,10.0,2025,11,27,48,3,Thursday,0,4,2025-11-01,2360965.0,37.674310896,48.782639772,49.573966896,46.00152016971429,54.99086030228572,2.4632287919999953,-9.436427208000005,75.52897540000001,45.7955471,92.734187,23.00195,56.96284278571428,58.305071778571424,58.940245346666664,92.734187,23.00195,7.4,0.0,0.7,5.1,3.357142857142857,2.814285714285714,1.8300000000000003,0.8900000000000002,7.787780555555555,8.121783333333333,7.0,9.373871031746033,9.343709126984127,9.612293796296296,9.714315185185187,19.4,20.6,19.4,19.4,22.2,20.314285714285713,20.457142857142856,21.626666666666665,22.78666666666667,18.5,10.9,13.814285714285713,15.342857142857143,19.5,10.0,1.7,17.3,19.1,9.515519444444445,0.0,15.4,18.7,9.667458333333332,1.0,18.0,19.6,10.0,0.0,12.1,17.5,10.0,0.0,13.9,0,9,26,37.3068017366136,1.897102167959547,-0.8971021679595474,895.3632416787264
2025-11-28,35.575371000000004,2.0,2.0,21.4,19.7,0.1,14.9,10.0,2025,11,28,48,4,Friday,0,4,2025-11-01,2360965.0,40.137539688,37.674310896,51.989597064,44.653459139999995,52.58882974114285,22.311855,10.459797623999997,69.506,75.52897540000001,45.7955471,46.153109,63.606278499999995,61.608259278571424,58.967643413333334,92.734187,45.7955471,2.5,7.4,2.9,0.4,3.614285714285714,2.6285714285714286,1.9133333333333336,0.8900000000000002,10.0,10.0,8.470997222222222,9.642187698412698,9.557994841269842,9.612677407407407,9.675657962962962,19.1,19.4,19.1,19.3,20.3,20.271428571428572,20.235714285714288,21.496666666666666,22.743333333333332,16.8,15.7,14.657142857142858,14.907142857142857,19.0,8.57808611111111,5.9,20.5,18.7,10.0,10.6,18.6,18.2,9.350394444444444,0.1,10.3,19.3,10.0,0.0,14.2,17.9,9.0,3.9,46.8,0,8,27,37.3068017366136,1.897102167959547,-0.8971021679595474,895.3632416787264
2025-11-29,46.330593,2.0,2.0,21.3,19.5,0.4,16.3,10.0,2025,11,29,48,5,Saturday,1,4,2025-11-01,2360965.0,62.449394688,40.137539688,54.565872588,46.14771594342857,52.21526554028571,6.8363523720000074,14.719874472000008,35.575371000000004,69.506,75.52897540000001,69.457957,62.09517307142856,59.15983407857143,58.60911431333333,92.734187,35.575371000000004,0.1,2.5,12.4,0.0,3.2142857142857144,2.607142857142857,1.916666666666667,0.8900000000000002,10.0,9.685972222222222,10.200922222222221,9.642187698412698,9.667209325396826,9.644017685185187,9.749869722222222,19.7,19.1,19.7,19.2,20.0,20.32857142857143,20.192857142857143,21.39,22.653333333333332,14.9,18.1,14.542857142857143,15.299999999999999,19.1,9.515519444444445,0.0,15.4,18.7,9.667458333333332,1.0,18.0,18.7,10.0,0.0,13.2,19.4,10.0,0.0,11.3,14.9,8.430183333333334,70.8,47.0,0,7,28,37.3068017366136,1.897102167959547,-0.8971021679595474,895.3632416787264
2025-11-30,46.017663,2.0,2.0,21.1,19.5,1.7,17.3,10.0,2025,11,30,48,6,Sunday,1,4,2025-11-01,2360965.0,69.28574706,62.449394688,55.137056076,48.25055515371429,51.89609976685715,5.3845943399999925,19.533285323999998,46.330593,35.575371000000004,69.506,46.068174,58.791263928571425,59.17705765,57.05867901333333,92.734187,35.575371000000004,0.4,0.1,0.1,3.1,1.5,2.6357142857142857,1.9300000000000002,0.9933333333333335,10.0,10.021561111111112,10.208347222222223,9.68704880952381,9.652857738095237,9.625924814814816,9.760935833333333,19.5,19.7,19.5,21.3,21.4,20.371428571428574,20.157142857142855,21.296666666666667,22.586666666666662,16.3,11.7,14.285714285714286,15.821428571428571,18.7,10.0,10.6,18.6,18.2,9.350394444444444,0.1,10.3,19.6,10.0,0.0,12.1,18.8,5.871858333333333,4.1,17.7,17.2,9.486602777777778,5.8,25.6,0,6,29,37.3068017366136,1.897102167959547,-0.8971021679595474,895.3632416787264
2025-12-01,69.673737,3.0,3.0,20.6,19.0,5.9,20.5,8.57808611111111,2025,12,1,49,0,Monday,0,4,2025-12-01,2421902.0,74.6703414,69.28574706,24.287197896,51.04102448571428,51.44901269142857,-8.067966768000005,42.315176736,46.017663,46.330593,35.575371000000004,92.734187,58.784048071428565,59.15674565,56.619851563333334,92.734187,35.575371000000004,1.7,0.4,0.0,2.5,1.7285714285714284,2.5357142857142856,1.9433333333333338,1.0533333333333335,10.0,10.0,10.0,9.68396865079365,9.637975793650794,9.63746574074074,9.844458148148147,19.5,19.5,19.5,23.0,20.6,20.114285714285717,20.021428571428572,21.220000000000002,22.483333333333334,17.3,11.9,15.085714285714287,15.485714285714284,18.7,9.667458333333332,1.0,18.0,18.7,10.0,0.0,13.2,19.3,10.0,0.0,14.2,17.5,10.0,0.0,13.9,18.5,10.0,2.1,22.2,0,5,30,34.16744186046512,1.66810664641188,-0.6681066464118797,820.0186046511628
2025-12-02,69.509075,3.0,3.0,20.4,19.1,0.0,15.4,9.515519444444445,2025,12,2,49,1,Tuesday,0,4,2025-12-01,2421902.0,66.602374632,74.6703414,48.782639772,57.08604973371429,52.547605932857145,-5.176350359999994,12.643384499999996,69.673737,46.017663,46.330593,45.7955471,55.48969807142856,57.48427039285715,57.40601253,75.52897540000001,35.575371000000004,5.9,1.7,0.0,4.1,2.5714285714285716,2.7785714285714285,2.14,1.1733333333333333,8.57808611111111,10.0,9.31456388888889,9.480838095238095,9.536410515873015,9.566324537037037,9.811053055555556,19.0,19.5,19.0,20.6,20.0,19.542857142857144,19.907142857142855,21.113333333333333,22.383333333333333,20.5,9.9,16.314285714285713,15.607142857142858,18.2,9.350394444444444,0.1,10.3,19.6,10.0,0.0,12.1,19.4,10.0,0.0,11.3,17.9,9.0,3.9,46.8,18.6,10.0,10.8,23.6,0,4,31,34.16744186046512,1.66810664641188,-0.6681066464118797,820.0186046511628
2025-12-03,92.564565,4.0,4.0,19.6,18.7,10.6,18.6,10.0,2025,12,3,49,2,Wednesday,0,4,2025-12-01,2421902.0,61.426024272,66.602374632,37.674310896,58.892247519428565,52.84212241885714,-22.66884468,1.0828686959999985,69.509075,69.673737,46.017663,75.52897540000001,58.87734491428571,57.48838610714286,58.14675253,75.52897540000001,35.575371000000004,0.0,5.9,7.4,0.7,2.5714285714285716,2.4857142857142853,2.14,1.1433333333333335,9.515519444444445,7.787780555555555,10.0,9.411626587301587,9.550764484126985,9.526822962962964,9.841478796296295,19.1,19.0,19.1,19.4,19.7,19.32857142857143,19.842857142857145,20.923333333333336,22.273333333333333,15.4,18.5,17.1,15.321428571428571,18.7,10.0,0.0,13.2,19.3,10.0,0.0,14.2,18.8,5.871858333333333,4.1,17.7,14.9,8.430183333333334,70.8,47.0,18.1,8.405513888888889,9.7,30.6,0,3,32,34.16744186046512,1.66810664641188,-0.6681066464118797,820.0186046511628
2025-12-04,68.760231,3.0,3.0,20.1,18.7,1.0,18.0,9.667458333333332,2025,12,4,49,3,Thursday,0,4,2025-12-01,2421902.0,38.757179592,61.426024272,40.137539688,59.04694304742856,52.52423160857143,3.147459011999999,1.767098916000002,92.564565,69.509075,69.673737,69.506,61.311000571428565,59.136921678571426,59.68967259666667,92.564565,35.575371000000004,10.6,0.0,2.5,0.7,3.028571428571429,3.192857142857143,2.4933333333333336,1.1300000000000001,10.0,10.0,8.121783333333333,9.727657936507937,9.550764484126985,9.527931296296297,9.762907592592592,18.7,19.1,18.7,19.1,19.4,19.228571428571428,19.771428571428572,20.706666666666663,22.163333333333334,18.6,16.8,17.114285714285714,15.464285714285714,19.6,10.0,0.0,12.1,19.4,10.0,0.0,11.3,17.5,10.0,0.0,13.9,17.2,9.486602777777778,5.8,25.6,17.8,8.745166666666666,19.7,22.2,0,2,33,34.16744186046512,1.66810664641188,-0.6681066464118797,820.0186046511628
2025-12-05,46.47516,2.0,2.0,20.3,18.2,0.1,10.3,9.350394444444444,2025,12,5,49,4,Friday,0,4,2025-12-01,2421902.0,41.904638604,38.757179592,62.449394688,59.29938574971429,51.976422444857135,11.108328876000002,-9.436427207999998,68.760231,92.564565,69.509075,35.575371000000004,61.20446214285713,62.40537032142857,60.62459876333333,92.564565,35.575371000000004,1.0,10.6,0.1,2.9,2.8142857142857145,3.2142857142857144,2.526666666666667,1.2100000000000002,9.667458333333332,10.0,10.0,9.680151984126983,9.66116984126984,9.494289722222222,9.739235370370372,18.7,18.7,18.7,19.7,19.3,19.17142857142857,19.72142857142857,20.423333333333336,22.046666666666667,18.0,14.9,17.285714285714285,15.971428571428572,19.3,10.0,0.0,14.2,18.8,5.871858333333333,4.1,17.7,17.9,9.0,3.9,46.8,18.5,10.0,2.1,22.2,18.3,7.459997222222222,8.8,16.5,0,1,34,34.16744186046512,1.66810664641188,-0.6681066464118797,820.0186046511628
2025-12-06,23.250621,1.0,1.0,21.3,18.7,0.0,13.2,10.0,2025,12,6,49,5,Saturday,1,4,2025-12-01,2421902.0,53.01296748,41.904638604,69.28574706,57.951324719999995,52.049520331714284,23.347125071999997,7.074345491999992,46.47516,68.760231,92.564565,46.330593,62.761574857142854,62.42837396428571,59.258874896666676,92.564565,46.017663,0.1,1.0,0.4,12.4,2.814285714285714,3.014285714285714,2.5300000000000002,1.6033333333333337,9.350394444444444,10.0,9.685972222222222,9.58735119047619,9.614769444444445,9.453023148148146,9.71984425925926,18.2,18.7,18.2,19.5,19.2,18.957142857142856,19.642857142857142,20.236666666666665,21.92,10.3,16.3,16.62857142857143,15.585714285714287,19.4,10.0,0.0,11.3,17.5,10.0,0.0,13.9,14.9,8.430183333333334,70.8,47.0,18.6,10.0,10.8,23.6,17.5,9.819666666666668,7.8,18.6,1,0,0,34.16744186046512,1.66810664641188,-0.6681066464118797,820.0186046511628
2025-12-07,46.112029,2.0,2.0,24.3,19.6,0.0,12.1,10.0,2025,12,7,49,6,Sunday,1,4,2025-12-01,2421902.0,76.360092552,53.01296748,74.6703414,58.961945504571425,53.60625032914286,3.1534088399999973,4.843159991999997,23.250621,46.47516,68.760231,46.017663,59.46443599999999,59.12784996428571,58.495246396666666,92.564565,23.250621,0.0,0.1,1.7,0.1,2.757142857142857,2.1285714285714286,2.33,1.5833333333333335,10.0,10.0,10.021561111111112,9.58735119047619,9.637199999999998,9.488225,9.70891824074074,18.7,18.2,18.7,19.5,21.3,18.842857142857145,19.607142857142858,20.133333333333333,21.863333333333333,13.2,17.3,16.185714285714287,15.235714285714286,18.8,5.871858333333333,4.1,17.7,17.9,9.0,3.9,46.8,17.2,9.486602777777778,5.8,25.6,18.1,8.405513888888889,9.7,30.6,17.4,9.046191666666667,1.7,17.5,0,18,1,34.16744186046512,1.66810664641188,-0.6681066464118797,820.0186046511628
2025-12-08,46.269586000000004,2.0,2.0,23.3,19.3,0.0,14.2,10.0,2025,12,8,50,0,Monday,0,4,2025-12-01,2421902.0,79.513501392,76.360092552,66.602374632,59.65382550342857,55.34742499457143,1.9931923800000106,14.904319140000013,46.112029,23.250621,46.47516,69.673737,59.47791685714286,59.130982464285715,58.48893519666667,92.564565,23.250621,0.0,0.0,5.9,0.0,2.5142857142857147,2.1214285714285714,2.29,1.5833333333333335,10.0,8.57808611111111,10.0,9.58735119047619,9.63565992063492,9.499382037037037,9.682521944444444,19.6,18.7,19.6,19.0,23.0,18.857142857142858,19.485714285714288,20.066666666666666,21.869999999999997,12.1,20.5,15.442857142857141,15.264285714285714,17.5,10.0,0.0,13.9,14.9,8.430183333333334,70.8,47.0,18.5,10.0,2.1,22.2,17.8,8.745166666666666,19.7,22.2,17.6,8.834952777777778,7.3,19.6,0,17,2,34.16744186046512,1.66810664641188,-0.6681066464118797,820.0186046511628
2025-12-09,46.36567,2.0,2.0,23.5,19.4,0.0,11.3,10.0,2025,12,9,50,1,Tuesday,0,4,2025-12-01,2421902.0,81.506693772,79.513501392,61.426024272,61.783013952,59.43453184285715,1.350610955999997,21.431280456000003,46.269586000000004,46.112029,23.250621,69.509075,56.1344667142857,55.81208239285714,58.484452430000005,92.564565,23.250621,0.0,0.0,0.0,0.0,1.6714285714285713,2.1214285714285714,2.2800000000000002,1.5833333333333335,10.0,9.515519444444445,10.0,9.790481746031746,9.63565992063492,9.545394074074073,9.65649425925926,19.3,19.6,19.3,19.1,20.6,18.900000000000002,19.22142857142857,19.973333333333333,21.77333333333333,14.2,15.4,14.542857142857143,15.428571428571429,17.9,9.0,3.9,46.8,17.2,9.486602777777778,5.8,25.6,18.6,10.0,10.8,23.6,18.3,7.459997222222222,8.8,16.5,17.7,10.0,0.4,20.6,0,16,3,34.16744186046512,1.66810664641188,-0.6681066464118797,820.0186046511628
2025-12-10,69.9860951,4.0,3.0,22.4,18.8,4.1,17.7,5.871858333333333,2025,12,10,50,2,Wednesday,0,4,2025-12-01,2421902.0,82.857304728,81.506693772,38.757179592,64.84462544571429,61.86843648257143,-13.750052507999996,30.350072628000007,46.36567,46.269586000000004,46.112029,92.564565,52.82826599999999,55.85280545714286,58.48778703,92.564565,23.250621,0.0,0.0,10.6,7.4,1.6714285714285713,2.1214285714285714,2.0833333333333335,1.8300000000000003,10.0,10.0,7.787780555555555,9.859693253968254,9.63565992063492,9.5401725,9.612293796296296,19.4,19.3,19.4,18.7,19.4,18.942857142857143,19.135714285714283,19.91,21.626666666666665,11.3,18.6,13.957142857142857,15.528571428571428,14.9,8.430183333333334,70.8,47.0,18.5,10.0,2.1,22.2,18.1,8.405513888888889,9.7,30.6,17.5,9.819666666666668,7.8,18.6,18.2,9.849499999999999,1.4,24.7,0,15,4,34.16744186046512,1.66810664641188,-0.6681066464118797,820.0186046511628
2025-12-11,46.227356,2.0,2.0,19.6,17.5,0.0,13.9,10.0,2025,12,11,50,3,Thursday,0,4,2025-12-01,2421902.0,69.10725222,82.857304728,41.904638604,69.18035010685715,64.11364657714286,-1.6243030440000013,25.578310572000007,69.9860951,46.36567,46.269586000000004,68.760231,49.60277029999999,55.456885435714284,57.71646786666667,69.9860951,23.250621,4.1,0.0,1.0,2.5,0.742857142857143,1.8857142857142857,2.2,1.9133333333333336,5.871858333333333,9.667458333333332,10.0,9.26995873015873,9.498808333333333,9.414596944444444,9.612677407407407,18.8,19.4,18.8,18.7,19.1,18.957142857142856,19.092857142857145,19.84,21.496666666666666,17.7,18.0,13.828571428571427,15.471428571428572,17.2,9.486602777777778,5.8,25.6,18.6,10.0,10.8,23.6,17.8,8.745166666666666,19.7,22.2,17.4,9.046191666666667,1.7,17.5,17.4,9.93798888888889,4.4,24.3,0,14,5,34.16744186046512,1.66810664641188,-0.6681066464118797,820.0186046511628
2025-12-12,46.130825,2.0,2.0,19.6,17.9,3.9,46.8,9.0,2025,12,12,50,4,Friday,0,4,2025-12-01,2421902.0,67.482949176,69.10725222,53.01296748,72.83439447428572,66.066890112,5.795132471999992,20.265114167999997,46.227356,69.9860951,46.36567,46.47516,46.38378815714285,53.794125150000006,57.734260400000004,69.9860951,23.250621,0.0,4.1,0.1,0.1,0.6000000000000002,1.707142857142857,2.193333333333334,1.916666666666667,10.0,9.350394444444444,10.0,9.317464682539683,9.498808333333333,9.40888712962963,9.644017685185187,17.5,18.8,17.5,18.2,19.7,18.785714285714285,18.978571428571428,19.746666666666666,21.39,13.9,10.3,13.242857142857144,15.264285714285716,18.5,10.0,2.1,22.2,18.1,8.405513888888889,9.7,30.6,18.3,7.459997222222222,8.8,16.5,17.6,8.834952777777778,7.3,19.6,17.5,10.0,0.1,21.5,0,13,6,34.16744186046512,1.66810664641188,-0.6681066464118797,820.0186046511628
2025-12-13,46.162065,2.0,2.0,17.7,14.9,70.8,47.0,8.430183333333334,2025,12,13,50,5,Saturday,1,4,2025-12-01,2421902.0,73.278081648,67.482949176,76.360092552,75.72941078400001,66.840367752,21.585975984,18.50396508,46.130825,46.227356,69.9860951,23.250621,46.33459744285714,54.54808615,56.167519399999996,69.9860951,23.250621,3.9,0.0,0.0,0.4,1.142857142857143,1.9785714285714282,2.3233333333333333,1.9300000000000002,9.0,10.0,10.0,9.267408333333334,9.427379761904762,9.426508148148148,9.625924814814816,17.9,17.5,17.9,18.7,19.5,18.74285714285714,18.849999999999998,19.636666666666667,21.296666666666667,46.8,13.2,18.457142857142856,17.54285714285714,18.6,10.0,10.8,23.6,17.8,8.745166666666666,19.7,22.2,17.5,9.819666666666668,7.8,18.6,17.7,10.0,0.4,20.6,17.4,10.0,0.1,16.0,0,12,7,34.16744186046512,1.66810664641188,-0.6681066464118797,820.0186046511628
2025-12-14,46.157437,2.0,1.0,18.2,17.2,5.8,25.6,9.486602777777778,2025,12,14,50,6,Sunday,1,4,2025-12-01,2421902.0,94.864057632,73.278081648,79.513501392,78.37283436685713,68.66738993571428,2.385881028,17.736437268000003,46.162065,46.130825,46.227356,46.112029,49.60766087142856,54.536048435714285,56.93087573333334,69.9860951,46.112029,70.8,3.9,0.0,1.7,11.257142857142856,7.007142857142857,4.513333333333334,1.9433333333333338,8.430183333333334,10.0,10.0,9.043148809523808,9.31525,9.474180925925927,9.63746574074074,14.9,17.9,14.9,19.6,19.5,18.2,18.521428571428572,19.39333333333333,21.220000000000002,47.0,12.1,23.285714285714285,19.735714285714288,18.1,8.405513888888889,9.7,30.6,18.3,7.459997222222222,8.8,16.5,17.4,9.046191666666667,1.7,17.5,18.2,9.849499999999999,1.4,24.7,17.3,9.667966666666667,0.0,11.2,0,11,8,34.16744186046512,1.66810664641188,-0.6681066464118797,820.0186046511628
2025-12-15,46.294684000000004,2.0,2.0,20.8,18.5,2.1,22.2,10.0,2025,12,15,51,0,Monday,0,4,2025-12-01,2421902.0,97.24993866,94.864057632,81.506693772,80.90661111942858,70.28021831142857,-0.6009326279999954,15.142312259999997,46.157437,46.162065,46.130825,46.269586000000004,49.61414772857142,54.54603229285715,56.14101284,69.9860951,46.130825,5.8,70.8,0.0,5.9,12.085714285714285,7.299999999999999,4.693333333333333,2.14,9.486602777777778,10.0,8.57808611111111,8.96980634920635,9.27857876984127,9.508034444444444,9.566324537037037,17.2,14.9,17.2,19.3,19.0,17.857142857142858,18.357142857142858,19.290000000000003,21.113333333333333,25.6,14.2,25.214285714285715,20.32857142857143,17.8,8.745166666666666,19.7,22.2,17.5,9.819666666666668,7.8,18.6,17.6,8.834952777777778,7.3,19.6,17.4,9.93798888888889,4.4,24.3,17.1,9.468286111111112,0.0,9.5,0,10,9,34.16744186046512,1.66810664641188,-0.6681066464118797,820.0186046511628
2025-12-16,0.0,0.0,0.0,19.7,18.6,10.8,23.6,10.0,2025,12,16,51,1,Tuesday,0,4,2025-12-01,2421902.0,96.649006032,97.24993866,82.857304728,83.06979858514285,72.42640626857143,1.4696075159999964,15.261308819999996,46.294684000000004,46.157437,46.162065,46.36567,49.61773315714286,52.87609993571429,56.14785354000001,69.9860951,46.130825,2.1,5.8,0.0,0.0,12.385714285714286,7.028571428571429,4.763333333333334,2.14,10.0,10.0,9.515519444444445,8.96980634920635,9.380144047619046,9.501337037037038,9.526822962962964,18.5,17.2,18.5,19.4,19.1,17.742857142857144,18.321428571428573,19.240000000000002,20.923333333333336,22.2,11.3,26.357142857142854,20.45,18.3,7.459997222222222,8.8,16.5,17.4,9.046191666666667,1.7,17.5,17.7,10.0,0.4,20.6,17.5,10.0,0.1,21.5,16.8,10.0,0.0,8.0,0,9,10,34.16744186046512,1.66810664641188,-0.6681066464118797,820.0186046511628
2025-12-17,23.15107,1.0,1.0,19.7,18.1,9.7,30.6,8.405513888888889,2025,12,17,51,2,Wednesday,0,4,2025-12-01,2421902.0,98.118613548,96.649006032,69.10725222,85.24998555942857,75.04730550257143,-22.014363599999996,6.996997727999997,0.0,46.294684000000004,46.157437,69.9860951,42.99406601428571,47.91116600714286,54.60445250666667,69.9860951,0.0,10.8,2.1,4.1,10.6,13.928571428571429,7.8,5.02,2.4933333333333336,10.0,5.871858333333333,10.0,8.96980634920635,9.414749801587302,9.49439212962963,9.527931296296297,18.6,18.5,18.6,18.8,18.7,17.62857142857143,18.285714285714285,19.14666666666667,20.706666666666663,23.6,17.7,28.114285714285717,21.035714285714285,17.5,9.819666666666668,7.8,18.6,17.6,8.834952777777778,7.3,19.6,18.2,9.849499999999999,1.4,24.7,17.4,10.0,0.1,16.0,17.8,10.0,0.0,14.3,0,8,11,34.16744186046512,1.66810664641188,-0.6681066464118797,820.0186046511628
2025-12-18,23.197312,1.0,1.0,18.8,17.8,19.7,22.2,8.745166666666666,2025,12,18,51,3,Thursday,0,4,2025-12-01,2421902.0,76.104249948,98.118613548,67.482949176,86.24955666342858,77.71495338514286,-22.514149152,-13.892848380000004,23.15107,0.0,46.294684000000004,46.227356,36.30334814285713,42.953059221428575,52.27320848666667,46.294684000000004,0.0,9.7,10.8,0.0,1.0,14.72857142857143,7.735714285714286,5.260000000000001,2.526666666666667,8.405513888888889,10.0,9.667458333333332,9.331757142857143,9.300857936507937,9.441242592592593,9.494289722222222,18.1,18.6,18.1,17.5,18.7,17.52857142857143,18.24285714285714,19.063333333333333,20.423333333333336,30.6,13.9,29.95714285714286,21.892857142857142,17.4,9.046191666666667,1.7,17.5,17.7,10.0,0.4,20.6,17.4,9.93798888888889,4.4,24.3,17.3,9.667966666666667,0.0,11.2,17.9,8.0,1.6,8.3,0,7,12,34.16744186046512,1.66810664641188,-0.6681066464118797,820.0186046511628
2025-12-19,46.260039,2.0,2.0,20.1,18.3,8.8,16.5,7.459997222222222,2025,12,19,51,4,Friday,0,4,2025-12-01,2421902.0,53.590100796,76.104249948,73.278081648,84.26486403771428,78.549629256,3.337853507999995,-16.350127344,23.197312,23.15107,0.0,46.130825,33.01334185714285,39.69856500714286,50.73140372,46.294684000000004,0.0,19.7,9.7,3.9,0.1,17.542857142857144,9.071428571428571,5.78,2.5300000000000002,8.745166666666666,9.0,9.350394444444444,9.152495238095238,9.23497996031746,9.422262685185185,9.453023148148146,17.8,18.1,17.8,17.9,18.2,17.571428571428573,18.178571428571427,18.990000000000002,20.236666666666665,22.2,46.8,31.142857142857142,22.192857142857143,17.6,8.834952777777778,7.3,19.6,18.2,9.849499999999999,1.4,24.7,17.5,10.0,0.1,21.5,17.1,9.468286111111112,0.0,9.5,19.5,9.812566666666665,2.6,15.5,0,6,13,34.16744186046512,1.66810664641188,-0.6681066464118797,820.0186046511628
2025-12-20,46.407088,2.0,2.0,19.2,17.5,7.8,18.6,9.819666666666668,2025,12,20,51,5,Saturday,1,4,2025-12-01,2421902.0,56.927954304,53.590100796,94.864057632,81.92913156,78.82927117199999,6.6281083920000015,-31.307994936,46.260039,23.197312,23.15107,46.162065,33.031800999999994,39.68319922142857,49.95723612,46.294684000000004,0.0,8.8,19.7,70.8,0.0,18.242857142857144,9.692857142857141,6.05,2.33,7.459997222222222,8.430183333333334,10.0,8.932494841269842,9.099951587301588,9.337595925925926,9.488225,18.3,17.8,18.3,14.9,18.7,17.62857142857143,18.185714285714287,18.94333333333333,20.133333333333333,16.5,47.0,26.814285714285713,22.635714285714283,17.7,10.0,0.4,20.6,17.4,9.93798888888889,4.4,24.3,17.4,10.0,0.1,16.0,16.8,10.0,0.0,8.0,18.4,10.0,0.6,11.6,0,5,14,34.16744186046512,1.66810664641188,-0.6681066464118797,820.0186046511628
2025-12-21,46.355434,2.0,2.0,19.1,17.4,1.7,17.5,9.046191666666667,2025,12,21,51,6,Sunday,1,4,2025-12-01,2421902.0,63.556062696,56.927954304,97.24993866,77.45656085485713,77.91469761085715,12.280444992,-21.413430972,46.407088,46.260039,23.197312,46.157437,33.06680428571428,41.33723257857143,50.73740738666666,46.407088,0.0,7.8,8.8,5.8,0.0,9.242857142857144,10.25,6.286666666666666,2.29,9.819666666666668,9.486602777777778,10.0,9.130992460317461,9.087070634920634,9.394192037037037,9.499382037037037,17.5,18.3,17.5,17.2,19.6,18.0,18.1,18.88,20.066666666666666,18.6,25.6,22.75714285714286,23.021428571428572,18.2,9.849499999999999,1.4,24.7,17.5,10.0,0.1,21.5,17.3,9.667966666666667,0.0,11.2,17.8,10.0,0.0,14.3,18.5,9.765527777777779,0.2,24.8,0,4,15,34.16744186046512,1.66810664641188,-0.6681066464118797,820.0186046511628
2025-12-22,46.413769,2.0,2.0,18.7,17.6,7.3,19.6,8.834952777777778,2025,12,22,52,0,Monday,0,4,2025-12-01,2421902.0,75.836507688,63.556062696,96.649006032,74.39749928742857,77.65205520342856,-1.2375642239999962,-22.050062568,46.355434,46.407088,46.260039,46.294684000000004,33.095089571428566,41.35461865,50.74415155333334,46.407088,0.0,1.7,7.8,2.1,0.0,8.657142857142857,10.37142857142857,6.246666666666667,2.2800000000000002,9.046191666666667,10.0,10.0,9.068076587301586,9.018941468253969,9.362398425925926,9.545394074074073,17.4,17.5,17.4,18.5,19.3,18.02857142857143,17.942857142857143,18.816666666666666,19.973333333333333,17.5,22.2,21.599999999999998,23.407142857142855,17.4,9.93798888888889,4.4,24.3,17.4,10.0,0.1,16.0,17.1,9.468286111111112,0.0,9.5,17.9,8.0,1.6,8.3,16.8,9.424563888888889,26.3,25.2,0,3,16,34.16744186046512,1.66810664641188,-0.6681066464118797,820.0186046511628
2025-12-23,117.9778205,5.0,4.0,19.6,17.7,0.4,20.6,10.0,2025,12,23,52,1,Tuesday,0,4,2025-12-01,2421902.0,74.598943464,75.836507688,98.118613548,71.24749034914285,77.15864446714285,-50.353394363999996,-73.873064448,46.413769,46.355434,46.407088,0.0,33.11210171428571,41.36491743571428,49.976011953333334,46.413769,0.0,7.3,1.7,10.8,0.0,9.4,10.892857142857142,6.076666666666666,2.0833333333333335,8.834952777777778,10.0,10.0,8.90164126984127,8.93572380952381,9.334031111111111,9.5401725,17.6,17.4,17.6,18.6,19.4,17.900000000000002,17.821428571428573,18.763333333333332,19.91,19.6,23.6,21.22857142857143,23.792857142857144,17.5,10.0,0.1,21.5,17.3,9.667966666666667,0.0,11.2,16.8,10.0,0.0,8.0,19.5,9.812566666666665,2.6,15.5,16.4,9.989952777777779,5.3,24.8,0,2,17,34.16744186046512,1.66810664641188,-0.6681066464118797,820.0186046511628
2025-12-24,0.0,0.0,0.0,20.1,18.2,1.4,24.7,9.849499999999999,2025,12,24,52,2,Wednesday,0,4,2025-12-01,2421902.0,24.2455491,74.598943464,76.104249948,60.694195428,72.97209049371428,30.945055428,-20.91364542,117.9778205,46.413769,46.355434,23.15107,49.96607607142857,46.48007104285714,52.37300017,117.9778205,23.15107,0.4,7.3,9.7,4.1,7.914285714285714,10.921428571428573,6.086666666666667,2.2,10.0,8.405513888888889,5.871858333333333,8.901641269841269,8.93572380952381,9.333312407407409,9.414596944444444,17.7,17.6,17.7,18.1,18.8,17.771428571428572,17.7,18.643333333333334,19.84,20.6,30.6,20.800000000000004,24.457142857142856,17.4,10.0,0.1,16.0,17.1,9.468286111111112,0.0,9.5,17.8,10.0,0.0,14.3,18.4,10.0,0.6,11.6,16.2,9.409083333333333,3.2,25.0,0,1,18,34.16744186046512,1.66810664641188,-0.6681066464118797,820.0186046511628
2025-12-25,0.0,0.0,0.0,19.0,17.4,4.4,24.3,9.93798888888889,2025,12,25,52,3,Thursday,0,4,2025-12-01,2421902.0,55.190604528,24.2455491,53.590100796,57.706531796571426,71.97804423,29.249354448,30.84985818,0.0,117.9778205,46.413769,23.197312,46.65878035714285,41.481064249999996,49.281860603333335,117.9778205,0.0,1.4,0.4,19.7,0.0,6.728571428571429,10.72857142857143,6.133333333333334,2.193333333333334,9.849499999999999,8.745166666666666,10.0,9.107925,9.219841071428572,9.32829574074074,9.40888712962963,18.2,17.7,18.2,17.8,17.5,17.785714285714285,17.657142857142855,18.483333333333334,19.746666666666666,24.7,22.2,19.957142857142856,24.957142857142856,17.3,9.667966666666667,0.0,11.2,16.8,10.0,0.0,8.0,17.9,8.0,1.6,8.3,18.5,9.765527777777779,0.2,24.8,16.8,10.0,0.2,18.0,1,0,0,34.16744186046512,1.66810664641188,-0.6681066464118797,820.0186046511628
2025-12-26,46.353982,2.0,2.0,19.4,17.5,0.1,21.5,10.0,2025,12,26,52,4,Friday,0,4,2025-12-01,2421902.0,84.439958976,55.190604528,56.927954304,62.113654393714285,73.18925921571429,-0.731828844000006,26.780175827999997,0.0,0.0,117.9778205,46.260039,43.34487864285713,38.17911025,47.75534236666667,117.9778205,0.0,4.4,1.4,8.8,3.9,4.542857142857143,11.042857142857143,6.28,2.3233333333333333,9.93798888888889,7.459997222222222,9.0,9.278328174603175,9.215411706349206,9.326228703703702,9.426508148148148,17.4,18.2,17.4,18.3,17.9,17.728571428571428,17.65,18.37666666666667,19.636666666666667,24.3,16.5,20.25714285714286,25.7,17.1,9.468286111111112,0.0,9.5,17.8,10.0,0.0,14.3,19.5,9.812566666666665,2.6,15.5,16.8,9.424563888888889,26.3,25.2,16.1,10.0,0.0,11.2,0,6,1,34.16744186046512,1.66810664641188,-0.6681066464118797,820.0186046511628
2025-12-27,46.191317,2.0,2.0,19.7,17.4,0.1,16.0,10.0,2025,12,27,52,5,Saturday,1,4,2025-12-01,2421902.0,83.708130132,84.439958976,63.556062696,65.93939379771429,73.93426267885714,0.8091766080000014,20.961244043999997,46.353982,0.0,0.0,46.407088,43.35829907142857,38.19505003571429,46.78284258666667,117.9778205,0.0,0.1,4.4,7.8,70.8,3.3000000000000003,10.771428571428572,6.036666666666666,4.513333333333334,10.0,9.819666666666668,8.430183333333334,9.641185714285715,9.28684027777778,9.399969351851853,9.474180925925927,17.5,17.4,17.5,17.5,14.9,17.61428571428571,17.62142857142857,18.313333333333336,19.39333333333333,21.5,18.6,20.97142857142857,23.892857142857142,16.8,10.0,0.0,8.0,17.9,8.0,1.6,8.3,18.4,10.0,0.6,11.6,16.4,9.989952777777779,5.3,24.8,16.7,10.0,4.4,15.6,0,5,2,34.16744186046512,1.66810664641188,-0.6681066464118797,820.0186046511628
2025-12-28,46.233866,2.0,2.0,20.2,17.3,0.0,11.2,9.667966666666667,2025,12,28,52,6,Sunday,1,4,2025-12-01,2421902.0,84.51730674,83.708130132,75.836507688,68.93385723257143,73.19520904371429,-8.270260919999998,0.4105381319999992,46.191317,46.353982,0.0,46.355434,43.32747464285713,38.19713946428572,46.005686486666676,117.9778205,0.0,0.1,0.1,1.7,5.8,2.1999999999999997,5.721428571428572,5.956666666666666,4.693333333333333,10.0,9.046191666666667,9.486602777777778,9.666947619047619,9.39897003968254,9.399969351851853,9.508034444444444,17.4,17.5,17.4,17.4,17.2,17.599999999999998,17.8,18.256666666666668,19.290000000000003,16.0,17.5,20.599999999999998,21.678571428571427,17.8,10.0,0.0,14.3,19.5,9.812566666666665,2.6,15.5,18.5,9.765527777777779,0.2,24.8,16.2,9.409083333333333,3.2,25.0,17.2,10.0,0.1,13.9,0,4,3,34.16744186046512,1.66810664641188,-0.6681066464118797,820.0186046511628
2025-12-29,46.265845999999996,2.0,2.0,19.5,17.1,0.0,9.5,9.468286111111112,2025,12,29,1,0,Monday,0,4,2025-12-01,2421902.0,76.24704582,84.51730674,74.598943464,68.99250553714286,71.69500241228572,-6.96724858799999,-5.319146231999994,46.233866,46.191317,46.353982,46.413769,43.31010778571427,38.20259867857143,46.36096965333333,117.9778205,0.0,0.0,0.1,7.3,2.1,1.957142857142857,5.307142857142858,5.953333333333333,4.763333333333334,9.667966666666667,8.834952777777778,10.0,9.755772619047619,9.411924603174603,9.388901574074074,9.501337037037038,17.3,17.4,17.3,17.6,18.5,17.585714285714285,17.807142857142857,18.176666666666666,19.240000000000002,11.2,19.6,19.7,20.65,17.9,8.0,1.6,8.3,18.4,10.0,0.6,11.6,16.8,9.424563888888889,26.3,25.2,16.8,10.0,0.2,18.0,16.3,9.79658888888889,0.0,10.3,0,3,4,34.16744186046512,1.66810664641188,-0.6681066464118797,820.0186046511628
2025-12-30,23.131805,1.0,1.0,20.0,16.8,0.0,8.0,10.0,2025,12,30,1,1,Tuesday,0,4,2025-12-01,2421902.0,69.279797232,76.24704582,24.2455491,68.232627504,69.74005892657142,3.790040435999998,48.824288568,46.265845999999996,46.233866,46.191317,117.9778205,43.28897592857142,38.200538821428566,46.35881142,117.9778205,0.0,0.0,0.0,0.4,10.8,0.9142857142857144,5.1571428571428575,5.9399999999999995,5.02,9.468286111111112,10.0,10.0,9.84624880952381,9.373945039682539,9.371177777777778,9.49439212962963,17.1,17.3,17.1,17.7,18.6,17.514285714285716,17.70714285714286,18.096666666666668,19.14666666666667,9.5,20.6,18.25714285714286,19.74285714285714,19.5,9.812566666666665,2.6,15.5,18.5,9.765527777777779,0.2,24.8,16.4,9.989952777777779,5.3,24.8,16.1,10.0,0.0,11.2,16.5,7.391186111111111,2.2,24.6,0,2,5,34.16744186046512,1.66810664641188,-0.6681066464118797,820.0186046511628
2025-12-31,0.0,0.0,0.0,22.3,17.8,0.0,14.3,10.0,2025,12,31,1,2,Wednesday,0,4,2025-12-01,2421902.0,73.069837668,69.279797232,55.190604528,75.20752587085714,67.95086064942856,17.010558251999996,34.889791392,23.131805,46.265845999999996,46.233866,0.0,29.739545142857136,39.85281060714285,45.59594948666666,46.353982,0.0,0.0,0.0,1.4,9.7,0.8571428571428571,4.385714285714285,5.883333333333334,5.260000000000001,10.0,9.849499999999999,8.405513888888889,9.84624880952381,9.373945039682539,9.371177777777778,9.441242592592593,16.8,17.1,16.8,18.2,18.1,17.385714285714286,17.57857142857143,18.006666666666664,19.063333333333333,8.0,24.7,16.45714285714286,18.62857142857143,18.4,10.0,0.6,11.6,16.8,9.424563888888889,26.3,25.2,16.2,9.409083333333333,3.2,25.0,16.7,10.0,4.4,15.6,16.8,10.0,2.4,23.4,0,1,6,34.16744186046512,1.66810664641188,-0.6681066464118797,820.0186046511628
2026-01-01,23.075375,1.0,1.0,22.9,17.9,1.6,8.3,8.0,2026,1,1,1,3,Thursday,0,1,2026-01-01,2484482.0,90.08039592,73.069837668,84.439958976,80.191781784,68.94915679028571,-5.473841759999999,0.16659518400000195,0.0,23.131805,46.265845999999996,0.0,29.739545142857136,38.19916274999999,43.27349158666666,46.353982,0.0,0.0,0.0,4.4,19.7,0.6571428571428573,3.692857142857143,5.6866666666666665,5.78,10.0,9.93798888888889,8.745166666666666,9.867748809523809,9.487836904761904,9.41857490740741,9.422262685185185,17.8,16.8,17.8,17.4,17.8,17.32857142857143,17.557142857142857,17.966666666666665,18.990000000000002,14.3,24.3,14.971428571428572,17.464285714285715,18.5,9.765527777777779,0.2,24.8,16.4,9.989952777777779,5.3,24.8,16.8,10.0,0.2,18.0,17.2,10.0,0.1,13.9,16.7,8.830522222222223,0.0,13.9,1,0,0,36.45,1.574554791838134,-0.5745547918381344,874.8000000000001
2026-01-02,23.236422,1.0,1.0,23.0,19.5,2.6,15.5,9.812566666666665,2026,1,2,1,4,Friday,0,1,2026-01-01,2484482.0,84.60655416,90.08039592,83.708130132,80.21558109600001,71.16461774485715,-4.521869280000004,-3.6234452519999962,23.075375,0.0,23.131805,46.353982,33.036027285714276,38.19045296428571,41.725701586666666,46.353982,0.0,1.6,0.0,0.1,8.8,0.2571428571428572,2.4,5.739999999999999,6.05,8.0,10.0,7.459997222222222,9.590893253968256,9.434610714285714,9.368057592592594,9.337595925925926,17.9,17.8,17.9,17.5,18.3,17.400000000000002,17.564285714285713,17.926666666666666,18.94333333333333,8.3,21.5,12.685714285714285,16.47142857142857,16.8,9.424563888888889,26.3,25.2,16.2,9.409083333333333,3.2,25.0,16.1,10.0,0.0,11.2,16.3,9.79658888888889,0.0,10.3,17.2,9.314074999999999,7.5,21.8,0,4,1,36.45,1.574554791838134,-0.5745547918381344,874.8000000000001
2026-01-03,0.0,0.0,0.0,20.6,18.4,0.6,11.6,10.0,2026,1,3,1,5,Saturday,1,1,2026-01-01,2484482.0,80.08468488,84.60655416,84.51730674,79.69794606,72.81866992885715,-4.896708443999998,-9.329330303999996,23.236422,23.075375,0.0,46.191317,29.733518714285704,36.54590889285715,39.414763486666665,46.265845999999996,0.0,2.6,1.6,0.1,7.8,0.6142857142857142,1.957142857142857,5.473333333333334,6.286666666666666,9.812566666666665,10.0,9.819666666666668,9.564117063492063,9.602651388888889,9.361809814814816,9.394192037037037,19.5,17.9,19.5,17.4,17.5,17.685714285714287,17.65,17.953333333333333,18.88,15.5,16.0,11.828571428571427,16.400000000000002,16.4,9.989952777777779,5.3,24.8,16.8,10.0,0.2,18.0,16.7,10.0,4.4,15.6,16.5,7.391186111111111,2.2,24.6,17.0,10.0,2.4,33.8,0,3,2,36.45,1.574554791838134,-0.5745547918381344,874.8000000000001
2026-01-04,69.508677,3.0,3.0,20.3,18.5,0.2,24.8,9.765527777777779,2026,1,4,1,6,Sunday,1,1,2026-01-01,2484482.0,75.187976436,80.08468488,76.24704582,78.365184588,73.64952091028572,-15.648047640000001,-16.707117024,0.0,23.236422,23.075375,46.233866,23.13475914285713,33.231116892857145,37.122755786666666,46.265845999999996,0.0,0.6,2.6,0.0,1.7,0.6857142857142858,1.4428571428571428,5.46,6.246666666666667,10.0,9.667966666666667,9.046191666666667,9.564117063492063,9.61553234126984,9.372894537037038,9.362398425925926,18.4,19.5,18.4,17.3,17.4,17.82857142857143,17.714285714285715,17.94333333333333,18.816666666666666,11.6,11.2,11.200000000000001,15.9,16.2,9.409083333333333,3.2,25.0,16.1,10.0,0.0,11.2,17.2,10.0,0.1,13.9,16.8,10.0,2.4,23.4,17.2,5.243094444444444,9.4,40.9,0,2,3,36.45,1.574554791838134,-0.5745547918381344,874.8000000000001
2026-01-05,46.214098,2.0,2.0,18.0,16.8,26.3,25.2,9.424563888888889,2026,1,5,2,0,Monday,0,1,2026-01-01,2484482.0,59.539928796,75.187976436,69.279797232,75.97845358457143,72.48547956085714,-7.086245147999996,-16.826113584000005,69.508677,0.0,23.236422,46.265845999999996,26.45973214285713,34.884919964285714,37.89053968666666,69.508677,0.0,0.2,0.6,0.0,7.3,0.7142857142857144,1.3357142857142856,5.463333333333334,6.076666666666666,9.765527777777779,9.468286111111112,8.834952777777778,9.578054365079366,9.666913492063491,9.386732314814816,9.334031111111111,18.5,18.4,18.5,17.1,17.6,18.0,17.792857142857144,17.953333333333333,18.763333333333332,24.8,9.5,13.142857142857142,16.42142857142857,16.8,10.0,0.2,18.0,16.7,10.0,4.4,15.6,16.3,9.79658888888889,0.0,10.3,16.7,8.830522222222223,0.0,13.9,17.1,9.825883333333334,0.0,26.4,0,1,4,36.45,1.574554791838134,-0.5745547918381344,874.8000000000001
2026-01-06,23.232627,1.0,1.0,17.9,16.4,5.3,24.8,9.989952777777779,2026,1,6,2,1,Tuesday,0,1,2026-01-01,2484482.0,52.453683648,59.539928796,73.069837668,73.57472307257142,70.90367528828571,15.648047639999994,-4.968106380000009,46.214098,69.508677,0.0,23.131805,26.452339571428563,34.87065775,38.65598892,69.508677,0.0,26.3,0.2,0.0,0.4,4.4714285714285715,2.692857142857143,6.340000000000001,6.086666666666667,9.424563888888889,10.0,10.0,9.571808333333333,9.709028571428572,9.367551111111112,9.333312407407409,16.8,18.5,16.8,16.8,17.7,17.957142857142856,17.735714285714284,17.89,18.643333333333334,25.2,8.0,15.385714285714286,16.821428571428573,16.1,10.0,0.0,11.2,17.2,10.0,0.1,13.9,16.5,7.391186111111111,2.2,24.6,17.2,9.314074999999999,7.5,21.8,16.6,10.002308333333332,0.1,18.3,1,0,0,36.45,1.574554791838134,-0.5745547918381344,874.8000000000001
2026-01-07,71.5947744,3.0,2.0,17.4,16.2,3.2,25.0,9.409083333333333,2026,1,7,2,2,Wednesday,0,1,2026-01-01,2484482.0,68.101731288,52.453683648,90.08039592,72.86499358971427,74.0362597302857,-8.008468487999998,-29.987133120000003,23.232627,46.214098,69.508677,0.0,26.466742714285708,28.10314392857143,37.89334218666667,69.508677,0.0,5.3,26.3,0.0,1.4,5.228571428571429,3.042857142857143,6.516666666666667,6.133333333333334,9.989952777777779,10.0,9.849499999999999,9.570373015873017,9.708310912698412,9.367216203703704,9.32829574074074,16.4,16.8,16.4,17.8,18.2,17.9,17.642857142857142,17.783333333333335,18.483333333333334,24.8,14.3,17.785714285714285,17.121428571428574,16.7,10.0,4.4,15.6,16.3,9.79658888888889,0.0,10.3,16.8,10.0,2.4,23.4,17.0,10.0,2.4,33.8,17.3,9.2049,0.4,22.2,0,114,1,36.45,1.574554791838134,-0.5745547918381344,874.8000000000001
2026-01-08,23.21551,1.0,1.0,18.1,16.8,0.2,18.0,10.0,2026,1,8,2,3,Thursday,0,1,2026-01-01,2484482.0,60.0932628,68.101731288,84.60655416,68.58111742971428,74.38644960685714,14.416433243999997,-10.096858116000007,71.5947744,23.232627,46.214098,23.075375,36.69456762857142,33.21705638571429,38.73751513333333,71.5947744,0.0,3.2,5.3,1.6,4.4,5.685714285714285,3.1714285714285717,6.623333333333334,6.28,9.409083333333333,8.0,9.93798888888889,9.485956349206349,9.676852579365079,9.347518981481482,9.326228703703702,16.2,16.4,16.2,17.9,17.4,17.67142857142857,17.5,17.68,18.37666666666667,25.0,8.3,19.314285714285713,17.142857142857142,17.2,10.0,0.1,13.9,16.5,7.391186111111111,2.2,24.6,16.7,8.830522222222223,0.0,13.9,17.2,5.243094444444444,9.4,40.9,18.7,9.965163888888888,0.2,21.8,0,113,2,36.45,1.574554791838134,-0.5745547918381344,874.8000000000001
2026-01-09,46.15302,2.0,2.0,18.1,16.1,0.0,11.2,10.0,2026,1,9,2,4,Friday,0,1,2026-01-01,2484482.0,74.509696044,60.0932628,80.08468488,67.13870912742857,73.67714511171428,-7.5919805279999935,-13.166969363999996,23.21551,71.5947744,23.232627,23.236422,36.714586914285704,34.8753071,37.96584313333334,71.5947744,0.0,0.2,3.2,2.6,0.1,5.485714285714286,2.871428571428571,6.63,6.036666666666666,10.0,9.812566666666665,10.0,9.771670634920635,9.681281944444445,9.347518981481482,9.399969351851853,16.8,16.2,16.8,19.5,17.5,17.514285714285712,17.45714285714286,17.59333333333333,18.313333333333336,18.0,15.5,20.7,16.692857142857143,16.3,9.79658888888889,0.0,10.3,16.8,10.0,2.4,23.4,17.2,9.314074999999999,7.5,21.8,17.1,9.825883333333334,0.0,26.4,18.4,8.907136111111111,3.6,28.2,0,112,3,36.45,1.574554791838134,-0.5745547918381344,874.8000000000001
2026-01-10,46.317898,2.0,2.0,18.3,16.7,4.4,15.6,10.0,2026,1,10,2,5,Saturday,1,1,2026-01-01,2484482.0,66.917715516,74.509696044,75.187976436,65.257713504,72.477829782,-8.365458168000004,-16.635719088000002,46.15302,23.21551,71.5947744,0.0,39.988386628571426,34.86095267142857,37.171407296666665,71.5947744,0.0,0.0,0.2,0.6,0.1,5.114285714285714,2.8642857142857143,6.493333333333334,5.956666666666666,10.0,10.0,10.0,9.798446825396825,9.681281944444445,9.485123703703703,9.399969351851853,16.1,16.8,16.1,18.4,17.4,17.02857142857143,17.357142857142858,17.503333333333334,18.256666666666668,11.2,11.6,20.085714285714285,15.957142857142857,16.5,7.391186111111111,2.2,24.6,16.7,8.830522222222223,0.0,13.9,17.0,10.0,2.4,33.8,16.6,10.002308333333332,0.1,18.3,17.3,10.0,0.2,25.2,0,111,4,36.45,1.574554791838134,-0.5745547918381344,874.8000000000001
2026-01-11,0.0,0.0,0.0,18.8,17.2,0.1,13.9,10.0,2026,1,11,2,6,Sunday,1,1,2026-01-01,2484482.0,58.552257348,66.917715516,59.539928796,62.88118220571429,70.62318339685714,16.826113583999998,15.838442135999998,46.317898,46.15302,23.21551,69.508677,46.6052292,34.869994171428566,37.17442536333333,71.5947744,23.21551,4.4,0.0,0.2,0.0,5.6571428571428575,3.1714285714285713,6.640000000000001,5.953333333333333,10.0,9.765527777777779,9.667966666666667,9.798446825396825,9.681281944444445,9.485123703703703,9.388901574074074,16.7,16.1,16.7,18.5,17.3,16.785714285714285,17.307142857142857,17.47666666666667,18.176666666666666,15.6,24.8,20.657142857142862,15.928571428571429,16.8,10.0,2.4,23.4,17.2,9.314074999999999,7.5,21.8,17.2,5.243094444444444,9.4,40.9,17.3,9.2049,0.4,22.2,16.1,10.201552777777778,0.0,11.9,0,110,5,36.45,1.574554791838134,-0.5745547918381344,874.8000000000001
2026-01-12,91.528325,4.0,4.0,18.8,16.3,0.0,10.3,9.79658888888889,2026,1,12,3,0,Monday,0,1,2026-01-01,2484482.0,75.378370932,58.552257348,52.453683648,65.14381679657143,70.56113519057143,-20.925545076,1.999142207999995,0.0,46.317898,46.15302,46.214098,36.67541819999999,31.56757517142857,35.636731196666666,71.5947744,0.0,0.1,4.4,26.3,0.0,5.642857142857143,3.1785714285714284,6.513333333333334,5.9399999999999995,10.0,9.424563888888889,9.468286111111112,9.831942857142858,9.70499861111111,9.518457037037036,9.371177777777778,17.2,16.7,17.2,16.8,17.1,16.6,17.3,17.453333333333333,18.096666666666668,13.9,25.2,19.099999999999998,16.12142857142857,16.7,8.830522222222223,0.0,13.9,17.0,10.0,2.4,33.8,17.1,9.825883333333334,0.0,26.4,18.7,9.965163888888888,0.2,21.8,15.4,10.272066666666667,0.0,9.5,0,109,6,36.45,1.574554791838134,-0.5745547918381344,874.8000000000001
2026-01-13,46.414328,2.0,2.0,19.6,16.5,2.2,24.6,7.391186111111111,2026,1,13,3,1,Tuesday,0,1,2026-01-01,2484482.0,54.452825856,75.378370932,68.101731288,65.42940854057142,69.50206580657142,4.985955864000005,-8.662949567999995,91.528325,0.0,46.317898,23.232627,43.148879199999996,34.80060938571428,37.14893986333333,91.528325,0.0,0.0,0.1,5.3,0.0,1.885714285714286,3.1785714285714284,4.153333333333333,5.883333333333334,9.79658888888889,9.989952777777779,10.0,9.885089285714287,9.72844880952381,9.56400388888889,9.371177777777778,16.3,17.2,16.3,16.4,16.8,16.52857142857143,17.242857142857144,17.5,18.006666666666664,10.3,24.8,16.97142857142857,16.178571428571427,17.2,9.314074999999999,7.5,21.8,17.2,5.243094444444444,9.4,40.9,16.6,10.002308333333332,0.1,18.3,18.4,8.907136111111111,3.6,28.2,16.8,10.264211111111113,0.0,8.8,0,108,7,36.45,1.574554791838134,-0.5745547918381344,874.8000000000001
2026-01-14,46.364965,2.0,2.0,18.5,16.8,2.4,23.4,10.0,2026,1,14,3,2,Wednesday,0,1,2026-01-01,2484482.0,59.43878172,54.452825856,60.0932628,64.19184431657143,68.52841895314286,3.361652819999996,2.7071717399999997,46.414328,91.528325,0.0,71.5947744,46.460550771428565,36.463646742857144,37.15750289666667,91.528325,0.0,2.2,0.0,3.2,0.0,1.442857142857143,3.335714285714286,4.033333333333333,5.6866666666666665,7.391186111111111,9.409083333333333,10.0,9.513836904761904,9.54210496031746,9.494156666666667,9.41857490740741,16.5,16.3,16.5,16.2,17.8,16.54285714285714,17.22142857142857,17.476666666666667,17.966666666666665,24.6,25.0,16.942857142857143,17.364285714285714,17.0,10.0,2.4,33.8,17.1,9.825883333333334,0.0,26.4,17.3,9.2049,0.4,22.2,17.3,10.0,0.2,25.2,18.0,10.178425,0.0,13.0,0,107,8,36.45,1.574554791838134,-0.5745547918381344,874.8000000000001
2026-01-15,36.5822015,2.0,2.0,17.7,16.7,0.0,13.9,8.830522222222223,2026,1,15,3,3,Thursday,0,1,2026-01-01,2484482.0,62.80043454,59.43878172,74.509696044,64.57858313657142,66.57985028314286,15.320807099999996,3.611545595999999,46.364965,46.414328,91.528325,23.21551,42.856292285714275,39.77542995714286,37.15984559666666,91.528325,0.0,2.4,2.2,0.2,1.6,1.3285714285714287,3.507142857142857,4.043333333333333,5.739999999999999,10.0,10.0,8.0,9.598253571428572,9.54210496031746,9.494156666666667,9.368057592592594,16.8,16.5,16.8,16.8,17.9,16.62857142857143,17.15,17.42,17.926666666666666,23.4,18.0,16.714285714285715,18.014285714285716,17.2,5.243094444444444,9.4,40.9,16.6,10.002308333333332,0.1,18.3,18.7,9.965163888888888,0.2,21.8,16.1,10.201552777777778,0.0,11.9,18.3,10.326225,0.0,21.3,0,106,9,36.45,1.574554791838134,-0.5745547918381344,874.8000000000001
2026-01-16,48.064244,2.0,2.0,19.5,17.2,7.5,21.8,9.314074999999999,2026,1,16,3,4,Friday,0,1,2026-01-01,2484482.0,78.12124164,62.80043454,66.917715516,65.0945182217143,66.11661367457143,-3.2307566039999926,7.97276952,36.5822015,46.364965,46.414328,46.15302,44.76581964285713,40.74020327857143,38.37925231333333,91.528325,0.0,0.0,2.4,0.0,2.6,1.3000000000000003,3.392857142857143,3.683333333333333,5.473333333333334,8.830522222222223,10.0,9.812566666666665,9.431185317460319,9.601427976190477,9.455174074074074,9.361809814814816,16.7,16.8,16.7,16.1,19.5,16.614285714285714,17.064285714285713,17.35666666666667,17.953333333333333,13.9,11.2,16.12857142857143,18.414285714285715,17.1,9.825883333333334,0.0,26.4,17.3,9.2049,0.4,22.2,18.4,8.907136111111111,3.6,28.2,15.4,10.272066666666667,0.0,9.5,18.3,10.085352777777777,0.3,21.1,0,105,10,36.45,1.574554791838134,-0.5745547918381344,874.8000000000001
2026-01-17,48.340673,2.0,2.0,19.2,17.0,2.4,33.8,10.0,2026,1,17,3,5,Saturday,1,1,2026-01-01,2484482.0,74.890485036,78.12124164,58.552257348,66.233485296,65.74559939999999,-0.5711834880000026,15.7670442,48.064244,36.5822015,46.364965,46.317898,45.03885164285714,42.513619135714286,39.20969144666667,91.528325,0.0,7.5,0.0,4.4,0.6,2.3714285714285714,3.742857142857143,3.61,5.46,9.314074999999999,10.0,10.0,9.33319603174603,9.565821428571429,9.485459444444444,9.372894537037038,17.2,16.7,17.2,16.7,18.4,16.77142857142857,16.9,17.326666666666664,17.94333333333333,21.8,15.6,17.642857142857142,18.864285714285717,16.6,10.002308333333332,0.1,18.3,18.7,9.965163888888888,0.2,21.8,17.3,10.0,0.2,25.2,16.8,10.264211111111113,0.0,8.8,18.5,9.737741666666667,0.7,17.0,0,104,11,36.45,1.574554791838134,-0.5745547918381344,874.8000000000001
2026-01-18,48.392596,2.0,2.0,18.5,17.2,9.4,40.9,5.243094444444444,2026,1,18,3,6,Sunday,1,1,2026-01-01,2484482.0,74.319301548,74.890485036,75.378370932,68.48592018171428,65.68355119371428,-2.992763483999994,-4.051832867999991,48.340673,48.064244,36.5822015,0.0,45.32781949999999,45.96652435,40.04780348,91.528325,0.0,2.4,7.5,0.1,0.2,2.085714285714286,3.871428571428571,3.033333333333333,5.463333333333334,10.0,10.0,9.765527777777779,9.33319603174603,9.565821428571429,9.527287222222222,9.386732314814816,17.0,17.2,17.0,17.2,18.5,16.814285714285713,16.8,17.3,17.953333333333333,33.8,13.9,20.24285714285714,20.45,17.3,9.2049,0.4,22.2,18.4,8.907136111111111,3.6,28.2,16.1,10.201552777777778,0.0,11.9,18.0,10.178425,0.0,13.0,17.5,10.456841666666666,0.0,13.1,0,103,12,36.45,1.574554791838134,-0.5745547918381344,874.8000000000001
2026-01-19,70.62077,3.0,3.0,18.4,17.1,0.0,26.4,9.825883333333334,2026,1,19,4,0,Monday,0,1,2026-01-01,2484482.0,71.326538064,74.319301548,54.452825856,67.90708691485715,66.52545185571428,-22.597446744000003,-5.723734535999995,48.392596,48.340673,48.064244,91.528325,52.24104749999999,44.45823285,40.118888713333334,91.528325,36.5822015,9.4,2.4,0.0,26.3,3.414285714285714,4.528571428571429,3.0533333333333332,6.340000000000001,5.243094444444444,9.79658888888889,9.424563888888889,8.653638095238096,9.242790476190477,9.453390462962965,9.367551111111112,17.2,17.0,17.2,16.3,16.8,16.814285714285713,16.707142857142856,17.263333333333332,17.89,40.9,10.3,24.099999999999998,21.599999999999998,18.7,9.965163888888888,0.2,21.8,17.3,10.0,0.2,25.2,15.4,10.272066666666667,0.0,9.5,18.3,10.326225,0.0,21.3,18.3,8.404811111111112,2.3,27.5,0,102,13,36.45,1.574554791838134,-0.5745547918381344,874.8000000000001
2026-01-20,36.470385,2.0,2.0,17.9,16.6,0.1,18.3,10.002308333333332,2026,1,20,4,1,Tuesday,0,1,2026-01-01,2484482.0,48.72909132,71.326538064,59.43878172,67.08941055257144,66.25940954657143,6.247319399999995,-4.4623710000000045,70.62077,48.392596,48.340673,46.414328,49.254253928571416,46.20156656428571,40.926011446666664,70.62077,36.5822015,0.0,9.4,2.2,5.3,3.414285714285714,2.650000000000001,2.7933333333333334,6.516666666666667,9.825883333333334,7.391186111111111,9.989952777777779,8.657823015873015,9.27145615079365,9.453597685185185,9.367216203703704,17.1,17.2,17.1,16.5,16.4,16.928571428571427,16.72857142857143,17.25,17.783333333333335,26.4,24.6,26.4,21.685714285714287,18.4,8.907136111111111,3.6,28.2,16.1,10.201552777777778,0.0,11.9,16.8,10.264211111111113,0.0,8.8,18.3,10.085352777777777,0.3,21.1,17.8,10.132269444444445,0.4,22.8,0,101,14,36.45,1.574554791838134,-0.5745547918381344,874.8000000000001
2026-01-21,48.268746,2.0,2.0,19.1,17.3,0.4,22.2,9.2049,2026,1,21,4,2,Wednesday,0,1,2026-01-01,2484482.0,54.97641072,48.72909132,62.80043454,66.45192898114286,65.32188664885715,5.003805348,-2.8202184720000005,36.470385,70.62077,48.392596,46.364965,47.83369064285713,47.147120707142854,40.596509813333334,70.62077,36.470385,0.1,0.0,2.4,3.2,3.1142857142857143,2.278571428571429,2.74,6.623333333333334,10.002308333333332,10.0,9.409083333333333,9.030840476190475,9.272338690476191,9.485468240740742,9.347518981481482,16.6,17.1,16.6,16.8,16.2,16.942857142857143,16.742857142857144,17.223333333333333,17.68,18.3,23.4,25.5,21.221428571428568,17.3,10.0,0.2,25.2,15.4,10.272066666666667,0.0,9.5,18.0,10.178425,0.0,13.0,18.5,9.737741666666667,0.7,17.0,17.3,10.585955555555556,0.0,8.7,0,100,15,36.45,1.574554791838134,-0.5745547918381344,874.8000000000001
2026-01-22,49.054293,2.0,2.0,21.1,18.7,0.2,21.8,9.965163888888888,2026,1,22,4,3,Thursday,0,1,2026-01-01,2484482.0,59.980216068,54.97641072,78.12124164,66.049040628,65.31381188228572,17.052207048000007,-1.08881852399999,48.268746,36.470385,70.62077,36.5822015,48.10565935714285,45.480975821428565,40.65834238,70.62077,36.470385,0.4,0.1,0.0,0.2,2.8285714285714283,2.0785714285714287,2.51,6.63,9.2049,8.830522222222223,10.0,8.917254761904761,9.257754166666667,9.497799814814814,9.347518981481482,17.3,16.6,17.3,16.7,16.8,17.014285714285716,16.821428571428573,17.21333333333333,17.59333333333333,22.2,13.9,25.32857142857143,21.021428571428572,16.1,10.201552777777778,0.0,11.9,16.8,10.264211111111113,0.0,8.8,18.3,10.326225,0.0,21.3,17.5,10.456841666666666,0.0,13.1,18.5,10.577552777777779,0.4,12.1,0,99,16,36.45,1.574554791838134,-0.5745547918381344,874.8000000000001
2026-01-23,24.137363,1.0,1.0,20.5,18.4,3.6,28.2,8.907136111111111,2026,1,23,4,4,Friday,0,1,2026-01-01,2484482.0,77.032423116,59.980216068,74.890485036,65.89349512457143,65.49400667314286,4.444521515999995,6.586459595999997,49.054293,48.268746,36.470385,48.064244,49.887386714285704,47.326603178571425,38.36089146333334,70.62077,36.470385,0.2,0.4,7.5,0.0,2.857142857142857,2.0785714285714287,2.503333333333333,6.493333333333334,9.965163888888888,9.314074999999999,10.0,9.079346428571428,9.255265873015873,9.496638611111111,9.485123703703703,18.7,17.3,18.7,17.2,16.1,17.3,16.95714285714286,17.246666666666666,17.503333333333334,21.8,21.8,26.45714285714286,21.29285714285714,15.4,10.272066666666667,0.0,9.5,18.0,10.178425,0.0,13.0,18.3,10.085352777777777,0.3,21.1,18.3,8.404811111111112,2.3,27.5,18.4,10.699597222222224,0.0,27.6,0,98,17,36.45,1.574554791838134,-0.5745547918381344,874.8000000000001
2026-01-24,72.46087,3.0,3.0,18.7,17.3,0.2,25.2,10.0,2026,1,24,4,5,Saturday,1,1,2026-01-01,2484482.0,81.476944632,77.032423116,74.319301548,66.83441792400001,66.53395161,-2.052690659999996,5.104952424000004,24.137363,49.054293,48.268746,48.340673,46.46926085714284,45.754056250000005,39.16547023,70.62077,24.137363,3.6,0.2,2.4,4.4,2.3000000000000003,2.335714285714286,2.5766666666666667,6.640000000000001,8.907136111111111,10.0,10.0,9.021212301587301,9.177204166666666,9.465226481481482,9.485123703703703,18.4,18.7,18.4,17.0,16.7,17.47142857142857,17.121428571428574,17.253333333333334,17.47666666666667,28.2,33.8,27.37142857142857,22.50714285714286,16.8,10.264211111111113,0.0,8.8,18.3,10.326225,0.0,21.3,18.5,9.737741666666667,0.7,17.0,17.8,10.132269444444445,0.4,22.8,16.8,10.712644444444443,0.0,12.2,0,97,18,36.45,1.574554791838134,-0.5745547918381344,874.8000000000001
2026-01-25,48.183156,2.0,2.0,18.4,16.1,0.0,11.9,10.201552777777778,2026,1,25,4,6,Sunday,1,1,2026-01-01,2484482.0,79.424253972,81.476944632,71.326538064,67.56369684171429,68.02480851171428,-3.230756604000007,4.866959303999991,72.46087,24.137363,49.054293,48.392596,49.91500328571427,47.62141139285715,41.58083256333334,72.46087,24.137363,0.2,3.6,9.4,0.1,1.9857142857142858,2.0357142857142856,2.4366666666666665,6.513333333333334,10.0,5.243094444444444,10.0,9.021212301587301,9.177204166666666,9.467293518518519,9.518457037037036,17.3,18.4,17.3,17.2,17.2,17.514285714285712,17.164285714285715,17.25,17.453333333333333,25.2,40.9,26.142857142857142,23.192857142857143,18.0,10.178425,0.0,13.0,18.3,10.085352777777777,0.3,21.1,17.5,10.456841666666666,0.0,13.1,17.3,10.585955555555556,0.0,8.7,17.4,10.400230555555556,0.0,18.5,0,96,19,36.45,1.574554791838134,-0.5745547918381344,874.8000000000001
2026-01-26,48.2805,2.0,2.0,18.6,15.4,0.0,9.5,10.272066666666667,2026,1,26,5,0,Monday,0,1,2026-01-01,2484482.0,76.193497368,79.424253972,48.72909132,68.25897674228571,68.08303182857142,-1.5707545920000001,25.893651455999994,48.183156,72.46087,24.137363,70.62077,49.88508328571428,51.06306539285714,41.64180503,72.46087,24.137363,0.0,0.2,0.0,0.0,0.6428571428571429,2.028571428571429,2.433333333333333,4.153333333333333,10.201552777777778,9.825883333333334,9.79658888888889,9.729563492063491,9.191600793650792,9.474011944444445,9.56400388888889,16.1,17.3,16.1,17.1,16.3,17.357142857142858,17.085714285714285,17.203333333333333,17.5,11.9,26.4,22.0,23.05,18.3,10.326225,0.0,21.3,18.5,9.737741666666667,0.7,17.0,18.3,8.404811111111112,2.3,27.5,18.5,10.577552777777779,0.4,12.1,18.0,10.697094444444446,0.0,16.1,0,95,20,36.45,1.574554791838134,-0.5745547918381344,874.8000000000001
2026-01-27,60.64326199999999,3.0,3.0,20.5,16.8,0.0,8.8,10.264211111111113,2026,1,27,5,1,Tuesday,0,1,2026-01-01,2484482.0,74.622742776,76.193497368,54.97641072,71.95806980742857,69.52374018,-15.189910883999993,4.456421172000006,48.2805,48.183156,72.46087,36.470385,46.69361614285713,47.97393503571429,41.71144446333333,72.46087,24.137363,0.0,0.0,0.1,2.2,0.6428571428571429,2.028571428571429,2.4299999999999997,4.033333333333333,10.272066666666667,10.002308333333332,7.391186111111111,9.793303968253968,9.225563492063491,9.483080833333334,9.494156666666667,15.4,16.1,15.4,16.6,16.5,17.114285714285717,17.02142857142857,17.136666666666667,17.476666666666667,9.5,18.3,19.585714285714285,22.99285714285714,18.3,10.085352777777777,0.3,21.1,17.5,10.456841666666666,0.0,13.1,17.8,10.132269444444445,0.4,22.8,18.4,10.699597222222224,0.0,27.6,18.6,10.232730555555555,0.0,13.5,0,94,21,36.45,1.574554791838134,-0.5745547918381344,874.8000000000001
2026-01-28,48.155908,2.0,2.0,20.7,18.0,0.0,13.0,10.178425,2026,1,28,5,2,Wednesday,0,1,2026-01-01,2484482.0,59.432831892,74.622742776,59.980216068,72.59470140342857,69.52331519228571,-2.5048775880000065,-3.0522617640000007,60.64326199999999,48.2805,48.183156,48.268746,50.14688428571428,48.990287464285714,42.191757663333334,72.46087,24.137363,0.0,0.0,0.4,2.4,0.6285714285714287,1.8714285714285714,2.4299999999999997,4.043333333333333,10.264211111111113,9.2049,10.0,9.830718650793651,9.430779563492065,9.502955648148149,9.494156666666667,16.8,15.4,16.8,17.3,16.8,17.142857142857142,17.04285714285714,17.12,17.42,8.8,22.2,18.22857142857143,21.86428571428571,18.5,9.737741666666667,0.7,17.0,18.3,8.404811111111112,2.3,27.5,17.3,10.585955555555556,0.0,8.7,16.8,10.712644444444443,0.0,12.2,19.0,10.680733333333333,0.0,7.8,0,93,22,36.45,1.574554791838134,-0.5745547918381344,874.8000000000001
2026-01-29,60.536201,3.0,3.0,20.2,18.3,0.0,21.3,10.326225,2026,1,29,5,3,Thursday,0,1,2026-01-01,2484482.0,56.927954304,59.432831892,77.032423116,72.15866400857142,69.10385231828572,-14.154640811999997,-34.259109624000004,48.155908,60.64326199999999,48.2805,49.054293,50.130764571428564,49.118211964285706,42.25475973,72.46087,24.137363,0.0,0.0,0.2,0.0,0.5714285714285714,1.7,2.4299999999999997,3.683333333333333,10.178425,9.965163888888888,8.830522222222223,9.969793650793651,9.443524206349208,9.526626944444445,9.455174074074074,18.0,16.8,18.0,18.7,16.7,17.242857142857144,17.12857142857143,17.15,17.35666666666667,13.0,21.8,16.914285714285715,21.12142857142857,17.5,10.456841666666666,0.0,13.1,17.8,10.132269444444445,0.4,22.8,18.5,10.577552777777779,0.4,12.1,17.4,10.400230555555556,0.0,18.5,18.6,10.109063888888889,0.0,21.3,0,92,23,36.45,1.574554791838134,-0.5745547918381344,874.8000000000001
2026-01-30,48.254604,2.0,2.0,20.5,18.3,0.3,21.1,10.085352777777777,2026,1,30,5,4,Friday,0,1,2026-01-01,2484482.0,42.773313492,56.927954304,81.476944632,67.26450549085715,66.57900030771428,-3.5222981759999996,-42.225929316,60.536201,48.155908,60.64326199999999,24.137363,51.77103714285714,50.82921192857142,43.50157293,72.46087,24.137363,0.0,0.0,3.6,7.5,0.5428571428571429,1.7,2.4299999999999997,3.61,10.326225,8.907136111111111,9.314074999999999,10.02137380952381,9.55036011904762,9.53750111111111,9.485459444444444,18.3,18.0,18.3,18.4,17.2,17.185714285714287,17.242857142857144,17.2,17.326666666666664,21.3,28.2,16.842857142857145,21.650000000000002,18.3,8.404811111111112,2.3,27.5,17.3,10.585955555555556,0.0,8.7,18.4,10.699597222222224,0.0,27.6,18.0,10.697094444444446,0.0,16.1,18.1,9.597144444444444,2.1,28.4,0,91,24,36.45,1.574554791838134,-0.5745547918381344,874.8000000000001
2026-01-31,24.11874,1.0,1.0,20.8,18.5,0.7,17.0,9.737741666666667,2026,1,31,5,5,Saturday,1,1,2026-01-01,2484482.0,39.251015316,42.773313492,79.424253972,61.232229874285714,64.03332389914286,17.349698447999998,-22.823540208000004,48.254604,60.536201,48.155908,72.46087,55.216357285714274,50.842809071428576,45.11005973,72.46087,48.155908,0.3,0.0,0.2,2.4,0.07142857142857142,1.1857142857142857,2.4399999999999995,3.033333333333333,10.085352777777777,10.0,10.0,10.189690476190476,9.60545138888889,9.540346203703704,9.527287222222222,18.3,18.3,18.3,17.3,17.0,17.171428571428574,17.321428571428573,17.216666666666665,17.3,21.1,25.2,15.828571428571431,21.599999999999998,17.8,10.132269444444445,0.4,22.8,18.5,10.577552777777779,0.4,12.1,16.8,10.712644444444443,0.0,12.2,18.6,10.232730555555555,0.0,13.5,17.8,8.819566666666667,0.0,21.6,0,90,25,36.45,1.574554791838134,-0.5745547918381344,874.8000000000001
2026-02-01,24.080396,1.0,1.0,20.3,17.5,0.0,13.1,10.456841666666666,2026,2,1,5,6,Sunday,1,1,2026-02-01,2378687.0,56.600713764,39.251015316,76.193497368,57.971724130285715,62.767710486000006,20.925545076,1.3327614720000014,24.11874,48.254604,60.536201,48.183156,48.3103387142857,49.112671,45.14483856333333,60.64326199999999,24.11874,0.7,0.3,0.0,9.4,0.14285714285714285,1.0642857142857143,2.4099999999999997,3.0533333333333332,9.737741666666667,10.201552777777778,5.243094444444444,10.152225000000001,9.586718650793651,9.598270925925926,9.453390462962965,18.5,18.3,18.5,16.1,17.2,17.342857142857145,17.428571428571427,17.236666666666668,17.263333333333332,17.0,11.9,14.657142857142857,20.400000000000002,17.3,10.585955555555556,0.0,8.7,18.4,10.699597222222224,0.0,27.6,17.4,10.400230555555556,0.0,18.5,19.0,10.680733333333333,0.0,7.8,16.9,10.799472222222223,0.0,19.4,0,89,26,31.82,1.29586091451917,-0.2958609145191704,763.6800000000001
2026-02-02,46.508464000000004,2.0,2.0,21.8,18.3,2.3,27.5,8.404811111111112,2026,2,2,6,0,Monday,0,1,2026-02-01,2378687.0,77.52625884,56.600713764,74.622742776,58.16211862628571,63.210547684285714,-26.072146296,-23.168630231999998,24.080396,24.11874,48.254604,48.2805,44.86708728571428,47.37608528571428,45.17297103,60.64326199999999,24.080396,0.0,0.7,0.0,0.0,0.14285714285714285,0.39285714285714285,2.3233333333333333,2.7933333333333334,10.456841666666666,10.272066666666667,9.825883333333334,10.188694841269841,9.959129166666667,9.61974675925926,9.453597685185185,17.5,18.5,17.5,15.4,17.1,17.542857142857144,17.45,17.17,17.25,13.1,9.5,14.828571428571431,18.414285714285715,18.5,10.577552777777779,0.4,12.1,16.8,10.712644444444443,0.0,12.2,18.0,10.697094444444446,0.0,16.1,18.6,10.109063888888889,0.0,21.3,20.3,10.824147222222223,0.0,19.8,0,88,27,31.82,1.29586091451917,-0.2958609145191704,763.6800000000001
2026-02-03,48.46215,2.0,2.0,20.7,17.8,0.4,22.8,10.132269444444445,2026,2,3,6,1,Tuesday,0,1,2026-02-01,2378687.0,51.454112544,77.52625884,59.432831892,54.85231430742857,63.405192057428565,9.460226520000006,1.4815071720000006,46.508464000000004,24.080396,24.11874,60.64326199999999,44.613939285714274,45.65377771428571,46.72325316333333,60.64326199999999,24.080396,2.3,0.0,0.0,0.1,0.4714285714285714,0.5571428571428572,2.38,2.74,8.404811111111112,10.264211111111113,10.002308333333332,9.921944047619048,9.857624007936508,9.566573796296296,9.485468240740742,18.3,17.5,18.3,16.8,16.6,17.95714285714286,17.535714285714285,17.166666666666668,17.223333333333333,27.5,8.8,17.400000000000002,18.492857142857144,18.4,10.699597222222224,0.0,27.6,17.4,10.400230555555556,0.0,18.5,18.6,10.232730555555555,0.0,13.5,18.1,9.597144444444444,2.1,28.4,18.4,10.610675,0.0,8.9,0,87,28,31.82,1.29586091451917,-0.2958609145191704,763.6800000000001
2026-02-04,24.181092,1.0,1.0,19.5,17.3,0.0,8.7,10.585955555555556,2026,2,4,6,2,Wednesday,0,1,2026-02-01,2378687.0,60.914339064,51.454112544,56.927954304,55.06395818914285,63.82932979628571,6.431764067999993,10.418148828,48.46215,46.508464000000004,24.080396,48.155908,42.87378042857142,46.510332357142865,46.02170226333333,60.536201,24.080396,0.4,2.3,0.0,0.4,0.5285714285714286,0.5785714285714285,2.3866666666666663,2.51,10.132269444444445,10.178425,9.2049,9.903095238095236,9.866906944444443,9.578798518518518,9.497799814814814,17.8,18.3,17.8,18.0,17.3,18.1,17.62142857142857,17.143333333333334,17.21333333333333,22.8,13.0,19.400000000000002,18.814285714285713,16.8,10.712644444444443,0.0,12.2,18.0,10.697094444444446,0.0,16.1,19.0,10.680733333333333,0.0,7.8,17.8,8.819566666666667,0.0,21.6,16.6,10.847797222222223,0.0,10.6,0,86,29,31.82,1.29586091451917,-0.2958609145191704,763.6800000000001
2026-02-05,60.681172,3.0,3.0,21.3,18.5,0.4,12.1,10.577552777777779,2026,2,5,6,3,Thursday,0,1,2026-02-01,2378687.0,67.346103132,60.914339064,42.773313492,56.55226516457143,64.35546458657141,-15.969338351999994,8.603451288000002,24.181092,48.46215,46.508464000000004,60.536201,39.4488067142857,44.78978564285715,45.28726873000001,60.536201,24.080396,0.0,0.4,0.0,0.2,0.5285714285714286,0.55,1.51,2.503333333333333,10.585955555555556,10.326225,9.965163888888888,9.96131388888889,9.965553769841268,9.617511574074074,9.496638611111111,17.3,17.8,17.3,18.3,18.7,18.0,17.62142857142857,17.160000000000004,17.246666666666666,8.7,21.3,18.785714285714285,17.85,17.4,10.400230555555556,0.0,18.5,18.6,10.232730555555555,0.0,13.5,18.6,10.109063888888889,0.0,21.3,16.9,10.799472222222223,0.0,19.4,16.4,10.859472222222221,0.0,11.7,0,85,30,31.82,1.29586091451917,-0.2958609145191704,763.6800000000001
2026-02-06,48.37488,2.0,2.0,20.2,18.4,0.0,27.6,10.699597222222224,2026,2,6,6,4,Friday,0,1,2026-02-01,2378687.0,51.37676478,67.346103132,39.251015316,57.78132963428572,62.52291756257143,-1.8801456480000027,10.245603816,60.681172,24.181092,48.46215,48.254604,39.46951685714284,45.620277,46.53555356333333,60.681172,24.080396,0.4,0.0,0.3,3.6,0.5857142857142856,0.5642857142857143,1.3466666666666667,2.5766666666666667,10.577552777777779,10.085352777777777,8.907136111111111,9.997217857142857,10.009295833333335,9.63709824074074,9.465226481481482,18.5,17.3,18.5,18.3,18.4,18.02857142857143,17.607142857142858,17.230000000000004,17.253333333333334,12.1,21.1,17.47142857142857,17.157142857142855,18.0,10.697094444444446,0.0,16.1,19.0,10.680733333333333,0.0,7.8,18.1,9.597144444444444,2.1,28.4,20.3,10.824147222222223,0.0,19.8,17.1,10.871044444444445,0.0,11.7,0,84,31,31.82,1.29586091451917,-0.2958609145191704,763.6800000000001
2026-02-07,24.124865,1.0,1.0,19.6,16.8,0.0,12.2,10.712644444444443,2026,2,7,6,5,Saturday,1,1,2026-02-01,2378687.0,49.496619132,51.37676478,56.600713764,59.244987322285716,60.238608598285715,21.502678392,14.398583760000001,48.37488,60.681172,24.181092,24.11874,39.48669914285714,47.351528214285715,45.76155708333333,60.681172,24.080396,0.0,0.4,0.7,0.2,0.5428571428571428,0.30714285714285705,1.24,2.4366666666666665,10.699597222222224,9.737741666666667,10.0,10.084967063492064,10.13732876984127,9.68011537037037,9.467293518518519,18.4,18.5,18.4,18.5,17.3,18.042857142857144,17.607142857142858,17.303333333333335,17.25,27.6,17.0,18.400000000000002,17.114285714285717,18.6,10.232730555555555,0.0,13.5,18.6,10.109063888888889,0.0,21.3,17.8,8.819566666666667,0.0,21.6,18.4,10.610675,0.0,8.9,17.3,10.882513888888889,0.0,9.3,0,83,32,31.82,1.29586091451917,-0.2958609145191704,763.6800000000001
2026-02-08,48.347638,2.0,2.0,20.3,17.4,0.0,18.5,10.400230555555556,2026,2,8,6,6,Sunday,1,1,2026-02-01,2378687.0,70.999297524,49.496619132,77.52625884,61.301927859428574,59.63682599485714,-3.2307566039999926,-9.75771791999999,24.124865,48.37488,60.681172,24.080396,39.487574142857135,43.898956428571424,45.791868916666665,60.681172,24.080396,0.0,0.0,0.0,0.0,0.4428571428571428,0.2928571428571428,1.2333333333333334,2.433333333333333,10.712644444444443,10.456841666666666,10.201552777777778,10.22423888888889,10.188231944444444,9.703870185185185,9.474011944444445,16.8,18.4,16.8,17.5,16.1,17.8,17.571428571428573,17.303333333333335,17.203333333333333,12.2,13.1,17.714285714285715,16.185714285714287,19.0,10.680733333333333,0.0,7.8,18.1,9.597144444444444,2.1,28.4,16.9,10.799472222222223,0.0,19.4,16.6,10.847797222222223,0.0,10.6,21.5,10.893883333333335,0.0,20.5,0,82,33,31.82,1.29586091451917,-0.2958609145191704,763.6800000000001
2026-02-09,72.509381,3.0,3.0,20.3,18.0,0.0,16.1,10.697094444444446,2026,2,9,7,0,Monday,0,1,2026-02-01,2378687.0,67.76854092,70.999297524,51.454112544,59.90796815657143,59.03504339142857,-21.603825468000004,-5.289397091999994,48.347638,24.124865,48.37488,46.508464000000004,42.954322999999995,43.91070514285714,45.865022849999995,60.681172,24.124865,0.0,0.0,2.3,0.0,0.4428571428571428,0.2928571428571428,1.2333333333333334,2.4299999999999997,10.400230555555556,8.404811111111112,10.272066666666667,10.216151587301587,10.202423214285714,9.717211203703704,9.483080833333334,17.4,16.8,17.4,18.3,15.4,17.785714285714285,17.664285714285715,17.346666666666668,17.136666666666667,18.5,27.5,18.485714285714288,16.65714285714286,18.6,10.109063888888889,0.0,21.3,17.8,8.819566666666667,0.0,21.6,20.3,10.824147222222223,0.0,19.8,16.4,10.859472222222221,0.0,11.7,23.3,10.90515,0.0,20.1,0,81,34,31.82,1.29586091451917,-0.2958609145191704,763.6800000000001
2026-02-10,60.833896,3.0,3.0,21.1,18.6,0.0,13.5,10.232730555555555,2026,2,10,7,1,Tuesday,0,1,2026-02-01,2378687.0,46.164715452,67.76854092,60.914339064,59.15234000057143,57.002327154,-5.307246576000004,-20.056870188000005,72.509381,48.347638,24.124865,48.46215,46.66873971428571,45.6413395,46.73807228333333,72.509381,24.124865,0.0,0.0,0.4,0.0,0.1142857142857143,0.2928571428571428,1.0866666666666667,2.4299999999999997,10.697094444444446,10.132269444444445,10.264211111111113,10.543620634920634,10.232782341269841,9.740447685185185,9.502955648148149,18.0,17.4,18.0,17.8,16.8,17.74285714285714,17.85,17.39,17.12,16.1,22.8,16.857142857142858,17.12857142857143,18.1,9.597144444444444,2.1,28.4,16.9,10.799472222222223,0.0,19.4,18.4,10.610675,0.0,8.9,17.1,10.871044444444445,0.0,11.7,22.5,10.931191666666667,0.0,16.9,0,80,35,31.82,1.29586091451917,-0.2958609145191704,763.6800000000001
2026-02-11,74.63434219999999,5.0,4.0,21.9,19.0,0.0,7.8,10.680733333333333,2026,2,11,7,2,Wednesday,0,1,2026-02-01,2378687.0,40.857468876,46.164715452,67.346103132,56.28707283085715,55.675515510000004,-18.944252352,-45.432886608,60.833896,72.509381,48.347638,24.181092,48.43613199999999,45.65495621428572,48.76586881666666,72.509381,24.124865,0.0,0.0,0.0,0.0,0.05714285714285715,0.2928571428571428,1.0833333333333333,2.4299999999999997,10.232730555555555,10.585955555555556,10.178425,10.557972222222222,10.23053373015873,9.74820537037037,9.526626944444445,18.6,18.0,18.6,17.3,18.0,17.857142857142858,17.978571428571428,17.436666666666667,17.15,13.5,8.7,15.528571428571428,17.464285714285715,17.8,8.819566666666667,0.0,21.6,20.3,10.824147222222223,0.0,19.8,16.6,10.847797222222223,0.0,10.6,17.3,10.882513888888889,0.0,9.3,18.4,10.933841666666668,1.7,30.1,0,79,36,31.82,1.29586091451917,-0.2958609145191704,763.6800000000001
2026-02-12,24.04287,1.0,1.0,21.7,18.6,0.0,21.3,10.109063888888889,2026,2,12,7,3,Thursday,0,1,2026-02-01,2378687.0,21.913216524,40.857468876,51.37676478,49.796660458285714,53.174462811428576,18.527764392,-10.935783864000001,74.63434219999999,60.833896,72.509381,60.681172,55.64373917142856,47.54627294285714,48.202736056666666,74.63434219999999,24.124865,0.0,0.0,0.4,0.0,0.05714285714285715,0.2928571428571428,1.0833333333333333,2.4299999999999997,10.680733333333333,10.577552777777779,10.326225,10.571511904761905,10.266412896825397,9.77767685185185,9.53750111111111,19.0,18.6,19.0,18.5,18.3,18.1,18.05,17.526666666666667,17.2,7.8,12.1,15.4,17.092857142857145,16.9,10.799472222222223,0.0,19.4,18.4,10.610675,0.0,8.9,16.4,10.859472222222221,0.0,11.7,21.5,10.893883333333335,0.0,20.5,16.3,9.823091666666667,21.5,40.9,0,78,37,31.82,1.29586091451917,-0.2958609145191704,763.6800000000001
2026-02-13,36.533395,2.0,2.0,20.4,18.1,2.1,28.4,9.597144444444444,2026,2,13,7,4,Friday,0,1,2026-02-01,2378687.0,40.440980916,21.913216524,49.496619132,48.23440562057143,53.007867627428574,-0.8270260920000041,-9.882664308000003,24.04287,74.63434219999999,60.833896,48.37488,50.409696028571425,44.93960644285715,47.45702079,74.63434219999999,24.04287,0.0,0.0,0.0,0.3,0.0,0.2928571428571428,1.01,2.4399999999999995,10.109063888888889,10.699597222222224,10.085352777777777,10.504584920634922,10.25090138888889,9.868272777777777,9.540346203703704,18.6,19.0,18.6,18.4,18.3,18.114285714285717,18.071428571428573,17.596666666666668,17.216666666666665,21.3,27.6,16.714285714285715,17.092857142857145,20.3,10.824147222222223,0.0,19.8,16.6,10.847797222222223,0.0,10.6,17.1,10.871044444444445,0.0,11.7,23.3,10.90515,0.0,20.1,18.3,10.949183333333332,21.9,36.0,0,77,38,31.82,1.29586091451917,-0.2958609145191704,763.6800000000001
2026-02-14,24.120932,1.0,1.0,19.9,17.8,0.0,21.6,8.819566666666667,2026,2,14,7,5,Saturday,1,1,2026-02-01,2378687.0,39.613954824,40.440980916,70.999297524,46.82259643371429,53.033791877999995,11.899656,-19.485686700000002,36.533395,24.04287,74.63434219999999,24.124865,48.71805531428571,44.10237722857143,47.12930179,74.63434219999999,24.04287,2.1,0.0,0.0,0.7,0.3,0.42142857142857143,1.0,2.4099999999999997,9.597144444444444,10.712644444444443,9.737741666666667,10.347091666666667,10.216029365079365,9.85484425925926,9.598270925925926,18.1,18.6,18.1,16.8,18.5,18.071428571428573,18.057142857142857,17.64,17.236666666666668,28.4,12.2,16.82857142857143,17.614285714285714,18.4,10.610675,0.0,8.9,16.4,10.859472222222221,0.0,11.7,17.3,10.882513888888889,0.0,9.3,22.5,10.931191666666667,0.0,16.9,17.3,10.208386111111112,19.2,29.1,0,76,39,31.82,1.29586091451917,-0.2958609145191704,763.6800000000001
2026-02-15,24.166898,1.0,1.0,18.8,16.9,0.0,19.4,10.799472222222223,2026,2,15,7,6,Sunday,1,1,2026-02-01,2378687.0,51.513610824,39.613954824,67.76854092,44.038926905142866,52.67042738228571,13.083671772000002,-3.171258324000007,24.120932,36.533395,24.04287,48.347638,48.71749345714285,44.102533799999996,46.713926140000005,74.63434219999999,24.04287,0.0,2.1,0.0,0.0,0.3,0.3714285714285714,1.0,2.3233333333333333,8.819566666666667,10.400230555555556,10.456841666666666,10.076651984126984,10.150445436507937,9.854479074074074,9.61974675925926,17.8,18.1,17.8,17.4,17.5,18.214285714285715,18.00714285714286,17.676666666666666,17.17,21.6,18.5,18.17142857142857,17.942857142857143,16.6,10.847797222222223,0.0,10.6,17.1,10.871044444444445,0.0,11.7,21.5,10.893883333333335,0.0,20.5,18.4,10.933841666666668,1.7,30.1,16.3,10.004811111111112,6.0,24.1,0,75,40,31.82,1.29586091451917,-0.2958609145191704,763.6800000000001
2026-02-16,46.564037,2.0,2.0,25.4,20.3,0.0,19.8,10.824147222222223,2026,2,16,8,0,Monday,0,1,2026-02-01,2378687.0,64.597282596,51.513610824,46.164715452,43.58589000171428,51.74692907914285,-13.440661452,4.991905691999996,24.166898,24.120932,36.533395,72.509381,45.263102028571424,44.10871251428572,45.91734794,74.63434219999999,24.04287,0.0,0.0,0.0,2.3,0.3,0.3714285714285714,0.75,2.38,10.799472222222223,10.697094444444446,8.404811111111112,10.133686507936508,10.174919047619047,9.903992314814815,9.566573796296296,16.9,17.8,16.9,18.0,18.3,18.142857142857142,17.964285714285715,17.666666666666668,17.166666666666668,19.4,16.1,18.3,18.392857142857142,16.4,10.859472222222221,0.0,11.7,17.3,10.882513888888889,0.0,9.3,23.3,10.90515,0.0,20.1,16.3,9.823091666666667,21.5,40.9,16.9,11.01816111111111,6.3,27.9,0,74,41,31.82,1.29586091451917,-0.2958609145191704,763.6800000000001
2026-02-17,24.13103,1.0,1.0,21.2,18.4,0.0,8.9,10.610675,2026,2,17,8,1,Tuesday,0,1,2026-02-01,2378687.0,51.156621144,64.597282596,40.857468876,44.299019386285714,51.725679693428575,3.6769937040000045,13.976145972000005,46.564037,24.166898,24.120932,60.833896,41.556624314285706,44.11268201428572,45.858126739999996,74.63434219999999,24.04287,0.0,0.0,0.0,0.4,0.3,0.20714285714285713,0.67,2.3866666666666663,10.824147222222223,10.232730555555555,10.132269444444445,10.151836904761906,10.34772876984127,9.931463888888889,9.578798518518518,20.3,16.9,20.3,18.6,17.8,18.47142857142857,18.107142857142858,17.776666666666667,17.143333333333334,19.8,13.5,18.82857142857143,17.842857142857145,17.1,10.871044444444445,0.0,11.7,21.5,10.893883333333335,0.0,20.5,22.5,10.931191666666667,0.0,16.9,18.3,10.949183333333332,21.9,36.0,14.9,9.34201388888889,5.3,39.6,0,73,42,31.82,1.29586091451917,-0.2958609145191704,763.6800000000001
2026-02-18,12.438717,1.0,1.0,19.5,16.6,0.0,10.6,10.847797222222223,2026,2,18,8,2,Wednesday,0,1,2026-02-01,2378687.0,54.833614848,51.156621144,21.913216524,46.29561166799999,51.29134224942857,14.803172064000002,47.723570388000006,24.13103,46.564037,24.166898,74.63434219999999,36.31335774285713,42.37474487142857,45.04940787333333,74.63434219999999,24.04287,0.0,0.0,0.0,0.0,0.3,0.17857142857142858,0.35666666666666663,1.51,10.610675,10.680733333333333,10.585955555555556,10.205828968253968,10.381900595238095,10.11038324074074,9.617511574074074,18.4,20.3,18.4,19.0,17.3,18.442857142857143,18.15,17.816666666666666,17.160000000000004,8.9,7.8,18.17142857142857,16.85,17.3,10.882513888888889,0.0,9.3,23.3,10.90515,0.0,20.1,18.4,10.933841666666668,1.7,30.1,17.3,10.208386111111112,19.2,29.1,16.8,11.0,4.7,45.1,0,72,43,31.82,1.29586091451917,-0.2958609145191704,763.6800000000001
2026-02-19,24.250766,1.0,1.0,19.2,16.4,0.0,11.7,10.859472222222221,2026,2,19,8,3,Thursday,0,1,2026-02-01,2378687.0,69.636786912,54.833614848,40.440980916,53.11326458057143,51.45496251942858,1.9396439279999953,31.135449924,12.438717,24.13103,46.564037,24.04287,27.42826842857142,41.5360038,43.11000610666667,46.564037,12.438717,0.0,0.0,0.0,0.4,0.3,0.17857142857142858,0.35666666666666663,1.3466666666666667,10.847797222222223,10.109063888888889,10.577552777777779,10.229695238095237,10.400603571428572,10.144447037037036,9.63709824074074,16.6,18.4,16.6,18.6,18.5,18.1,18.1,17.8,17.230000000000004,10.6,21.3,18.571428571428573,16.985714285714288,21.5,10.893883333333335,0.0,20.5,22.5,10.931191666666667,0.0,16.9,16.3,9.823091666666667,21.5,40.9,16.3,10.004811111111112,6.0,24.1,16.9,11.010675,7.1,18.7,0,71,44,31.82,1.29586091451917,-0.2958609145191704,763.6800000000001
2026-02-20,24.166518,1.0,1.0,19.5,17.1,0.0,11.7,10.871044444444445,2026,2,20,8,4,Friday,0,1,2026-02-01,2378687.0,71.57643084,69.636786912,39.613954824,57.5611859982857,52.89779580942858,3.682943531999996,35.645419548,24.250766,12.438717,24.13103,36.533395,27.45796785714285,38.93383194285714,42.70268547333333,46.564037,12.438717,0.0,0.0,2.1,0.0,0.3,0.14999999999999997,0.3533333333333334,1.24,10.859472222222221,9.597144444444444,10.699597222222224,10.33689642857143,10.420740674603175,10.173019166666668,9.68011537037037,16.4,16.6,16.4,18.1,18.4,17.785714285714285,17.95,17.793333333333337,17.303333333333335,11.7,28.4,17.2,16.95714285714286,23.3,10.90515,0.0,20.1,18.4,10.933841666666668,1.7,30.1,18.3,10.949183333333332,21.9,36.0,16.9,11.01816111111111,6.3,27.9,16.1,10.0,18.7,23.2,0,70,45,31.82,1.29586091451917,-0.2958609145191704,763.6800000000001
2026-02-21,24.09366,1.0,1.0,21.4,17.3,0.0,9.3,10.882513888888889,2026,2,21,8,5,Saturday,1,1,2026-02-01,2378687.0,75.259374372,71.57643084,51.513610824,62.65338879085714,54.737992612285716,3.1355593560000017,26.881322904,24.166518,24.250766,12.438717,24.120932,25.691271142857136,37.20466322857143,41.89927787333333,46.564037,12.438717,0.0,0.0,0.0,0.0,0.0,0.14999999999999997,0.33999999999999997,1.2333333333333334,10.871044444444445,8.819566666666667,10.712644444444443,10.518882142857143,10.432986904761906,10.228557314814816,9.703870185185185,17.1,16.4,17.1,17.8,16.8,17.642857142857142,17.857142857142858,17.78666666666667,17.303333333333335,11.7,21.6,14.814285714285715,15.821428571428571,22.5,10.931191666666667,0.0,16.9,16.3,9.823091666666667,21.5,40.9,17.3,10.208386111111112,19.2,29.1,14.9,9.34201388888889,5.3,39.6,15.3,8.650744444444445,5.6,21.5,0,69,46,31.82,1.29586091451917,-0.2958609145191704,763.6800000000001
2026-02-22,24.193107,1.0,1.0,27.8,21.5,0.0,20.5,10.893883333333335,2026,2,22,8,6,Sunday,1,1,2026-02-01,2378687.0,78.394933728,75.259374372,64.597282596,66.49357777714286,55.26625234114287,7.627679495999999,21.425330627999998,24.09366,24.166518,24.250766,24.166898,25.68737514285714,37.2024343,41.067256773333334,46.564037,12.438717,0.0,0.0,0.0,0.0,0.0,0.14999999999999997,0.3333333333333333,1.2333333333333334,10.882513888888889,10.799472222222223,10.400230555555556,10.813588888888889,10.445120436507935,10.259135648148147,9.717211203703704,17.3,17.1,17.3,16.9,17.4,17.571428571428573,17.892857142857142,17.740000000000002,17.346666666666668,9.3,19.4,13.057142857142855,15.614285714285714,18.4,10.933841666666668,1.7,30.1,18.3,10.949183333333332,21.9,36.0,16.3,10.004811111111112,6.0,24.1,16.8,11.0,4.7,45.1,15.9,10.0,3.4,21.0,0,68,47,31.82,1.29586091451917,-0.2958609145191704,763.6800000000001
2026-02-23,35.005785,2.0,2.0,28.0,23.3,0.0,20.1,10.90515,2026,2,23,9,0,Monday,0,1,2026-02-01,2378687.0,86.022613224,78.394933728,51.156621144,69.55433929542858,56.570114648571426,0.0,34.86599208,24.193107,24.09366,24.166518,46.564037,25.69111928571428,35.47711065714286,41.06911490666667,46.564037,12.438717,0.0,0.0,0.0,0.0,0.0,0.14999999999999997,0.21333333333333332,1.0866666666666667,10.893883333333335,10.824147222222223,10.697094444444446,10.82707619047619,10.48038134920635,10.325360555555557,9.740447685185185,21.5,17.3,21.5,20.3,18.0,18.228571428571428,18.185714285714287,17.84333333333333,17.39,20.5,19.8,13.214285714285714,15.757142857142856,16.3,9.823091666666667,21.5,40.9,17.3,10.208386111111112,19.2,29.1,16.9,11.01816111111111,6.3,27.9,16.9,11.010675,7.1,18.7,15.7,10.008525,10.3,24.1,0,67,48,31.82,1.29586091451917,-0.2958609145191704,763.6800000000001
2026-02-24,24.156646,1.0,1.0,26.9,22.5,0.0,16.9,10.931191666666667,2026,2,24,9,1,Tuesday,0,1,2026-02-01,2378687.0,86.022613224,86.022613224,54.833614848,74.53519530685715,59.41710734657143,-16.338227688000003,14.85077068799999,35.005785,24.193107,24.09366,24.13103,24.03994042857142,32.79828237142858,39.82061207333333,35.005785,12.438717,0.0,0.0,0.0,0.0,0.0,0.14999999999999997,0.20666666666666667,1.0833333333333333,10.90515,10.610675,10.232730555555555,10.838648015873018,10.49524246031746,10.355532222222223,9.74820537037037,23.3,21.5,23.3,18.4,18.6,18.657142857142855,18.564285714285717,18.043333333333337,17.436666666666667,20.1,8.9,13.257142857142856,16.042857142857144,18.3,10.949183333333332,21.9,36.0,16.3,10.004811111111112,6.0,24.1,14.9,9.34201388888889,5.3,39.6,16.1,10.0,18.7,23.2,16.0,8.30466388888889,8.6,25.3,0,66,49,31.82,1.29586091451917,-0.2958609145191704,763.6800000000001
2026-02-25,84.973442,4.0,4.0,20.4,18.4,1.7,30.1,10.933841666666668,2026,2,25,9,2,Wednesday,0,1,2026-02-01,2378687.0,69.684385536,86.022613224,69.636786912,76.65673397657143,61.47617282228571,-24.614438435999993,-24.566839812000005,24.156646,35.005785,24.193107,12.438717,24.04359985714285,30.178478799999997,39.019728406666665,35.005785,12.438717,0.0,0.0,0.0,0.0,0.0,0.14999999999999997,0.20666666666666667,1.0833333333333333,10.931191666666667,10.847797222222223,10.680733333333333,10.884436111111112,10.545132539682541,10.37985351851852,9.77767685185185,22.5,23.3,22.5,16.6,19.0,19.24285714285714,18.842857142857145,18.256666666666668,17.526666666666667,16.9,10.6,14.4,16.285714285714285,17.3,10.208386111111112,19.2,29.1,16.9,11.01816111111111,6.3,27.9,16.8,11.0,4.7,45.1,15.3,8.650744444444445,5.6,21.5,16.1,10.161616666666667,11.2,22.8,0,65,50,31.82,1.29586091451917,-0.2958609145191704,763.6800000000001
2026-02-26,0.0,0.0,0.0,17.9,16.3,21.5,40.9,9.823091666666667,2026,2,26,9,3,Thursday,0,1,2026-02-01,2378687.0,45.0699471,69.684385536,71.57643084,73.147185432,63.130225006285706,26.917021872,0.4105381319999992,84.973442,24.156646,35.005785,24.250766,34.40570342857142,30.916985928571428,40.24282647333334,84.973442,24.09366,1.7,0.0,0.0,0.0,0.24285714285714285,0.2714285714285714,0.26333333333333336,1.01,10.933841666666668,10.859472222222221,10.109063888888889,10.896728174603174,10.563211706349207,10.401912685185184,9.868272777777777,18.4,22.5,18.4,16.4,18.6,19.5,18.8,18.35666666666667,17.596666666666668,30.1,11.7,17.185714285714287,17.87857142857143,16.3,10.004811111111112,6.0,24.1,14.9,9.34201388888889,5.3,39.6,16.9,11.010675,7.1,18.7,15.9,10.0,3.4,21.0,16.4,11.018041666666665,2.6,16.9,0,64,51,31.82,1.29586091451917,-0.2958609145191704,763.6800000000001
2026-02-27,24.046984,1.0,1.0,20.5,18.3,21.9,36.0,10.949183333333332,2026,2,27,9,4,Friday,0,1,2026-02-01,2378687.0,71.986968972,45.0699471,75.259374372,73.20583373657144,65.38350986742857,-1.1066680079999998,-4.3790734079999964,0.0,84.973442,24.156646,24.166518,30.94130828571428,29.199638071428573,38.221384406666665,84.973442,0.0,21.5,1.7,0.0,2.1,3.314285714285714,1.8071428571428572,0.98,1.0,9.823091666666667,10.871044444444445,9.597144444444444,10.74867380952381,10.54278511904762,10.387208703703703,9.85484425925926,16.3,18.4,16.3,17.1,18.1,19.485714285714288,18.635714285714283,18.34,17.64,40.9,11.7,21.357142857142858,19.27857142857143,16.9,11.01816111111111,6.3,27.9,16.8,11.0,4.7,45.1,16.1,10.0,18.7,23.2,15.7,10.008525,10.3,24.1,17.3,11.516661111111112,0.3,11.8,0,63,52,31.82,1.29586091451917,-0.2958609145191704,763.6800000000001
2026-02-28,0.0,0.0,0.0,18.9,17.3,19.2,29.1,10.208386111111112,2026,2,28,9,5,Saturday,1,1,2026-02-01,2378687.0,70.880300964,71.986968972,78.394933728,72.58025182114285,67.616820306,21.443180111999993,13.928547347999995,24.046984,0.0,84.973442,24.09366,30.924231999999993,28.307751571428575,37.41775360666667,84.973442,0.0,21.9,21.5,0.0,0.0,6.442857142857142,3.2214285714285715,1.71,1.0,10.949183333333332,10.882513888888889,8.819566666666667,10.759836507936509,10.639359325396827,10.412900648148147,9.854479074074074,18.3,16.3,18.3,17.3,17.8,19.657142857142855,18.650000000000002,18.350000000000005,17.676666666666666,36.0,9.3,24.82857142857143,19.821428571428573,14.9,9.34201388888889,5.3,39.6,16.9,11.010675,7.1,18.7,15.3,8.650744444444445,5.6,21.5,16.0,8.30466388888889,8.6,25.3,16.9,11.0,2.0,16.6,0,62,53,31.82,1.29586091451917,-0.2958609145191704,763.6800000000001
2026-03-01,24.049066,1.0,1.0,17.7,16.3,6.0,24.1,10.004811111111112,2026,3,1,9,6,Sunday,1,1,2026-03-01,2491999.0,92.323481076,70.880300964,86.022613224,74.57004429942857,70.53181103828571,-1.8503965079999887,4.450471344000007,0.0,24.046984,0.0,24.193107,27.482280571428564,26.58482785714286,35.39988024,84.973442,0.0,19.2,21.9,0.0,0.0,9.185714285714285,4.5928571428571425,2.35,0.75,10.208386111111112,10.893883333333335,10.799472222222223,10.66353253968254,10.738560714285715,10.408972685185185,9.903992314814815,17.3,18.3,17.3,21.5,16.9,19.657142857142855,18.61428571428571,18.316666666666666,17.666666666666668,29.1,20.5,27.657142857142855,20.357142857142858,16.8,11.0,4.7,45.1,16.1,10.0,18.7,23.2,15.9,10.0,3.4,21.0,16.1,10.161616666666667,11.2,22.8,16.8,11.279338888888889,3.1,16.1,0,61,54,37.52,0.9399925629331024,0.0600074370668976,900.48
2026-03-02,36.426071,2.0,2.0,19.6,16.9,6.3,27.9,11.01816111111111,2026,3,2,10,0,Monday,0,1,2026-03-01,2491999.0,90.473084568,92.323481076,86.022613224,75.20582592000001,72.38008260771429,-12.893277276000006,-8.442805931999999,24.049066,0.0,24.046984,35.005785,27.461703285714275,26.576411285714283,34.59302897333334,84.973442,0.0,6.0,19.2,0.0,0.0,10.042857142857143,5.021428571428571,2.54,0.67,10.004811111111112,10.90515,10.824147222222223,10.536522222222223,10.681799206349208,10.406287962962962,9.931463888888889,16.3,17.3,16.3,23.3,20.3,18.914285714285715,18.571428571428573,18.25,17.776666666666667,24.1,20.1,28.17142857142857,20.692857142857147,16.9,11.010675,7.1,18.7,15.3,8.650744444444445,5.6,21.5,15.7,10.008525,10.3,24.1,16.4,11.018041666666665,2.6,16.9,17.4,11.052058333333335,0.0,12.1,0,60,55,37.52,0.9399925629331024,0.0600074370668976,900.48
2026-03-03,24.020469,1.0,1.0,16.8,14.9,5.3,39.6,9.34201388888889,2026,3,3,10,1,Tuesday,0,1,2026-03-01,2491999.0,77.579807292,90.473084568,69.684385536,73.99971078685714,74.26745304685713,-2.1835868759999926,5.711834880000012,36.426071,24.049066,0.0,24.156646,27.664601285714276,25.852270857142855,35.00327334,84.973442,0.0,6.3,6.0,0.0,0.0,10.942857142857141,5.471428571428571,2.7266666666666666,0.35666666666666663,11.01816111111111,10.931191666666667,10.610675,10.552666666666667,10.695657341269841,10.44896861111111,10.11038324074074,16.9,16.3,16.9,22.5,18.4,18.0,18.32857142857143,18.19666666666667,17.816666666666666,27.9,16.9,29.285714285714285,21.271428571428572,16.1,10.0,18.7,23.2,15.9,10.0,3.4,21.0,16.0,8.30466388888889,8.6,25.3,17.3,11.516661111111112,0.3,11.8,17.0,11.332416666666665,17.2,14.0,0,59,56,37.52,0.9399925629331024,0.0600074370668976,900.48
2026-03-04,48.292227,2.0,2.0,18.5,16.8,4.7,45.1,11.0,2026,3,4,10,2,Wednesday,0,1,2026-03-01,2491999.0,75.396220416,77.579807292,45.0699471,74.81568719828572,75.73621058742857,-23.781462516000005,6.5448108000000005,24.020469,36.426071,24.049066,84.973442,27.64514742857142,25.844373642857143,35.001275773333326,84.973442,0.0,5.3,6.3,1.7,0.0,11.7,5.8500000000000005,2.9033333333333333,0.35666666666666663,9.34201388888889,10.933841666666668,10.847797222222223,10.32564126984127,10.60503869047619,10.411807685185185,10.144447037037036,14.9,16.9,14.9,18.4,16.6,16.914285714285715,18.07857142857143,18.110000000000003,17.8,39.6,30.1,32.528571428571425,23.464285714285715,15.3,8.650744444444445,5.6,21.5,15.7,10.008525,10.3,24.1,16.1,10.161616666666667,11.2,22.8,16.9,11.0,2.0,16.6,17.8,11.593625000000001,3.2,11.4,0,58,57,37.52,0.9399925629331024,0.0600074370668976,900.48
2026-03-05,24.272145,1.0,1.0,18.7,16.9,7.1,18.7,11.010675,2026,3,5,10,3,Thursday,0,1,2026-03-01,2491999.0,51.6147579,75.396220416,71.986968972,75.75066016971428,74.44892280085715,-5.063303628,-25.4355147,48.292227,24.020469,36.426071,0.0,22.404973857142846,28.405338642857142,35.06073454,48.292227,0.0,4.7,5.3,21.5,0.0,12.128571428571428,6.185714285714285,2.9833333333333334,0.3533333333333334,11.0,9.823091666666667,10.859472222222221,10.33509246031746,10.615910317460319,10.49831398148148,10.173019166666668,16.8,14.9,16.8,16.3,16.4,16.685714285714287,18.092857142857145,18.06,17.793333333333337,45.1,40.9,34.67142857142857,25.928571428571427,15.9,10.0,3.4,21.0,16.0,8.30466388888889,8.6,25.3,16.4,11.018041666666665,2.6,16.9,16.8,11.279338888888889,3.1,16.1,16.5,7.136297222222222,4.7,8.7,0,57,58,37.52,0.9399925629331024,0.0600074370668976,900.48
2026-03-06,0.0,0.0,0.0,17.1,16.1,18.7,23.2,10.0,2026,3,6,10,4,Friday,0,1,2026-03-01,2491999.0,46.551454272,51.6147579,70.880300964,72.11701521257143,72.66142447457142,17.183103263999996,-7.145743428000003,24.272145,48.292227,24.020469,24.046984,25.872423142857134,28.406865714285715,34.25440104,48.292227,0.0,7.1,4.7,21.9,0.0,10.071428571428571,6.692857142857143,3.206666666666666,0.33999999999999997,11.010675,10.949183333333332,10.871044444444445,10.504747222222223,10.626710515873016,10.527594166666667,10.228557314814816,16.9,16.8,16.9,18.3,17.1,16.771428571428572,18.12857142857143,18.029999999999998,17.78666666666667,18.7,36.0,31.5,26.428571428571427,15.7,10.008525,10.3,24.1,16.1,10.161616666666667,11.2,22.8,17.3,11.516661111111112,0.3,11.8,17.4,11.052058333333335,0.0,12.1,18.8,10.959672222222222,9.3,23.1,0,56,59,37.52,0.9399925629331024,0.0600074370668976,900.48
2026-03-07,24.139326,1.0,1.0,16.9,15.3,5.6,21.5,8.650744444444445,2026,3,7,10,5,Saturday,1,1,2026-03-01,2491999.0,63.734557536,46.551454272,92.323481076,71.09619472285715,71.83822327200001,-6.4615132079999995,-35.050436747999996,0.0,24.272145,48.292227,0.0,22.437139714285703,26.68068585714286,33.44836464,48.292227,0.0,18.7,7.1,19.2,0.0,9.614285714285714,8.028571428571428,3.8299999999999996,0.3333333333333333,10.0,10.208386111111112,10.882513888888889,10.369149603174604,10.564493055555555,10.508062314814817,10.259135648148147,16.1,16.9,16.1,17.3,17.3,16.457142857142856,18.057142857142857,17.99,17.740000000000002,23.2,29.1,29.67142857142857,27.25,16.0,8.30466388888889,8.6,25.3,16.4,11.018041666666665,2.6,16.9,16.9,11.0,2.0,16.6,17.0,11.332416666666665,17.2,14.0,18.7,7.542341666666667,4.7,6.6,0,55,60,37.52,0.9399925629331024,0.0600074370668976,900.48
2026-03-08,24.118414,1.0,1.0,17.5,15.9,3.4,21.0,10.0,2026,3,8,10,6,Sunday,1,1,2026-03-01,2491999.0,57.273044328,63.734557536,90.473084568,66.08898947314286,70.3295168862857,-5.961727656000001,-39.16176789600001,24.139326,0.0,24.272145,24.049066,25.885614857142848,26.683947714285715,32.23030310666666,48.292227,0.0,5.6,18.7,6.0,0.0,7.671428571428571,8.428571428571429,4.003333333333333,0.21333333333333332,8.650744444444445,10.004811111111112,10.893883333333335,10.146629365079365,10.405080952380954,10.44383537037037,10.325360555555557,15.3,16.1,15.3,16.3,21.5,16.17142857142857,17.914285714285715,17.883333333333333,17.84333333333333,21.5,24.1,28.58571428571429,28.121428571428574,16.1,10.161616666666667,11.2,22.8,17.3,11.516661111111112,0.3,11.8,16.8,11.279338888888889,3.1,16.1,17.8,11.593625000000001,3.2,11.4,18.2,10.515936111111111,7.2,10.2,0,54,61,37.52,0.9399925629331024,0.0600074370668976,900.48
2026-03-09,24.028566,1.0,1.0,16.9,15.7,10.3,24.1,10.008525,2026,3,9,11,0,Monday,0,1,2026-03-01,2491999.0,51.311316672,57.273044328,77.579807292,60.49445120228571,67.85013856114286,2.4096803400000013,-23.85881028,24.118414,24.139326,0.0,36.426071,25.895521714285707,26.678612500000003,31.42175424,48.292227,0.0,3.4,5.6,6.3,0.0,7.299999999999999,8.67142857142857,4.116666666666666,0.20666666666666667,10.0,11.01816111111111,10.90515,10.145942063492063,10.341232142857143,10.420515462962962,10.355532222222223,15.9,15.3,15.9,16.9,23.3,16.114285714285714,17.514285714285712,17.8,18.043333333333337,21.0,27.9,28.142857142857142,28.157142857142862,16.4,11.018041666666665,2.6,16.9,16.9,11.0,2.0,16.6,17.4,11.052058333333335,0.0,12.1,16.5,7.136297222222222,4.7,8.7,17.3,11.897641666666667,22.2,9.4,0,53,62,37.52,0.9399925629331024,0.0600074370668976,900.48
2026-03-10,24.007738,1.0,1.0,17.1,16.0,8.6,25.3,8.30466388888889,2026,3,10,11,1,Tuesday,0,1,2026-03-01,2491999.0,53.720997012,51.311316672,75.396220416,57.08604973371428,65.54288026028571,11.251124747999995,-10.424098656000012,24.028566,24.118414,24.139326,24.020469,24.124449571428563,25.894525428571427,31.418544273333335,48.292227,0.0,10.3,3.4,5.3,0.0,7.871428571428572,9.407142857142857,4.46,0.20666666666666667,10.008525,9.34201388888889,10.931191666666667,10.001708333333335,10.2771875,10.397044814814816,10.37985351851852,15.7,15.9,15.7,14.9,22.5,15.942857142857145,16.97142857142857,17.763333333333332,18.256666666666668,24.1,39.6,27.6,28.442857142857143,17.3,11.516661111111112,0.3,11.8,16.8,11.279338888888889,3.1,16.1,17.0,11.332416666666665,17.2,14.0,18.8,10.959672222222222,9.3,23.1,16.8,3.5754805555555556,20.5,29.0,0,52,63,37.52,0.9399925629331024,0.0600074370668976,900.48
2026-03-11,58.868483999999995,3.0,3.0,17.5,16.1,11.2,22.8,10.161616666666667,2026,3,11,11,2,Wednesday,0,1,2026-03-01,2491999.0,64.97212176,53.720997012,51.6147579,55.59689278285714,65.20628999057143,-22.811640551999993,-9.454276692,24.007738,24.028566,24.118414,48.292227,24.12263085714285,25.883889142857146,30.607214273333337,48.292227,0.0,8.6,10.3,4.7,1.7,8.342857142857143,10.021428571428572,4.746666666666667,0.26333333333333336,8.30466388888889,11.0,10.933841666666668,9.853515476190477,10.089578373015872,10.327192592592592,10.401912685185184,16.0,15.7,16.0,16.8,18.4,16.1,16.50714285714286,17.716666666666665,18.35666666666667,25.3,45.1,25.557142857142857,29.042857142857144,16.9,11.0,2.0,16.6,17.4,11.052058333333335,0.0,12.1,17.8,11.593625000000001,3.2,11.4,18.7,7.542341666666667,4.7,6.6,17.8,11.934925000000002,5.5,17.2,0,51,64,37.52,0.9399925629331024,0.0600074370668976,900.48
2026-03-12,24.246729,1.0,1.0,18.5,16.4,2.6,16.9,11.018041666666665,2026,3,12,11,3,Thursday,0,1,2026-03-01,2491999.0,42.160481208,64.97212176,46.551454272,54.246281826857135,64.99847099828571,11.149977671999999,6.759004607999998,58.868483999999995,24.007738,24.028566,24.272145,25.633524714285706,24.019249285714288,30.152517706666668,58.868483999999995,0.0,11.2,8.6,7.1,21.5,9.271428571428572,10.700000000000001,5.12,0.98,10.161616666666667,11.010675,9.823091666666667,9.73374642857143,10.034419444444444,10.309343333333334,10.387208703703703,16.1,16.0,16.1,16.9,16.3,16.0,16.342857142857145,17.653333333333332,18.34,22.8,18.7,22.37142857142857,28.521428571428572,16.8,11.279338888888889,3.1,16.1,17.0,11.332416666666665,17.2,14.0,16.5,7.136297222222222,4.7,8.7,18.2,10.515936111111111,7.2,10.2,17.6,11.050294444444443,4.7,26.9,0,50,65,37.52,0.9399925629331024,0.0600074370668976,900.48
2026-03-13,24.279066,1.0,1.0,19.9,17.3,0.3,11.8,11.516661111111112,2026,3,13,11,4,Friday,0,1,2026-03-01,2491999.0,53.31045888,42.160481208,63.734557536,55.21185391371428,63.664434563142855,10.965533004000008,0.5414343480000099,24.246729,58.868483999999995,24.007738,0.0,25.62989385714285,25.7511585,28.932945473333334,58.868483999999995,0.0,2.6,11.2,18.7,21.9,8.628571428571428,9.35,5.206666666666666,1.71,11.018041666666665,10.0,10.949183333333332,9.73479880952381,10.119773015873017,10.33552037037037,10.412900648148147,16.4,16.1,16.4,16.1,18.3,15.928571428571429,16.349999999999998,17.58,18.350000000000005,16.9,23.2,22.114285714285717,26.807142857142857,17.4,11.052058333333335,0.0,12.1,17.8,11.593625000000001,3.2,11.4,18.8,10.959672222222222,9.3,23.1,17.3,11.897641666666667,22.2,9.4,17.3,11.972705555555555,0.5,23.1,0,49,66,37.52,0.9399925629331024,0.0600074370668976,900.48
2026-03-14,24.05681,1.0,1.0,18.4,16.9,2.0,16.6,11.0,2026,3,14,11,5,Saturday,1,1,2026-03-01,2491999.0,64.275991884,53.31045888,57.273044328,55.28920167771429,63.19269820028571,10.311051923999997,17.313999480000007,24.279066,24.246729,58.868483999999995,24.139326,29.09833185714285,25.767735785714283,27.25443626666667,58.868483999999995,24.007738,0.3,2.6,5.6,19.2,6.0,7.807142857142857,5.216666666666667,2.35,11.516661111111112,8.650744444444445,10.208386111111112,9.951464682539681,10.16030714285714,10.36338462962963,10.408972685185185,17.3,16.4,17.3,15.3,17.3,16.1,16.27857142857143,17.523333333333333,18.316666666666666,11.8,21.5,20.485714285714288,25.07857142857143,17.0,11.332416666666665,17.2,14.0,16.5,7.136297222222222,4.7,8.7,18.7,7.542341666666667,4.7,6.6,16.8,3.5754805555555556,20.5,29.0,17.7,11.991725,0.1,17.6,0,48,67,37.52,0.9399925629331024,0.0600074370668976,900.48
2026-03-15,24.204633,1.0,1.0,18.2,16.8,3.1,16.1,11.279338888888889,2026,3,15,11,6,Sunday,1,1,2026-03-01,2491999.0,74.587043808,64.275991884,51.311316672,57.76263017485714,61.925809824,11.090479391999992,34.366206528,24.05681,24.279066,24.246729,24.118414,29.08654385714285,27.486079357142852,27.25490093333333,58.868483999999995,24.007738,2.0,0.3,3.4,6.0,5.485714285714286,6.578571428571428,5.283333333333333,2.54,11.0,10.0,10.004811111111112,10.287072619047619,10.21685099206349,10.3930825,10.406287962962962,16.9,17.3,16.9,15.9,16.3,16.32857142857143,16.25,17.466666666666665,18.25,16.6,21.0,19.785714285714285,24.185714285714287,17.8,11.593625000000001,3.2,11.4,18.8,10.959672222222222,9.3,23.1,18.2,10.515936111111111,7.2,10.2,17.8,11.934925000000002,5.5,17.2,17.8,12.0,0.5,16.7,0,47,68,37.52,0.9399925629331024,0.0600074370668976,900.48
2026-03-16,84.673187,4.0,4.0,19.7,17.4,0.0,12.1,11.052058333333335,2026,3,16,12,0,Monday,0,1,2026-03-01,2491999.0,85.6775232,74.587043808,53.720997012,62.67208825028571,61.58326972628572,-47.80686797999999,-15.850341791999995,24.204633,24.05681,24.279066,24.028566,29.09886085714285,27.497191285714283,26.8439422,58.868483999999995,24.007738,3.1,2.0,10.3,6.3,5.442857142857143,6.371428571428572,5.316666666666666,2.7266666666666666,11.279338888888889,10.008525,11.01816111111111,10.469835317460317,10.30788869047619,10.449155648148148,10.44896861111111,16.8,16.9,16.8,15.7,16.9,16.45714285714286,16.285714285714285,17.423333333333332,18.19666666666667,16.1,24.1,19.085714285714285,23.61428571428571,16.5,7.136297222222222,4.7,8.7,18.7,7.542341666666667,4.7,6.6,17.3,11.897641666666667,22.2,9.4,17.6,11.050294444444443,4.7,26.9,17.3,12.0,0.5,18.5,0,46,69,37.52,0.9399925629331024,0.0600074370668976,900.48
2026-03-17,44.29477825,2.0,2.0,20.1,17.0,17.2,14.0,11.332416666666665,2026,3,17,12,1,Tuesday,0,1,2026-03-01,2491999.0,37.87065522,85.6775232,64.97212176,60.40775370857143,58.74690172114286,-10.935783864000005,-38.03725040399999,84.673187,24.204633,24.05681,24.007738,37.76237814285713,30.943413857142854,28.8623507,84.673187,24.007738,0.0,3.1,8.6,5.3,3.971428571428571,5.921428571428572,5.316666666666666,2.9033333333333333,11.052058333333335,8.30466388888889,9.34201388888889,10.618911507936508,10.310309920634921,10.523572037037038,10.411807685185185,17.4,16.8,17.4,16.0,14.9,16.7,16.321428571428573,17.410000000000004,18.110000000000003,12.1,25.3,17.371428571428574,22.485714285714288,18.8,10.959672222222222,9.3,23.1,18.2,10.515936111111111,7.2,10.2,16.8,3.5754805555555556,20.5,29.0,17.3,11.972705555555555,0.5,23.1,19.1,12.0,0.0,24.6,0,45,70,37.52,0.9399925629331024,0.0600074370668976,900.48
2026-03-18,48.145769,2.0,2.0,20.9,17.8,3.2,11.4,11.593625000000001,2026,3,18,12,2,Wednesday,0,1,2026-03-01,2491999.0,26.934871356,37.87065522,42.160481208,54.97386079371428,55.28537678828571,-13.910697864,-29.136307716,44.29477825,84.673187,24.204633,58.868483999999995,40.66052674999999,32.39157880357143,29.533280041666668,84.673187,24.05681,17.2,0.0,11.2,4.7,5.2,6.7714285714285705,5.89,2.9833333333333334,11.332416666666665,10.161616666666667,11.0,11.051447619047618,10.452481547619048,10.54133685185185,10.49831398148148,17.0,17.4,17.0,16.1,16.8,16.842857142857145,16.47142857142857,17.413333333333334,18.06,14.0,22.8,15.757142857142856,20.657142857142862,18.7,7.542341666666667,4.7,6.6,17.3,11.897641666666667,22.2,9.4,17.8,11.934925000000002,5.5,17.2,17.7,11.991725,0.1,17.6,18.9,12.0,0.0,12.4,0,44,71,37.52,0.9399925629331024,0.0600074370668976,900.48
2026-03-19,10.13693622,1.0,1.0,18.7,16.5,4.7,8.7,7.136297222222222,2026,3,19,12,3,Thursday,0,1,2026-03-01,2491999.0,13.024173492,26.934871356,53.31045888,50.81153112,52.52890647342857,23.930208216,-16.356077172,48.145769,44.29477825,84.673187,24.246729,39.128710321428564,32.38111751785714,29.586004441666667,84.673187,24.05681,3.2,17.2,2.6,7.1,4.057142857142858,6.664285714285714,5.996666666666667,3.206666666666666,11.593625000000001,11.018041666666665,11.010675,11.256020238095237,10.494883333333334,10.566986111111111,10.527594166666667,17.8,17.0,17.8,16.4,16.9,17.085714285714285,16.54285714285714,17.33,18.029999999999998,11.4,16.9,14.12857142857143,18.25,18.2,10.515936111111111,7.2,10.2,16.8,3.5754805555555556,20.5,29.0,17.6,11.050294444444443,4.7,26.9,17.8,12.0,0.5,16.7,18.4,12.0,0.0,6.8,0,43,72,37.52,0.9399925629331024,0.0600074370668976,900.48
2026-03-20,24.251367,1.0,1.0,21.7,18.8,9.3,23.1,10.959672222222222,2026,3,20,12,4,Friday,0,1,2026-03-01,2491999.0,36.954381708,13.024173492,64.275991884,48.474948666857145,51.84340129028572,10.906034724000001,-16.415575452000006,10.13693622,48.145769,44.29477825,24.279066,37.11302563857142,31.37145974785714,29.119534649,84.673187,10.13693622,4.7,3.2,0.3,18.7,4.357142857142857,6.492857142857142,6.153333333333333,3.8299999999999996,7.136297222222222,11.516661111111112,10.0,10.70148531746032,10.218142063492065,10.451173518518518,10.508062314814817,16.5,17.8,16.5,17.3,16.1,17.1,16.514285714285712,17.266666666666666,17.99,8.7,11.8,12.957142857142856,17.535714285714285,17.3,11.897641666666667,22.2,9.4,17.8,11.934925000000002,5.5,17.2,17.3,11.972705555555555,0.5,23.1,17.3,12.0,0.5,18.5,18.1,11.713438888888888,0.0,8.0,0,42,73,37.52,0.9399925629331024,0.0600074370668976,900.48
2026-03-21,24.091895,1.0,1.0,21.9,18.7,4.7,6.6,7.542341666666667,2026,3,21,12,5,Saturday,1,1,2026-03-01,2491999.0,47.860416432,36.954381708,74.587043808,46.12986645942857,50.70953406857143,3.2188569479999956,-23.507770428000008,24.251367,10.13693622,48.145769,24.05681,37.10906863857142,33.10370024785714,29.513289649,84.673187,10.13693622,9.3,4.7,2.0,5.6,5.642857142857143,5.82142857142857,6.463333333333334,4.003333333333333,10.959672222222222,11.0,8.650744444444445,10.621915476190477,10.286690079365078,10.454902685185186,10.44383537037037,18.8,16.5,18.8,16.9,15.3,17.314285714285713,16.707142857142856,17.339999999999996,17.883333333333333,23.1,16.6,14.571428571428571,17.52857142857143,16.8,3.5754805555555556,20.5,29.0,17.6,11.050294444444443,4.7,26.9,17.7,11.991725,0.1,17.6,19.1,12.0,0.0,24.6,19.1,12.0,0.1,15.6,0,41,74,37.52,0.9399925629331024,0.0600074370668976,900.48
2026-03-22,24.060805,1.0,1.0,20.5,18.2,7.2,10.2,10.515936111111111,2026,3,22,12,6,Sunday,1,1,2026-03-01,2491999.0,51.07927338,47.860416432,85.6775232,42.771613541142855,50.267121858,0.3569896800000052,-34.241260139999994,24.091895,24.251367,10.13693622,24.204633,37.11408078142857,33.10031231928571,29.507993949000003,84.673187,10.13693622,4.7,9.3,3.1,3.4,6.028571428571429,5.757142857142857,6.62,4.116666666666666,7.542341666666667,11.279338888888889,10.0,10.127964285714285,10.207518452380953,10.344331666666667,10.420515462962962,18.7,18.8,18.7,16.8,15.9,17.571428571428573,16.95,17.416666666666668,17.8,6.6,16.1,13.142857142857142,16.464285714285715,17.8,11.934925000000002,5.5,17.2,17.3,11.972705555555555,0.5,23.1,17.8,12.0,0.5,16.7,18.9,12.0,0.0,12.4,19.4,12.0,0.8,15.2,0,40,75,37.52,0.9399925629331024,0.0600074370668976,900.48
2026-03-23,46.492369,2.0,2.0,20.1,17.3,22.2,9.4,11.897641666666667,2026,3,23,13,0,Monday,0,1,2026-03-01,2491999.0,51.43626306,51.07927338,37.87065522,37.88000494971429,50.27604660000001,-4.355274096000002,9.210333743999996,24.060805,24.091895,24.251367,84.673187,37.0935339242857,33.09619739071429,29.504470182333332,84.673187,10.13693622,7.2,4.7,0.0,10.3,6.614285714285714,6.028571428571429,6.86,4.46,10.515936111111111,11.052058333333335,10.008525,10.018906746031746,10.24437103174603,10.332494722222224,10.397044814814816,18.2,18.7,18.2,17.4,15.7,17.771428571428572,17.114285714285714,17.453333333333333,17.763333333333332,10.2,12.1,12.299999999999999,15.692857142857145,17.6,11.050294444444443,4.7,26.9,17.7,11.991725,0.1,17.6,17.3,12.0,0.5,18.5,18.4,12.0,0.0,6.8,19.0,12.0,0.0,22.5,0,39,76,37.52,0.9399925629331024,0.0600074370668976,900.48
2026-03-24,0.0,0.0,0.0,19.5,16.8,20.5,29.0,3.5754805555555556,2026,3,24,13,1,Tuesday,0,1,2026-03-01,2491999.0,47.080988964,51.43626306,26.934871356,39.195766913142855,49.80176031085715,24.340746347999996,44.48686395599999,46.492369,24.060805,24.091895,44.29477825,31.639131352857135,34.70075474785715,30.251093815666664,48.145769,10.13693622,22.2,7.2,17.2,8.6,9.785714285714286,6.878571428571428,7.6,4.746666666666667,11.897641666666667,11.332416666666665,8.30466388888889,10.139704365079366,10.379307936507937,10.366332314814816,10.327192592592592,17.3,18.2,17.3,17.0,16.0,17.757142857142856,17.228571428571428,17.453333333333333,17.716666666666665,9.4,14.0,11.914285714285715,14.642857142857142,17.3,11.972705555555555,0.5,23.1,17.8,12.0,0.5,16.7,19.1,12.0,0.0,24.6,18.1,11.713438888888888,0.0,8.0,17.7,11.0,10.4,25.1,0,38,77,37.52,0.9399925629331024,0.0600074370668976,900.48
2026-03-25,9.9608466,1.0,1.0,20.5,17.8,5.5,17.2,11.934925000000002,2026,3,25,13,2,Wednesday,0,1,2026-03-01,2491999.0,71.421735312,47.080988964,13.024173492,45.55103319257143,50.26244699314286,9.894563964,68.29212578399999,0.0,46.492369,24.060805,48.145769,25.31130588857142,32.985916319285714,29.444656915666666,48.145769,0.0,20.5,22.2,3.2,11.2,10.257142857142858,7.728571428571429,8.283333333333333,5.12,3.5754805555555556,11.593625000000001,10.161616666666667,9.031570634920635,10.041509126984128,10.122385555555555,10.309343333333334,16.8,17.3,16.8,17.8,16.1,17.72857142857143,17.285714285714285,17.296666666666667,17.653333333333332,29.0,11.4,14.057142857142859,14.907142857142857,17.7,11.991725,0.1,17.6,17.3,12.0,0.5,18.5,18.9,12.0,0.0,12.4,19.1,12.0,0.1,15.6,16.2,9.872727777777778,2.9,30.2,0,37,78,37.52,0.9399925629331024,0.0600074370668976,900.48
2026-03-26,24.227879,1.0,1.0,18.7,17.6,4.7,26.9,11.050294444444443,2026,3,26,13,3,Thursday,0,1,2026-03-01,2491999.0,81.316299276,71.421735312,36.954381708,55.307051161714284,53.05929114085715,-4.575417731999991,39.786499836000004,9.9608466,0.0,46.492369,10.13693622,19.856316974285708,29.492513647857145,28.609825635666667,46.492369,0.0,5.5,20.5,4.7,2.6,10.585714285714285,7.321428571428571,8.466666666666667,5.206666666666666,11.934925000000002,7.136297222222222,11.018041666666665,9.080327777777779,10.168174007936509,10.156711388888889,10.33552037037037,17.8,16.8,17.8,16.5,16.4,17.728571428571428,17.407142857142855,17.113333333333333,17.58,17.2,8.7,14.885714285714284,14.507142857142856,17.8,12.0,0.5,16.7,19.1,12.0,0.0,24.6,18.4,12.0,0.0,6.8,19.4,12.0,0.8,15.2,16.9,12.0,3.7,32.6,0,36,79,37.52,0.9399925629331024,0.0600074370668976,900.48
2026-03-27,36.482337,2.0,2.0,19.3,17.3,0.5,23.1,11.972705555555555,2026,3,27,13,4,Friday,0,1,2026-03-01,2491999.0,76.740881544,81.316299276,47.860416432,60.99083685257143,54.73289275971428,-19.045399428000003,9.835065684,24.227879,9.9608466,0.0,24.251367,21.869308799999995,29.491167219285717,28.612200068999996,46.492369,0.0,4.7,5.5,9.3,0.3,10.585714285714285,7.471428571428572,8.623333333333333,5.216666666666667,11.050294444444443,10.959672222222222,11.516661111111112,9.639470238095239,10.170477777777778,10.16068148148148,10.36338462962963,17.6,17.8,17.6,18.8,17.3,17.885714285714286,17.492857142857144,16.95,17.523333333333333,26.9,23.1,17.485714285714288,15.221428571428573,17.3,12.0,0.5,18.5,18.9,12.0,0.0,12.4,18.1,11.713438888888888,0.0,8.0,19.0,12.0,0.0,22.5,17.1,12.0,1.5,33.2,0,35,80,37.52,0.9399925629331024,0.0600074370668976,900.48
2026-03-28,0.0,0.0,0.0,19.2,17.7,0.1,17.6,11.991725,2026,3,28,13,5,Saturday,1,1,2026-03-01,2491999.0,57.695482116,76.740881544,51.07927338,62.395846236000004,54.26285634771428,17.682888815999995,24.299097552,36.482337,24.227879,9.9608466,24.091895,23.61659022857142,30.362829433571427,26.995829902333334,46.492369,0.0,0.5,4.7,4.7,2.0,9.328571428571427,7.485714285714287,8.583333333333334,5.283333333333333,11.972705555555555,7.542341666666667,11.0,9.784189285714286,10.203052380952382,10.19531027777778,10.3930825,17.3,17.6,17.3,18.7,16.9,17.67142857142857,17.492857142857144,16.913333333333334,17.466666666666665,23.1,6.6,17.485714285714288,16.02857142857143,19.1,12.0,0.0,24.6,18.4,12.0,0.0,6.8,19.1,12.0,0.1,15.6,17.7,11.0,10.4,25.1,17.7,9.71706388888889,3.3,32.0,0,34,81,37.52,0.9399925629331024,0.0600074370668976,900.48
2026-03-29,0.0,0.0,0.0,19.4,17.8,0.5,16.7,12.0,2026,3,29,13,6,Sunday,1,1,2026-03-01,2491999.0,75.378370932,57.695482116,51.43626306,65.86714588628571,54.319379713714284,17.12955481200001,41.071662684,0.0,36.482337,24.227879,24.060805,20.174890942857132,28.644485862142858,26.995829902333334,46.492369,0.0,0.1,0.5,7.2,3.1,8.671428571428573,7.3500000000000005,7.87,5.316666666666666,11.991725,10.515936111111111,11.279338888888889,10.419815476190477,10.273889880952382,10.267598055555556,10.449155648148148,17.7,17.3,17.7,18.2,16.8,17.52857142857143,17.55,16.96,17.423333333333332,17.6,10.2,19.057142857142857,16.1,18.9,12.0,0.0,12.4,18.1,11.713438888888888,0.0,8.0,19.4,12.0,0.8,15.2,16.2,9.872727777777778,2.9,30.2,16.7,12.0,10.8,27.2,0,33,82,37.52,0.9399925629331024,0.0600074370668976,900.48
2026-03-30,60.61659,3.0,3.0,19.3,17.3,0.5,18.5,12.0,2026,3,30,14,0,Monday,0,1,2026-03-01,2491999.0,92.507925744,75.378370932,47.080988964,71.73452626971428,54.807265609714285,-40.93481664000001,4.492120139999997,0.0,0.0,36.482337,46.492369,16.737633085714275,26.915583505,26.194263769,46.492369,0.0,0.5,0.1,22.2,0.0,7.714285714285714,7.164285714285714,7.156666666666666,5.316666666666666,12.0,11.897641666666667,11.052058333333335,10.631824603174604,10.325365674603175,10.302625277777777,10.523572037037038,17.8,17.7,17.8,17.3,17.4,17.47142857142857,17.62142857142857,16.943333333333335,17.410000000000004,16.7,9.4,19.985714285714288,16.142857142857142,18.4,12.0,0.0,6.8,19.1,12.0,0.1,15.6,19.0,12.0,0.0,22.5,16.9,12.0,3.7,32.6,17.0,11.394330555555555,1.3,22.8,0,32,83,37.52,0.9399925629331024,0.0600074370668976,900.48
2026-03-31,0.0,0.0,0.0,22.9,19.1,0.0,24.6,12.0,2026,3,31,14,1,Tuesday,0,1,2026-03-01,2491999.0,51.573109104,92.507925744,71.421735312,72.37625771828571,55.78601231571429,24.293147724000008,4.444521516000009,60.61659,0.0,0.0,0.0,18.755378942857135,25.197255147857142,28.214816769,60.61659,0.0,0.5,0.5,20.5,17.2,4.614285714285715,7.2,6.533333333333333,5.89,12.0,3.5754805555555556,11.332416666666665,10.646447222222221,10.393075793650793,10.362345740740741,10.54133685185185,17.3,17.8,17.3,16.8,17.0,17.47142857142857,17.614285714285717,16.943333333333335,17.413333333333334,18.5,29.0,21.285714285714285,16.599999999999998,18.1,11.713438888888888,0.0,8.0,19.4,12.0,0.8,15.2,17.7,11.0,10.4,25.1,17.1,12.0,1.5,33.2,17.4,11.0,0.6,18.7,0,31,84,37.52,0.9399925629331024,0.0600074370668976,900.48
2026-04-01,24.004564,1.0,1.0,22.2,18.9,0.0,12.4,12.0,2026,4,1,14,2,Wednesday,0,2,2026-04-01,2043082.0,75.866256828,51.573109104,81.316299276,73.01118936342857,59.281111278000004,0.9162735119999894,-4.533768936000001,0.0,60.61659,0.0,9.9608466,18.755378942857135,22.033342415714287,27.413181235666666,60.61659,0.0,0.0,0.5,5.5,3.2,1.6857142857142864,5.971428571428571,6.333333333333333,5.996666666666667,12.0,11.934925000000002,11.593625000000001,11.849949999999998,10.440760317460317,10.428852037037037,10.566986111111111,19.1,17.3,19.1,17.8,17.8,17.8,17.764285714285716,17.036666666666665,17.33,24.6,17.2,20.657142857142855,17.357142857142858,19.1,12.0,0.1,15.6,19.0,12.0,0.0,22.5,16.2,9.872727777777778,2.9,30.2,17.7,9.71706388888889,3.3,32.0,17.9,9.529447222222222,0.5,18.3,0,30,85,44.31,0.8604912606258933,0.1395087393741067,1063.44
2026-04-02,24.110953,1.0,1.0,21.3,18.4,0.0,6.8,12.0,2026,4,2,14,3,Thursday,0,2,2026-04-01,2043082.0,76.78253034,75.866256828,76.740881544,72.36350808685714,63.83527962428571,1.7611490880000105,1.8027978840000003,24.004564,0.0,60.61659,24.227879,20.761624285714277,20.308970629999997,26.999131002333336,60.61659,0.0,0.0,0.0,4.7,4.7,0.9000000000000005,5.742857142857143,6.123333333333334,6.153333333333333,12.0,11.050294444444443,7.136297222222222,11.859246428571428,10.469787103174601,10.46158,10.451173518518518,18.9,19.1,18.9,17.6,16.5,17.95714285714286,17.842857142857145,17.103333333333335,17.266666666666666,12.4,26.9,19.97142857142857,17.428571428571427,19.4,12.0,0.8,15.2,17.7,11.0,10.4,25.1,16.9,12.0,3.7,32.6,16.7,12.0,10.8,27.2,18.5,11.773619444444444,0.0,14.0,0,29,86,44.31,0.8604912606258933,0.1395087393741067,1063.44
2026-04-03,24.071227,1.0,1.0,21.1,18.1,0.0,8.0,11.713438888888888,2026,4,3,14,4,Friday,0,2,2026-04-01,2043082.0,78.543679428,76.78253034,57.695482116,72.62105064171429,66.80594374714285,0.9817216200000018,21.829918932000005,24.110953,24.004564,0.0,36.482337,20.744920571428565,21.307114685714282,27.002147135666668,60.61659,0.0,0.0,0.0,0.5,9.3,0.2285714285714291,5.4071428571428575,5.946666666666667,6.463333333333334,12.0,11.972705555555555,10.959672222222222,11.99491865079365,10.817194444444445,10.550179537037037,10.454902685185186,18.4,18.9,18.4,17.3,18.8,18.071428571428573,17.978571428571428,17.220000000000002,17.339999999999996,6.8,23.1,17.1,17.29285714285714,19.0,12.0,0.0,22.5,16.2,9.872727777777778,2.9,30.2,17.1,12.0,1.5,33.2,17.0,11.394330555555555,1.3,22.8,19.8,12.0,0.0,12.9,0,28,87,44.31,0.8604912606258933,0.1395087393741067,1063.44
2026-04-04,22.37018,1.0,1.0,22.2,19.1,0.1,15.6,12.0,2026,4,4,14,5,Saturday,1,2,2026-04-01,2043082.0,79.525401048,78.543679428,75.378370932,75.73961048914285,69.06772836257143,1.9872425519999979,6.134272668000008,24.071227,24.110953,24.004564,0.0,18.97190485714285,21.294247542857143,26.194780469,60.61659,0.0,0.0,0.0,0.1,4.7,0.15714285714285767,4.742857142857143,5.790000000000001,6.62,11.713438888888888,11.991725,7.542341666666667,11.957880555555557,10.871034920634923,10.573960833333334,10.344331666666667,18.1,18.4,18.1,17.7,18.7,18.185714285714287,17.928571428571427,17.263333333333332,17.416666666666668,8.0,17.6,14.942857142857141,16.214285714285715,17.7,11.0,10.4,25.1,16.9,12.0,3.7,32.6,17.7,9.71706388888889,3.3,32.0,17.4,11.0,0.6,18.7,24.3,6.6421166666666664,0.0,20.9,0,27,88,44.31,0.8604912606258933,0.1395087393741067,1063.44
2026-04-05,0.0,0.0,0.0,22.6,19.4,0.8,15.2,12.0,2026,4,5,14,6,Sunday,1,2,2026-04-01,2043082.0,81.5126436,79.525401048,92.507925744,76.615935156,71.24154052114285,16.808264100000002,5.812981956000002,22.37018,24.071227,24.110953,0.0,22.16764485714285,21.1712679,26.13138163566667,60.61659,0.0,0.1,0.0,0.5,7.2,0.15714285714285764,4.414285714285715,5.556666666666667,6.86,12.0,12.0,10.515936111111111,11.959062698412698,11.189439087301588,10.606938333333334,10.332494722222224,19.1,18.1,19.1,17.8,18.2,18.385714285714283,17.95714285714286,17.336666666666666,17.453333333333333,15.6,16.7,14.657142857142857,16.857142857142858,16.2,9.872727777777778,2.9,30.2,17.1,12.0,1.5,33.2,16.7,12.0,10.8,27.2,17.9,9.529447222222222,0.5,18.3,26.3,12.008469444444444,0.1,27.8,0,26,89,44.31,0.8604912606258933,0.1395087393741067,1063.44
2026-04-06,48.533471,2.0,2.0,21.1,19.0,0.0,22.5,12.0,2026,4,6,15,0,Monday,0,2,2026-04-01,2043082.0,98.3209077,81.5126436,51.573109104,77.44636114971429,74.59044370971428,-28.06533867600001,18.68245992,0.0,22.37018,24.071227,60.61659,22.16764485714285,19.45263897142857,26.13138163566667,60.61659,0.0,0.8,0.1,0.5,22.2,0.20000000000000048,3.957142857142857,4.96,7.6,12.0,12.0,11.897641666666667,11.959062698412698,11.295443650793652,10.673605,10.366332314814816,19.4,19.1,19.4,17.3,17.3,18.614285714285717,18.042857142857144,17.446666666666665,17.453333333333333,15.2,18.5,14.442857142857141,17.214285714285715,16.9,12.0,3.7,32.6,17.7,9.71706388888889,3.3,32.0,17.0,11.394330555555555,1.3,22.8,18.5,11.773619444444444,0.0,14.0,19.1,11.984027777777778,0.7,15.6,0,25,90,44.31,0.8604912606258933,0.1395087393741067,1063.44
2026-04-07,24.052418,1.0,1.0,20.7,17.7,10.4,25.1,11.0,2026,4,7,15,1,Tuesday,0,2,2026-04-01,2043082.0,70.255569024,98.3209077,75.866256828,80.11528399542858,76.24577085685713,-1.6243030440000013,-7.23499084800001,48.533471,0.0,22.37018,0.0,20.441484999999993,19.59843197142857,26.944519802333335,48.533471,0.0,0.0,0.8,0.0,20.5,0.12857142857142909,2.3714285714285714,4.773333333333334,8.283333333333333,12.0,12.0,3.5754805555555556,11.959062698412698,11.302754960317461,10.785246851851854,10.122385555555555,19.0,19.4,19.0,19.1,16.8,18.857142857142858,18.164285714285715,17.57,17.296666666666667,22.5,24.6,15.014285714285714,18.150000000000002,17.1,12.0,1.5,33.2,16.7,12.0,10.8,27.2,17.4,11.0,0.6,18.7,19.8,12.0,0.0,12.9,18.7,10.387427777777777,2.3,24.6,0,24,91,44.31,0.8604912606258933,0.1395087393741067,1063.44
2026-04-08,0.0,0.0,0.0,17.9,16.2,2.9,30.2,9.872727777777778,2026,4,8,15,2,Wednesday,0,2,2026-04-01,2043082.0,68.63126598,70.255569024,76.78253034,79.08171387428571,76.04645161885715,0.017849484000009852,-8.13341487599999,24.052418,48.533471,0.0,24.004564,23.877544714285705,21.316461828571427,26.942319935666667,48.533471,0.0,10.4,0.0,0.0,5.5,1.614285714285715,1.6500000000000001,5.006666666666666,8.466666666666667,11.0,12.0,11.934925000000002,11.816205555555555,11.833077777777778,10.818580185185187,10.156711388888889,17.7,19.0,17.7,18.9,17.8,18.657142857142855,18.228571428571428,17.63,17.113333333333333,25.1,12.4,15.085714285714285,17.871428571428574,17.7,9.71706388888889,3.3,32.0,17.0,11.394330555555555,1.3,22.8,17.9,9.529447222222222,0.5,18.3,24.3,6.6421166666666664,0.0,20.9,17.8,9.948691666666667,3.4,9.0,0,23,92,44.31,0.8604912606258933,0.1395087393741067,1063.44
2026-04-09,0.0,0.0,0.0,19.2,16.9,3.7,32.6,12.0,2026,4,9,15,3,Thursday,0,2,2026-04-01,2043082.0,68.649115464,68.63126598,78.543679428,77.91979746342858,75.14165277514287,0.8627250599999883,-9.031838904000011,0.0,24.052418,48.533471,24.110953,20.44832128571428,20.60497278571429,26.141367735666666,48.533471,0.0,2.9,10.4,0.0,4.7,2.0285714285714294,1.4642857142857142,4.76,8.623333333333333,9.872727777777778,12.0,11.050294444444443,11.512309523809524,11.685777976190476,10.814053611111111,10.16068148148148,16.2,17.7,16.2,18.4,17.6,18.271428571428572,18.114285714285714,17.64666666666667,16.95,30.2,6.8,17.628571428571426,18.8,16.7,12.0,10.8,27.2,17.4,11.0,0.6,18.7,18.5,11.773619444444444,0.0,14.0,26.3,12.008469444444444,0.1,27.8,18.5,11.811358333333333,2.3,11.9,0,22,93,44.31,0.8604912606258933,0.1395087393741067,1063.44
2026-04-10,0.0,0.0,0.0,18.5,17.1,1.5,33.2,12.0,2026,4,10,15,4,Friday,0,2,2026-04-01,2043082.0,69.511840524,68.649115464,79.525401048,76.62953476285713,74.62529270228572,11.001231972000014,0.9876714480000004,0.0,0.0,24.052418,24.071227,17.003899428571422,18.87441,25.341109802333335,48.533471,0.0,3.7,2.9,0.0,0.5,2.557142857142858,1.392857142857143,4.596666666666667,8.583333333333334,12.0,11.713438888888888,11.972705555555555,11.512309523809524,11.753614087301587,10.937231481481481,10.19531027777778,16.9,16.2,16.9,18.1,17.3,18.057142857142857,18.064285714285713,17.67666666666667,16.913333333333334,32.6,8.0,21.314285714285713,19.20714285714286,17.0,11.394330555555555,1.3,22.8,17.9,9.529447222222222,0.5,18.3,19.8,12.0,0.0,12.9,19.1,11.984027777777778,0.7,15.6,18.6,12.0,0.0,14.6,0,21,94,44.31,0.8604912606258933,0.1395087393741067,1063.44
2026-04-11,24.20881,1.0,1.0,19.0,17.7,3.3,32.0,9.71706388888889,2026,4,11,15,5,Saturday,1,2,2026-04-01,2043082.0,80.513072496,69.511840524,81.5126436,76.770630684,76.25512058657144,1.6897511519999995,0.690180048000002,0.0,0.0,0.0,22.37018,13.565152714285707,16.268528785714288,23.37882700233333,48.533471,0.0,1.5,3.7,0.1,0.1,2.7714285714285722,1.4642857142857146,4.273333333333334,7.87,12.0,12.0,11.991725,11.553246825396826,11.75556369047619,10.998510925925926,10.267598055555556,17.1,16.9,17.1,19.1,17.7,17.914285714285715,18.05,17.71,16.96,33.2,15.6,24.914285714285715,19.928571428571427,17.4,11.0,0.6,18.7,18.5,11.773619444444444,0.0,14.0,24.3,6.6421166666666664,0.0,20.9,18.7,10.387427777777777,2.3,24.6,18.6,12.0,3.6,14.7,0,20,95,44.31,0.8604912606258933,0.1395087393741067,1063.44
2026-04-12,48.404488,2.0,2.0,18.1,16.7,10.8,27.2,12.0,2026,4,12,15,6,Sunday,1,2,2026-04-01,2043082.0,82.202823648,80.513072496,98.3209077,76.86922783371428,76.74258149485715,-21.342033036000004,-37.460117088000004,24.20881,0.0,0.0,0.0,13.827814142857136,17.997729500000002,23.377563035666665,48.533471,0.0,3.3,1.5,0.8,0.5,3.2285714285714286,1.6928571428571428,4.296666666666667,7.156666666666666,9.71706388888889,12.0,12.0,11.227113095238096,11.593087896825397,10.955145,10.302625277777777,17.7,17.1,17.7,19.4,17.8,17.714285714285715,18.05,17.753333333333334,16.943333333333335,32.0,15.2,27.25714285714286,20.957142857142856,17.9,9.529447222222222,0.5,18.3,19.8,12.0,0.0,12.9,26.3,12.008469444444444,0.1,27.8,17.8,9.948691666666667,3.4,9.0,18.3,11.581705555555555,4.6,21.4,0,19,96,44.31,0.8604912606258933,0.1395087393741067,1063.44
2026-04-13,20.9993623,1.0,1.0,18.6,17.0,1.3,22.8,11.394330555555555,2026,4,13,16,0,Monday,0,2,2026-04-01,2043082.0,60.860790612,82.202823648,70.255569024,71.51778253542857,74.48207184257144,6.360366131999996,-3.034412279999998,48.404488,24.20881,0.0,48.533471,20.74274099999999,21.455192928571428,24.181743768999997,48.533471,0.0,10.8,3.3,0.0,0.5,4.657142857142858,2.4285714285714284,4.6466666666666665,6.533333333333333,12.0,12.0,12.0,11.227113095238096,11.593087896825397,10.971256296296296,10.362345740740741,16.7,17.7,16.7,19.0,17.3,17.32857142857143,17.97142857142857,17.733333333333334,16.943333333333335,27.2,22.5,28.971428571428568,21.707142857142856,18.5,11.773619444444444,0.0,14.0,24.3,6.6421166666666664,0.0,20.9,19.1,11.984027777777778,0.7,15.6,18.5,11.811358333333333,2.3,11.9,18.2,10.892433333333335,8.3,23.0,0,18,97,44.31,0.8604912606258933,0.1395087393741067,1063.44
2026-04-14,48.250980999999996,2.0,2.0,18.9,17.4,0.6,18.7,11.0,2026,4,14,16,1,Tuesday,0,2,2026-04-01,2043082.0,67.221156744,60.860790612,68.63126598,71.08429506685714,75.59978953114286,-28.095087815999996,-29.505197051999993,20.9993623,48.404488,24.20881,24.052418,16.809296899999993,18.62539095,24.07982884566667,48.404488,0.0,1.3,10.8,10.4,0.0,4.842857142857143,2.485714285714286,4.623333333333334,6.333333333333333,11.394330555555555,11.0,12.0,11.140588888888889,11.549825793650793,10.984400648148148,10.428852037037037,17.0,16.7,17.0,17.7,19.1,17.04285714285714,17.95,17.736666666666668,17.036666666666665,22.8,25.1,29.014285714285716,22.014285714285712,19.8,12.0,0.0,12.9,26.3,12.008469444444444,0.1,27.8,18.7,10.387427777777777,2.3,24.6,18.6,12.0,0.0,14.6,18.1,12.0,2.0,21.0,0,17,98,44.31,0.8604912606258933,0.1395087393741067,1063.44
2026-04-15,36.727509,2.0,2.0,19.7,17.9,0.5,18.3,9.529447222222222,2026,4,15,16,2,Wednesday,0,2,2026-04-01,2043082.0,39.126068928,67.221156744,68.649115464,66.86926691657143,72.97549039542858,-9.067537872000003,-38.590584408000005,48.250980999999996,20.9993623,48.404488,0.0,20.26623447142856,22.071889592857143,24.881373779,48.404488,0.0,0.6,1.3,2.9,0.0,3.4428571428571435,2.5285714285714285,4.54,6.123333333333334,11.0,9.872727777777778,12.0,11.140588888888889,11.478397222222222,10.975089351851853,10.46158,17.4,17.0,17.4,16.2,18.9,17.0,17.82857142857143,17.756666666666668,17.103333333333335,18.7,30.2,28.099999999999998,21.592857142857145,24.3,6.6421166666666664,0.0,20.9,19.1,11.984027777777778,0.7,15.6,17.8,9.948691666666667,3.4,9.0,18.6,12.0,3.6,14.7,17.6,2.79405,3.7,10.3,0,16,99,44.31,0.8604912606258933,0.1395087393741067,1063.44
2026-04-16,72.32399,3.0,3.0,21.1,18.5,0.0,14.0,11.773619444444444,2026,4,16,16,3,Thursday,0,2,2026-04-01,2043082.0,30.058531056,39.126068928,69.511840524,61.35632628685715,69.63806187514287,2.7666700199999994,-36.686639447999994,36.727509,48.250980999999996,20.9993623,0.0,25.513021471428562,22.98067137857143,23.28318451233333,48.404488,0.0,0.5,0.6,3.7,0.0,3.100000000000001,2.564285714285714,4.556666666666667,5.946666666666667,9.529447222222222,12.0,12.0,11.09154880952381,11.301929166666667,10.924335648148148,10.550179537037037,17.9,17.4,17.9,16.9,18.4,17.24285714285714,17.757142857142856,17.77333333333333,17.220000000000002,18.3,32.6,26.400000000000002,22.014285714285712,26.3,12.008469444444444,0.1,27.8,18.7,10.387427777777777,2.3,24.6,18.5,11.811358333333333,2.3,11.9,18.3,11.581705555555555,4.6,21.4,19.1,12.035422222222222,0.0,18.0,0,15,100,44.31,0.8604912606258933,0.1395087393741067,1063.44
2026-04-17,42.771513999999996,2.0,2.0,22.5,19.8,0.0,12.9,12.0,2026,4,17,16,4,Friday,0,2,2026-04-01,2043082.0,32.825201076,30.058531056,80.513072496,56.11537779428571,66.37245627857143,8.930691828,-38.75717959200001,72.32399,36.727509,48.250980999999996,0.0,35.845020042857136,26.424459735714287,24.217491570666663,72.32399,0.0,0.0,0.5,1.5,0.0,2.571428571428572,2.564285714285714,3.9833333333333334,5.790000000000001,11.773619444444444,12.0,11.713438888888888,11.05920873015873,11.285759126984127,10.939042407407408,10.573960833333334,18.5,17.9,18.5,17.1,18.1,17.47142857142857,17.764285714285716,17.82333333333333,17.263333333333332,14.0,33.2,23.74285714285714,22.52857142857143,19.1,11.984027777777778,0.7,15.6,17.8,9.948691666666667,3.4,9.0,18.6,12.0,0.0,14.6,18.2,10.892433333333335,8.3,23.0,19.0,12.272138888888888,0.0,14.4,0,14,101,44.31,0.8604912606258933,0.1395087393741067,1063.44
2026-04-18,24.285543,1.0,1.0,29.2,24.3,0.0,20.9,6.6421166666666664,2026,4,18,16,5,Saturday,1,2,2026-04-01,2043082.0,41.755892904,32.825201076,82.202823648,50.578637852571426,63.674634268285715,26.809924967999997,-13.63700577600001,42.771513999999996,72.32399,36.727509,24.20881,41.95523632857142,27.760194521428566,24.03834973733333,72.32399,20.9993623,0.0,0.0,3.3,0.1,2.3571428571428577,2.564285714285714,3.8766666666666665,5.556666666666667,12.0,9.71706388888889,12.0,11.05920873015873,11.306227777777776,10.95258824074074,10.606938333333334,19.8,18.5,19.8,17.7,19.1,17.857142857142858,17.885714285714283,17.89,17.336666666666666,12.9,32.0,20.842857142857145,22.878571428571426,18.7,10.387427777777777,2.3,24.6,18.5,11.811358333333333,2.3,11.9,18.6,12.0,3.6,14.7,18.1,12.0,2.0,21.0,19.1,11.944350000000002,0.2,13.2,0,13,102,44.31,0.8604912606258933,0.1395087393741067,1063.44
2026-04-19,46.474288,2.0,2.0,32.2,26.3,0.1,27.8,12.008469444444444,2026,4,19,16,6,Sunday,1,2,2026-04-01,2043082.0,68.565817872,41.755892904,60.860790612,48.630494170285715,62.749861002,0.15469552800000486,7.859722787999999,24.285543,42.771513999999996,72.32399,48.404488,41.96619818571428,27.89700616428571,24.509969963333333,72.32399,20.9993623,0.0,0.0,10.8,0.8,1.8857142857142863,2.557142857142857,3.7199999999999998,4.96,6.6421166666666664,12.0,12.0,10.619930555555555,10.923521825396824,10.936115555555556,10.673605,24.3,19.8,24.3,16.7,19.4,18.8,18.257142857142856,18.15,17.446666666666665,20.9,27.2,19.25714285714286,23.25714285714286,17.8,9.948691666666667,3.4,9.0,18.6,12.0,0.0,14.6,18.3,11.581705555555555,4.6,21.4,17.6,2.79405,3.7,10.3,19.2,12.327580555555556,0.0,9.8,0,12,103,44.31,0.8604912606258933,0.1395087393741067,1063.44
2026-04-20,36.652963,2.0,2.0,20.9,19.1,0.7,15.6,11.984027777777778,2026,4,20,17,0,Monday,0,2,2026-04-01,2043082.0,68.7205134,68.565817872,67.221156744,49.75331171142857,60.63554712342857,9.936212760000004,11.435569416000007,46.474288,24.285543,42.771513999999996,20.9993623,41.690455328571424,31.21659816428571,25.250733996666664,72.32399,20.9993623,0.1,0.0,1.3,0.0,0.35714285714285765,2.507142857142857,3.4133333333333336,4.773333333333334,12.008469444444444,11.394330555555555,12.0,10.621140476190476,10.924126785714284,10.971075462962963,10.785246851851854,26.3,24.3,26.3,17.0,19.0,20.17142857142857,18.75,18.4,17.57,27.8,22.8,19.342857142857145,24.157142857142862,18.5,11.811358333333333,2.3,11.9,18.6,12.0,3.6,14.7,18.2,10.892433333333335,8.3,23.0,19.1,12.035422222222222,0.0,18.0,19.5,12.468738888888888,0.0,9.4,0,11,104,44.31,0.8604912606258933,0.1395087393741067,1063.44
2026-04-21,24.025201,1.0,1.0,20.7,18.7,2.3,24.6,10.387427777777777,2026,4,21,17,1,Tuesday,0,2,2026-04-01,2043082.0,78.65672616,68.7205134,39.126068928,51.38696448514286,61.235629776,3.4271009280000015,42.957758160000004,36.652963,46.474288,24.285543,48.250980999999996,43.92668399999999,30.36799045,25.669436263333335,72.32399,24.285543,0.7,0.1,0.6,10.4,0.2714285714285719,2.5571428571428574,3.28,5.006666666666666,11.984027777777778,11.0,11.0,10.705382936507936,10.922985912698412,11.119131666666668,10.818580185185187,19.1,26.3,19.1,17.4,17.7,20.47142857142857,18.757142857142856,18.413333333333334,17.63,15.6,18.7,18.314285714285713,23.664285714285715,18.6,12.0,0.0,14.6,18.3,11.581705555555555,4.6,21.4,18.1,12.0,2.0,21.0,19.0,12.272138888888888,0.0,14.4,19.9,12.24085,0.0,10.4,0,10,105,44.31,0.8604912606258933,0.1395087393741067,1063.44
2026-04-22,24.89708,1.0,1.0,19.4,17.8,3.4,9.0,9.948691666666667,2026,4,22,17,2,Wednesday,0,2,2026-04-01,2043082.0,82.083827088,78.65672616,30.058531056,57.52378707942858,62.196526998,1.624303043999987,53.649599075999994,24.025201,36.652963,46.474288,36.727509,40.465858285714276,30.366046378571433,25.668249463333332,72.32399,24.025201,2.3,0.7,0.5,2.9,0.5142857142857148,1.9785714285714289,3.1166666666666667,4.76,10.387427777777777,9.529447222222222,9.872727777777778,10.617872619047619,10.879230753968253,11.114848055555553,10.814053611111111,18.7,19.1,18.7,17.9,16.2,20.657142857142855,18.82857142857143,18.43,17.64666666666667,24.6,18.3,19.157142857142855,23.62857142857143,18.6,12.0,3.6,14.7,18.2,10.892433333333335,8.3,23.0,17.6,2.79405,3.7,10.3,19.1,11.944350000000002,0.2,13.2,19.1,12.37436111111111,1.1,13.6,0,9,106,44.31,0.8604912606258933,0.1395087393741067,1063.44
2026-04-23,48.371433,2.0,2.0,20.1,18.5,2.3,11.9,11.811358333333333,2026,4,23,17,3,Thursday,0,2,2026-04-01,2043082.0,83.708130132,82.083827088,32.825201076,65.18801551885714,63.27217090285715,-17.605541051999992,33.277388004,24.89708,24.025201,36.652963,72.32399,38.775797,32.144409235714285,24.948406496666667,72.32399,24.025201,3.4,2.3,0.0,3.7,0.928571428571429,2.0142857142857147,2.49,4.596666666666667,9.948691666666667,11.773619444444444,12.0,10.677764682539683,10.884656746031748,11.049883055555556,10.937231481481481,17.8,18.7,17.8,18.5,16.9,20.642857142857142,18.942857142857143,18.446666666666665,17.67666666666667,9.0,14.0,17.82857142857143,22.114285714285717,18.3,11.581705555555555,4.6,21.4,18.1,12.0,2.0,21.0,19.1,12.035422222222222,0.0,18.0,19.2,12.327580555555556,0.0,9.8,18.4,12.308752777777778,3.7,21.5,0,8,107,44.31,0.8604912606258933,0.1395087393741067,1063.44
2026-04-24,24.227994,1.0,1.0,20.4,18.6,0.0,14.6,12.0,2026,4,24,17,4,Friday,0,2,2026-04-01,2043082.0,66.10258908,83.708130132,41.755892904,69.94192809085715,63.02865294257143,4.486170311999999,28.832866488,48.371433,24.89708,24.025201,42.771513999999996,35.35400314285714,35.59951159285715,26.560787596666668,48.371433,24.025201,2.3,3.4,0.0,1.5,1.2571428571428576,1.9142857142857144,1.8833333333333335,4.273333333333334,11.811358333333333,12.0,12.0,10.683155952380952,10.871182341269842,11.324412314814817,10.998510925925926,18.5,17.8,18.5,19.8,17.1,20.642857142857142,19.057142857142857,18.503333333333334,17.71,11.9,12.9,17.52857142857143,20.635714285714283,18.2,10.892433333333335,8.3,23.0,17.6,2.79405,3.7,10.3,19.0,12.272138888888888,0.0,14.4,19.5,12.468738888888888,0.0,9.4,19.1,12.431852777777777,0.0,15.1,0,7,108,44.31,0.8604912606258933,0.1395087393741067,1063.44
2026-04-25,24.251443,1.0,1.0,20.5,18.6,3.6,14.7,12.0,2026,4,25,17,5,Saturday,1,2,2026-04-01,2043082.0,70.588759392,66.10258908,68.565817872,74.0609090177143,62.31977343514286,2.427529824000004,4.450471344000007,24.227994,48.371433,24.89708,24.285543,32.70492885714285,37.330082592857146,27.036359176666664,48.371433,24.025201,0.0,2.3,0.0,3.3,1.2571428571428576,1.8071428571428572,1.7,4.296666666666667,12.0,6.6421166666666664,9.71706388888889,10.683155952380952,10.871182341269842,11.326581481481481,10.955145,18.6,18.5,18.6,24.3,17.7,20.47142857142857,19.164285714285715,18.529999999999998,17.753333333333334,14.6,20.9,17.77142857142857,19.307142857142857,18.1,12.0,2.0,21.0,19.1,12.035422222222222,0.0,18.0,19.1,11.944350000000002,0.2,13.2,19.9,12.24085,0.0,10.4,18.8,6.474038888888889,2.9,10.8,0,6,109,44.31,0.8604912606258933,0.1395087393741067,1063.44
2026-04-26,22.6129419,1.0,1.0,20.1,18.3,4.6,21.4,11.581705555555555,2026,4,26,17,6,Sunday,1,2,2026-04-01,2043082.0,73.016289216,70.588759392,68.7205134,74.69669063828572,61.663592404285716,5.931978516000001,10.227754332000004,24.251443,24.227994,48.371433,46.474288,32.70005742857142,37.33312780714285,27.03714464333333,48.371433,24.025201,3.6,0.0,0.1,10.8,1.7714285714285718,1.8285714285714287,1.6633333333333336,4.6466666666666665,12.0,12.008469444444444,12.0,11.448567857142857,11.034249206349205,11.358238333333334,10.971256296296296,18.6,18.6,18.6,26.3,16.7,19.657142857142855,19.228571428571428,18.563333333333333,17.733333333333334,14.7,27.8,16.885714285714286,18.071428571428573,17.6,2.79405,3.7,10.3,19.0,12.272138888888888,0.0,14.4,19.2,12.327580555555556,0.0,9.8,19.1,12.37436111111111,1.1,13.6,18.5,5.012411111111112,1.9,10.4,0,5,110,44.31,0.8604912606258933,0.1395087393741067,1063.44
2026-04-27,71.027762,3.0,3.0,19.9,18.2,8.3,23.0,10.892433333333335,2026,4,27,18,0,Monday,0,2,2026-04-01,2043082.0,78.948267732,73.016289216,78.65672616,76.1577984,62.955555055714285,-20.354361588000003,-20.062820016000003,22.6129419,24.251443,24.227994,36.652963,29.29129369999999,35.490874514285714,26.574831473333333,48.371433,22.6129419,4.6,3.6,0.7,1.3,2.4142857142857146,1.3857142857142857,1.8,4.623333333333334,11.581705555555555,11.984027777777778,11.394330555555555,11.387601587301587,11.004371031746032,11.345204999999998,10.984400648148148,18.3,18.6,18.3,19.1,17.0,18.514285714285712,19.342857142857145,18.596666666666668,17.736666666666668,21.4,15.6,15.971428571428572,17.65714285714286,19.1,12.035422222222222,0.0,18.0,19.1,11.944350000000002,0.2,13.2,19.5,12.468738888888888,0.0,9.4,18.4,12.308752777777778,3.7,21.5,18.7,12.526894444444444,0.5,11.1,0,4,111,44.31,0.8604912606258933,0.1395087393741067,1063.44
2026-04-28,22.324146,1.0,1.0,19.9,18.1,2.0,21.0,12.0,2026,4,28,18,1,Tuesday,0,2,2026-04-01,2043082.0,58.593906144,78.948267732,82.083827088,73.29168125485714,62.33932287,5.920078860000004,-17.569842084,71.027762,22.6129419,24.251443,24.025201,34.20197927142856,39.06433163571428,28.94242354,71.027762,22.6129419,8.3,4.6,2.3,0.6,3.5000000000000004,1.8857142857142857,2.0733333333333333,4.54,10.892433333333335,10.387427777777777,11.0,11.231659523809522,10.968521230158728,11.308561944444445,10.975089351851853,18.2,18.3,18.2,18.7,17.4,18.38571428571429,19.428571428571427,18.613333333333333,17.756666666666668,23.0,24.6,17.02857142857143,17.67142857142857,19.0,12.272138888888888,0.0,14.4,19.2,12.327580555555556,0.0,9.8,19.9,12.24085,0.0,10.4,19.1,12.431852777777777,0.0,15.1,18.9,11.630786111111112,0.0,15.6,0,3,112,44.31,0.8604912606258933,0.1395087393741067,1063.44
2026-04-29,48.429565,2.0,2.0,18.7,17.6,3.7,10.3,2.79405,2026,4,29,18,2,Wednesday,0,2,2026-04-01,2043082.0,64.513985004,58.593906144,83.708130132,70.7817038142857,64.15274544685714,-21.288484584000003,-40.48262971199999,22.324146,71.027762,22.6129419,24.89708,33.958971414285706,37.21241485,29.686561740000002,71.027762,22.324146,2.0,8.3,3.4,0.5,3.4571428571428577,1.9857142857142858,2.1233333333333335,4.556666666666667,12.0,9.948691666666667,9.529447222222222,11.462026984126984,11.0399498015873,11.308561944444445,10.924335648148148,18.1,18.2,18.1,17.8,17.9,18.300000000000004,19.478571428571428,18.623333333333335,17.77333333333333,21.0,9.0,16.514285714285712,17.835714285714285,19.1,11.944350000000002,0.2,13.2,19.5,12.468738888888888,0.0,9.4,19.1,12.37436111111111,1.1,13.6,18.8,6.474038888888889,2.9,10.8,19.2,12.465919444444443,0.1,17.9,0,2,113,44.31,0.8604912606258933,0.1395087393741067,1063.44
2026-04-30,36.670998999999995,2.0,2.0,22.0,19.1,0.0,18.0,12.035422222222222,2026,4,30,18,3,Thursday,0,2,2026-04-01,2043082.0,43.22550042,64.513985004,66.10258908,64.99847099828573,65.09324325857143,-2.2014363600000024,-25.07852502,48.429565,22.324146,71.027762,48.371433,37.32075498571427,38.04827599285714,29.280327573333334,71.027762,22.324146,3.7,2.0,2.3,0.0,3.5000000000000004,2.2142857142857144,2.23,3.9833333333333334,2.79405,11.811358333333333,11.773619444444444,10.43993531746032,10.558849999999998,11.001696944444443,10.939042407407408,17.6,18.1,17.6,18.5,18.5,18.271428571428572,19.457142857142856,18.633333333333333,17.82333333333333,10.3,11.9,16.7,17.264285714285712,19.2,12.327580555555556,0.0,9.8,19.9,12.24085,0.0,10.4,18.4,12.308752777777778,3.7,21.5,18.5,5.012411111111112,1.9,10.4,19.2,12.91868611111111,1.3,25.2,0,1,114,44.31,0.8604912606258933,0.1395087393741067,1063.44
2026-05-01,24.048428,1.0,1.0,21.3,19.0,0.0,14.4,12.272138888888888,2026,5,1,18,4,Friday,0,2,2026-05-01,1963757.0,41.02406406,43.22550042,70.588759392,61.41582456685715,65.67887632885714,10.322951580000002,-19.241743751999998,36.670998999999995,48.429565,22.324146,24.227994,35.6492644142857,35.501633778571424,30.502694206666668,71.027762,22.324146,0.0,3.7,0.0,0.0,3.1714285714285717,2.2142857142857144,2.23,3.8766666666666665,12.035422222222222,12.0,12.0,10.471944444444444,10.577550198412698,11.002877685185185,10.95258824074074,19.1,17.6,19.1,18.6,19.8,18.357142857142858,19.5,18.633333333333333,17.89,18.0,14.6,17.571428571428573,17.55,19.5,12.468738888888888,0.0,9.4,19.1,12.37436111111111,1.1,13.6,19.1,12.431852777777777,0.0,15.1,18.7,12.526894444444444,0.5,11.1,18.5,12.911772222222222,9.0,25.2,1,0,0,49.0,0.7790832474489796,0.2209167525510204,1176.0
2026-05-02,24.028648,1.0,1.0,21.6,19.1,0.2,13.2,11.944350000000002,2026,5,2,18,5,Saturday,1,2,2026-05-01,1963757.0,51.34701564,41.02406406,73.016289216,58.66700403085714,66.36395652428571,11.495067696,-10.174205880000002,24.048428,36.670998999999995,48.429565,24.251443,35.623612128571416,34.16427049285714,30.504156339999998,71.027762,22.324146,0.0,0.0,3.6,0.0,3.1714285714285717,2.2142857142857144,2.23,3.7199999999999998,12.272138888888888,12.0,6.6421166666666664,10.510821428571429,10.596988690476191,11.011948981481481,10.936115555555556,19.0,19.1,19.0,18.6,24.3,18.414285714285715,19.442857142857147,18.636666666666667,18.15,14.4,14.7,17.54285714285714,17.657142857142855,19.9,12.24085,0.0,10.4,18.4,12.308752777777778,3.7,21.5,18.8,6.474038888888889,2.9,10.8,18.9,11.630786111111112,0.0,15.6,18.4,11.410211111111112,5.4,20.9,0,28,1,49.0,0.7790832474489796,0.2209167525510204,1176.0
2026-05-03,47.865077,2.0,2.0,21.1,19.2,0.0,9.8,12.327580555555556,2026,5,3,18,6,Sunday,1,2,2026-05-01,1963757.0,62.842083336,51.34701564,78.948267732,57.213546048000005,65.95511834314286,-12.815929512000004,-28.922113908000007,24.028648,24.048428,36.670998999999995,22.6129419,35.59178427142856,34.145920849999996,30.501412839999997,71.027762,22.324146,0.2,0.0,4.6,0.1,2.685714285714286,2.2285714285714286,2.236666666666667,3.4133333333333336,11.944350000000002,11.581705555555555,12.008469444444444,10.502871428571428,10.975719642857143,11.01009398148148,10.971075462962963,19.1,19.0,19.1,18.3,26.3,18.485714285714288,19.071428571428573,18.66,18.4,13.2,21.4,17.32857142857143,17.107142857142858,19.1,12.37436111111111,1.1,13.6,19.1,12.431852777777777,0.0,15.1,18.5,5.012411111111112,1.9,10.4,19.2,12.465919444444443,0.1,17.9,18.5,12.66663611111111,6.8,22.2,0,27,2,49.0,0.7790832474489796,0.2209167525510204,1176.0
2026-05-04,48.288424,2.0,2.0,22.1,19.5,0.0,9.4,12.468738888888888,2026,5,4,19,0,Monday,0,2,2026-05-01,1963757.0,50.026153824,62.842083336,58.593906144,53.081815489714295,64.61980694485715,-11.620014083999997,-20.187766404,47.865077,24.028648,24.048428,71.027762,39.19923214285713,34.24526292142857,31.294541173333332,71.027762,22.324146,0.0,0.2,8.3,0.7,2.0285714285714294,2.221428571428571,2.236666666666667,3.28,12.327580555555556,10.892433333333335,11.984027777777778,10.609425,10.998513293650793,11.03056537037037,11.119131666666668,19.2,19.1,19.2,18.2,19.1,18.614285714285717,18.564285714285713,18.69666666666667,18.413333333333334,9.8,23.0,15.671428571428573,15.821428571428571,18.4,12.308752777777778,3.7,21.5,18.8,6.474038888888889,2.9,10.8,18.7,12.526894444444444,0.5,11.1,19.2,12.91868611111111,1.3,25.2,18.8,12.582630555555555,2.1,21.0,0,26,3,49.0,0.7790832474489796,0.2209167525510204,1176.0
2026-05-05,12.414141,1.0,1.0,22.6,19.9,0.0,10.4,12.24085,2026,5,5,19,1,Tuesday,0,2,2026-05-01,1963757.0,38.40613974,50.026153824,64.513985004,50.197848860571426,61.74476505771428,22.781891412,-3.325953852000005,48.288424,47.865077,24.028648,22.324146,35.95075528571427,35.076367278571425,32.158482639999995,48.429565,22.324146,0.0,0.0,2.0,2.3,0.8428571428571434,2.1714285714285713,2.233333333333334,3.1166666666666667,12.468738888888888,12.0,10.387427777777777,10.83461150793651,11.033135515873015,11.04619,11.114848055555553,19.5,19.2,19.5,18.1,18.7,18.800000000000004,18.592857142857145,18.71,18.43,9.4,21.0,13.72857142857143,15.37857142857143,19.1,12.431852777777777,0.0,15.1,18.5,5.012411111111112,1.9,10.4,18.9,11.630786111111112,0.0,15.6,18.5,12.911772222222222,9.0,25.2,19.1,12.885866666666667,0.4,17.7,0,25,4,49.0,0.7790832474489796,0.2209167525510204,1176.0
2026-05-06,60.689785,3.0,3.0,21.1,19.1,1.1,13.6,12.37436111111111,2026,5,6,19,2,Wednesday,0,2,2026-05-01,1963757.0,61.188031152,38.40613974,43.22550042,49.722712596,60.25220820514285,-25.221320892,-7.258790160000004,12.414141,48.288424,47.865077,48.429565,34.53504028571428,34.24700585,32.572287339999995,48.429565,12.414141,0.0,0.0,3.7,3.4,0.5571428571428577,2.007142857142857,2.2066666666666666,2.49,12.24085,2.79405,9.948691666666667,10.86901865079365,11.165522817460317,11.054218333333333,11.049883055555556,19.9,19.5,19.9,17.6,17.8,19.057142857142857,18.678571428571427,18.72666666666667,18.446666666666665,10.4,10.3,12.214285714285714,14.364285714285714,18.8,6.474038888888889,2.9,10.8,18.7,12.526894444444444,0.5,11.1,19.2,12.465919444444443,0.1,17.9,18.4,11.410211111111112,5.4,20.9,19.9,13.498405555555555,0.0,22.3,0,24,5,49.0,0.7790832474489796,0.2209167525510204,1176.0
2026-05-07,0.0,0.0,0.0,20.2,18.4,3.7,21.5,12.308752777777778,2026,5,7,19,3,Thursday,0,2,2026-05-01,1963757.0,35.96671026,61.188031152,41.02406406,48.68574257314286,56.842106785714286,27.982041084000002,22.924687284,60.689785,12.414141,48.288424,36.670998999999995,36.286500285714276,36.803627635714285,32.97749780666666,60.689785,12.414141,1.1,0.0,0.0,2.3,0.18571428571428622,1.842857142857143,2.243333333333333,1.8833333333333335,12.37436111111111,12.035422222222222,11.811358333333333,12.237634523809524,11.33878492063492,11.066697037037038,11.324412314814817,19.1,19.9,19.1,19.1,18.5,19.271428571428572,18.771428571428572,18.730000000000004,18.503333333333334,13.6,18.0,12.685714285714285,14.692857142857145,18.5,5.012411111111112,1.9,10.4,18.9,11.630786111111112,0.0,15.6,19.2,12.91868611111111,1.3,25.2,18.5,12.66663611111111,6.8,22.2,20.4,13.425144444444443,0.0,26.8,0,23,6,49.0,0.7790832474489796,0.2209167525510204,1176.0
2026-05-08,0.0,0.0,0.0,23.0,19.1,0.0,15.1,12.431852777777777,2026,5,8,19,4,Friday,0,2,2026-05-01,1963757.0,63.948751344,35.96671026,51.34701564,51.960697899428574,56.68826123314285,-1.0650192120000028,11.536716491999996,0.0,60.689785,12.414141,24.048428,31.047786142857138,33.34852527857142,32.175750539999996,60.689785,0.0,3.7,1.1,0.0,0.0,0.7142857142857147,1.9428571428571428,2.0200000000000005,1.7,12.308752777777778,12.272138888888888,12.0,12.276681746031745,11.374313095238096,11.110322129629628,11.326581481481481,18.4,19.1,18.4,19.0,18.6,19.17142857142857,18.764285714285712,18.753333333333334,18.529999999999998,21.5,14.4,13.185714285714287,15.37857142857143,18.7,12.526894444444444,0.5,11.1,19.2,12.465919444444443,0.1,17.9,18.5,12.911772222222222,9.0,25.2,18.8,12.582630555555555,2.1,21.0,20.3,13.273422222222223,0.0,25.6,0,22,7,49.0,0.7790832474489796,0.2209167525510204,1176.0
2026-05-09,48.401625,2.0,2.0,20.0,18.8,2.9,10.8,6.474038888888889,2026,5,9,19,5,Saturday,1,2,2026-05-01,1963757.0,62.883732132,63.948751344,62.842083336,53.60880025542857,56.13790214314286,-0.48788589600000165,-0.4462371000000047,0.0,0.0,60.689785,24.028648,27.612296428571423,31.61795427857143,32.175750539999996,60.689785,0.0,0.0,3.7,0.2,3.6,0.7142857142857147,1.9428571428571428,1.9233333333333333,1.6633333333333336,12.431852777777777,11.944350000000002,12.0,12.299498015873015,11.405159722222223,11.195626296296297,11.358238333333334,19.1,18.4,19.1,19.1,18.6,19.185714285714287,18.8,18.85,18.563333333333333,15.1,13.2,13.285714285714286,15.414285714285713,18.9,11.630786111111112,0.0,15.6,19.2,12.91868611111111,1.3,25.2,18.4,11.410211111111112,5.4,20.9,19.1,12.885866666666667,0.4,17.7,20.6,12.78425,0.0,21.1,0,21,8,49.0,0.7790832474489796,0.2209167525510204,1176.0
2026-05-10,24.043629,1.0,1.0,20.7,18.5,1.9,10.4,5.012411111111112,2026,5,10,19,6,Sunday,1,2,2026-05-01,1963757.0,62.395846236,62.883732132,50.026153824,53.545052098285716,55.37929907314286,0.9757717920000033,13.345464204000002,48.401625,0.0,0.0,47.865077,31.094150285714278,33.34296727857143,33.78913804,60.689785,0.0,2.9,0.0,0.0,4.6,1.1000000000000003,1.8928571428571428,1.896666666666667,1.8,6.474038888888889,12.327580555555556,11.581705555555555,11.518025,11.010448214285715,11.011427592592593,11.345204999999998,18.8,19.1,18.8,19.2,18.3,19.142857142857142,18.814285714285717,18.913333333333334,18.596666666666668,10.8,9.8,12.942857142857141,15.135714285714286,19.2,12.465919444444443,0.1,17.9,18.5,12.911772222222222,9.0,25.2,18.5,12.66663611111111,6.8,22.2,19.9,13.498405555555555,0.0,22.3,21.5,13.562272222222223,0.0,17.2,0,20,9,49.0,0.7790832474489796,0.2209167525510204,1176.0
2026-05-11,46.455867,2.0,2.0,20.6,18.7,0.5,11.1,12.526894444444444,2026,5,11,20,0,Monday,0,2,2026-05-01,1963757.0,63.371618028,62.395846236,38.40613974,55.45154698457143,54.26668123714286,-36.94843188,-11.982953592000001,24.043629,48.401625,0.0,48.288424,27.691086285714277,33.44515921428572,34.59059233999999,60.689785,0.0,1.9,2.9,0.0,8.3,1.3714285714285719,1.7,1.9100000000000001,2.0733333333333333,5.012411111111112,12.468738888888888,10.892433333333335,10.473000793650794,10.541212896825396,10.778507962962964,11.308561944444445,18.5,18.8,18.5,19.5,18.2,19.042857142857144,18.82857142857143,18.959999999999997,18.613333333333333,10.4,9.4,13.028571428571428,14.349999999999998,19.2,12.91868611111111,1.3,25.2,18.4,11.410211111111112,5.4,20.9,18.8,12.582630555555555,2.1,21.0,20.4,13.425144444444443,0.0,26.8,23.3,13.516591666666667,0.0,12.3,0,19,10,49.0,0.7790832474489796,0.2209167525510204,1176.0
2026-05-12,0.0,0.0,0.0,21.1,18.9,0.0,15.6,11.630786111111112,2026,5,12,20,1,Tuesday,0,2,2026-05-01,1963757.0,26.423186148,63.371618028,61.188031152,53.739696471428566,51.968772666,28.386629388000003,-6.3782156159999985,46.455867,24.043629,48.401625,12.414141,27.42929242857142,31.690023857142858,35.332160906666665,60.689785,0.0,0.5,1.9,0.0,2.0,1.4428571428571433,1.1428571428571428,1.8166666666666667,2.1233333333333335,12.526894444444444,12.24085,12.0,10.48130873015873,10.657960119047619,10.872168981481481,11.308561944444445,18.7,18.5,18.7,19.9,18.1,18.928571428571427,18.864285714285717,18.993333333333336,18.623333333333335,11.1,10.4,13.27142857142857,13.5,18.5,12.911772222222222,9.0,25.2,18.5,12.66663611111111,6.8,22.2,19.1,12.885866666666667,0.4,17.7,20.3,13.273422222222223,0.0,25.6,24.3,13.017130555555555,1.5,12.9,0,18,11,49.0,0.7790832474489796,0.2209167525510204,1176.0
2026-05-13,60.853761000000006,3.0,3.0,21.6,19.2,0.1,17.9,12.465919444444443,2026,5,13,20,2,Wednesday,0,2,2026-05-01,1963757.0,54.809815536,26.423186148,35.96671026,52.828522812,51.275617704000005,-23.091282468000003,-4.248177192,0.0,46.455867,24.043629,60.689785,25.655843714285705,30.095442,33.718677973333335,60.689785,0.0,0.0,0.5,1.1,3.7,1.4428571428571433,1.0,1.4566666666666668,2.23,11.630786111111112,12.37436111111111,2.79405,10.394156746031745,10.6315876984127,10.859861851851852,11.001696944444443,18.9,18.7,18.9,19.1,17.6,18.785714285714285,18.92142857142857,19.066666666666666,18.633333333333333,15.6,13.6,14.014285714285716,13.114285714285714,18.4,11.410211111111112,5.4,20.9,18.8,12.582630555555555,2.1,21.0,19.9,13.498405555555555,0.0,22.3,20.6,12.78425,0.0,21.1,21.3,13.23366388888889,6.1,19.8,0,17,12,49.0,0.7790832474489796,0.2209167525510204,1176.0
2026-05-14,24.060215,1.0,1.0,21.3,19.2,1.3,25.2,12.91868611111111,2026,5,14,20,3,Thursday,0,2,2026-05-01,1963757.0,31.718533068,54.809815536,63.948751344,52.221640356,50.45369146457143,3.569896800000002,-28.660321476,60.853761000000006,0.0,46.455867,0.0,25.67926885714285,30.98288457142857,35.04715793,60.853761000000006,0.0,0.1,0.0,3.7,0.0,1.3000000000000005,0.7428571428571429,1.4166666666666667,2.23,12.465919444444443,12.308752777777778,12.035422222222222,10.407236507936506,11.322435515873016,10.895581481481482,11.002877685185185,19.2,18.9,19.2,18.4,19.1,18.8,19.035714285714285,19.139999999999997,18.633333333333333,17.9,21.5,14.628571428571428,13.657142857142858,18.5,12.66663611111111,6.8,22.2,19.1,12.885866666666667,0.4,17.7,20.4,13.425144444444443,0.0,26.8,21.5,13.562272222222223,0.0,17.2,19.9,13.30793888888889,0.1,17.8,0,16,13,49.0,0.7790832474489796,0.2209167525510204,1176.0
2026-05-15,24.101137,1.0,1.0,21.0,18.5,9.0,25.2,12.911772222222222,2026,5,15,20,4,Friday,0,2,2026-05-01,1963757.0,35.288429868,31.718533068,62.883732132,48.12730871657142,50.044003308,3.433050756,-24.162251507999997,24.060215,60.853761000000006,0.0,0.0,29.116442428571418,30.082114285714287,34.240799063333334,60.853761000000006,0.0,1.3,0.1,0.0,0.0,0.9571428571428576,0.8357142857142856,1.4400000000000002,2.23,12.91868611111111,12.431852777777777,12.272138888888888,10.49436984126984,11.385525793650794,10.959537685185186,11.011948981481481,19.2,19.2,19.2,19.1,19.0,18.914285714285715,19.042857142857144,19.2,18.636666666666667,25.2,15.1,15.157142857142857,14.171428571428573,18.8,12.582630555555555,2.1,21.0,19.9,13.498405555555555,0.0,22.3,20.3,13.273422222222223,0.0,25.6,23.3,13.516591666666667,0.0,12.3,19.9,11.373394444444445,0.8,19.3,0,15,14,49.0,0.7790832474489796,0.2209167525510204,1176.0
2026-05-16,24.151094,1.0,1.0,20.3,18.4,5.4,20.9,11.410211111111112,2026,5,16,20,5,Saturday,1,2,2026-05-01,1963757.0,38.721480624,35.288429868,62.395846236,44.67555850114286,49.14217937828572,3.4390005839999986,-20.235365027999997,24.101137,24.060215,60.853761000000006,48.401625,32.55946199999999,30.085879214285715,33.81991999666666,60.853761000000006,0.0,9.0,1.3,2.9,0.2,2.2428571428571433,1.4785714285714284,1.7233333333333334,2.236666666666667,12.911772222222222,6.474038888888889,11.944350000000002,10.56292976190476,11.43121388888889,11.072281851851852,11.01009398148148,18.5,19.2,18.5,18.8,19.1,18.82857142857143,19.00714285714286,19.220000000000002,18.66,25.2,10.8,16.6,14.942857142857141,19.1,12.885866666666667,0.4,17.7,20.4,13.425144444444443,0.0,26.8,20.6,12.78425,0.0,21.1,24.3,13.017130555555555,1.5,12.9,19.4,12.087052777777778,1.2,20.1,0,14,15,49.0,0.7790832474489796,0.2209167525510204,1176.0
2026-05-17,22.411984,1.0,1.0,20.5,18.5,6.8,22.2,12.66663611111111,2026,5,17,20,6,Sunday,1,2,2026-05-01,1963757.0,42.160481208,38.721480624,63.371618028,41.78479206857143,47.664922083428564,5.23584864,-15.97528818,24.151094,24.101137,24.060215,24.043629,29.09510042857142,30.09462535714286,32.21415679666667,60.853761000000006,0.0,5.4,9.0,1.9,0.0,2.6000000000000005,1.8499999999999999,1.9033333333333335,2.236666666666667,11.410211111111112,5.012411111111112,12.327580555555556,11.268097222222222,11.39306111111111,11.060168240740742,11.03056537037037,18.4,18.5,18.4,18.5,19.2,18.77142857142857,18.957142857142856,19.216666666666665,18.69666666666667,20.9,10.4,18.04285714285714,15.492857142857144,19.9,13.498405555555555,0.0,22.3,20.3,13.273422222222223,0.0,25.6,21.5,13.562272222222223,0.0,17.2,21.3,13.23366388888889,6.1,19.8,19.6,12.17351388888889,1.3,20.2,0,13,16,49.0,0.7790832474489796,0.2209167525510204,1176.0
2026-05-18,48.925551,2.0,2.0,20.9,18.8,2.1,21.0,12.582630555555555,2026,5,18,21,0,Monday,0,2,2026-05-01,1963757.0,47.396329848,42.160481208,26.423186148,39.50260804285714,47.477077513714285,-21.466979424,-0.4938357240000002,22.411984,24.151094,24.101137,46.455867,28.862008285714275,28.276547285714287,31.535505796666666,60.853761000000006,0.0,6.8,5.4,0.5,0.0,3.3000000000000007,2.335714285714286,2.1300000000000003,2.233333333333334,12.66663611111111,12.526894444444444,12.468738888888888,12.361557936507936,11.417279365079365,11.082389444444443,11.04619,18.5,18.4,18.5,18.7,19.5,18.77142857142857,18.907142857142855,19.173333333333332,18.71,22.2,11.1,19.728571428571428,16.37857142857143,20.4,13.425144444444443,0.0,26.8,20.6,12.78425,0.0,21.1,23.3,13.516591666666667,0.0,12.3,19.9,13.30793888888889,0.1,17.8,21.0,13.37201111111111,0.0,19.1,0,12,17,49.0,0.7790832474489796,0.2209167525510204,1176.0
2026-05-19,0.0,0.0,0.0,21.3,19.1,0.4,17.7,12.885866666666667,2026,5,19,21,1,Tuesday,0,2,2026-05-01,1963757.0,25.929350424,47.396329848,54.809815536,39.432060082285716,46.585878276857144,26.333938728,-2.5465263840000034,48.925551,22.411984,24.151094,0.0,29.214820285714275,28.32205635714286,32.35683939666667,60.853761000000006,0.0,2.1,6.8,0.0,0.0,3.528571428571429,2.4857142857142853,2.2,2.2066666666666666,12.582630555555555,11.630786111111112,12.24085,12.369520238095237,11.425414484126984,11.280406574074075,11.054218333333333,18.8,18.5,18.8,18.9,19.9,18.785714285714285,18.857142857142858,18.990000000000002,18.72666666666667,21.0,15.6,21.142857142857142,17.207142857142856,20.3,13.273422222222223,0.0,25.6,21.5,13.562272222222223,0.0,17.2,24.3,13.017130555555555,1.5,12.9,19.9,11.373394444444445,0.8,19.3,20.8,11.739869444444444,1.2,22.0,0,11,18,49.0,0.7790832474489796,0.2209167525510204,1176.0
2026-05-20,48.106414,2.0,2.0,22.8,19.9,0.0,22.3,13.498405555555555,2026,5,20,21,2,Wednesday,0,2,2026-05-01,1963757.0,52.263289152,25.929350424,31.718533068,39.06827059885715,45.94839670542858,-19.557084636,0.9876714480000004,0.0,48.925551,22.411984,60.853761000000006,29.214820285714275,27.435332,30.807696463333336,60.853761000000006,0.0,0.4,2.1,0.1,1.1,3.5857142857142863,2.5142857142857147,2.21,2.243333333333333,12.885866666666667,12.465919444444443,12.37436111111111,12.548817460317462,11.471487103174605,11.309653148148149,11.066697037037038,19.1,18.8,19.1,19.2,19.1,18.814285714285713,18.8,18.75,18.730000000000004,17.7,17.9,21.442857142857143,17.728571428571428,20.6,12.78425,0.0,21.1,23.3,13.516591666666667,0.0,12.3,21.3,13.23366388888889,6.1,19.8,19.4,12.087052777777778,1.2,20.1,20.4,11.813002777777777,0.7,21.2,0,10,19,49.0,0.7790832474489796,0.2209167525510204,1176.0
2026-05-21,0.0,0.0,0.0,23.2,20.4,0.0,26.8,13.425144444444443,2026,5,21,21,3,Thursday,0,2,2026-05-01,1963757.0,32.706204516,52.263289152,35.288429868,39.20936652,45.715503438,26.494584084000003,23.912358732,48.106414,0.0,48.925551,24.060215,27.393770714285704,26.536519785714287,31.189478163333334,48.925551,0.0,0.0,0.4,1.3,3.7,3.571428571428572,2.435714285714286,2.186666666666667,2.0200000000000005,13.498405555555555,12.91868611111111,12.308752777777778,12.696315476190476,11.551775992063492,11.360132407407407,11.110322129629628,19.9,19.1,19.9,19.2,18.4,18.914285714285715,18.857142857142858,18.776666666666667,18.753333333333334,22.3,25.2,22.071428571428573,18.349999999999998,21.5,13.562272222222223,0.0,17.2,24.3,13.017130555555555,1.5,12.9,19.9,13.30793888888889,0.1,17.8,19.6,12.17351388888889,1.3,20.2,21.1,12.730413888888888,0.3,22.8,0,9,20,49.0,0.7790832474489796,0.2209167525510204,1176.0
2026-05-22,12.471387,1.0,1.0,22.7,20.3,0.0,25.6,13.273422222222223,2026,5,22,21,4,Friday,0,2,2026-05-01,1963757.0,59.2007886,32.706204516,38.721480624,42.62541776742857,45.376363242000004,-1.642152528000004,18.837155447999997,0.0,48.106414,0.0,24.101137,23.956597142857138,26.536519785714287,30.38863813,48.925551,0.0,0.0,0.0,9.0,0.0,3.385714285714286,2.1714285714285713,2.1100000000000003,1.9233333333333333,13.425144444444443,12.911772222222222,12.431852777777777,12.768666666666665,11.631518253968254,11.461389629629629,11.195626296296297,20.4,19.9,20.4,18.5,19.1,19.085714285714285,19.0,18.833333333333332,18.85,26.8,25.2,22.300000000000004,18.728571428571428,23.3,13.516591666666667,0.0,12.3,21.3,13.23366388888889,6.1,19.8,19.9,11.373394444444445,0.8,19.3,21.0,13.37201111111111,0.0,19.1,19.8,8.584133333333334,4.7,22.2,0,8,21,49.0,0.7790832474489796,0.2209167525510204,1176.0
2026-05-23,48.120536,2.0,1.0,23.3,20.6,0.0,21.1,12.78425,2026,5,23,21,5,Saturday,1,2,2026-05-01,1963757.0,57.558636072,59.2007886,42.160481208,45.31643997428572,44.99599923771429,10.519295904000003,25.917450768000002,12.471387,0.0,48.106414,24.151094,22.295204285714277,27.427333142857144,29.974448363333334,48.925551,0.0,0.0,0.0,5.4,2.9,2.1000000000000005,2.1714285714285713,1.9966666666666668,1.896666666666667,13.273422222222223,11.410211111111112,6.474038888888889,12.820330952380953,11.691630357142857,11.57221398148148,11.011427592592593,20.3,20.4,20.3,18.4,18.8,19.342857142857145,19.085714285714285,18.916666666666668,18.913333333333334,25.6,20.9,22.357142857142858,19.478571428571428,24.3,13.017130555555555,1.5,12.9,19.9,13.30793888888889,0.1,17.8,19.4,12.087052777777778,1.2,20.1,20.8,11.739869444444444,1.2,22.0,20.6,13.44361111111111,0.3,24.9,0,7,22,49.0,0.7790832474489796,0.2209167525510204,1176.0
2026-05-24,24.054406,1.0,1.0,24.2,21.5,0.0,17.2,13.562272222222223,2026,5,24,21,6,Sunday,1,2,2026-05-01,1963757.0,68.077931976,57.558636072,47.396329848,49.01893294114286,45.40186250485714,11.090479391999992,31.772081519999993,48.120536,12.471387,0.0,22.411984,25.719410285714275,27.407255357142855,29.96608513,48.925551,0.0,0.0,0.0,6.8,1.9,1.3285714285714292,1.9642857142857142,1.9200000000000002,1.9100000000000001,12.78425,12.66663611111111,5.012411111111112,13.016622222222223,12.142359722222222,11.604643703703704,10.778507962962964,20.6,20.3,20.6,18.5,18.5,19.657142857142855,19.214285714285715,18.986666666666668,18.959999999999997,21.1,22.2,22.385714285714283,20.214285714285715,21.3,13.23366388888889,6.1,19.8,19.9,11.373394444444445,0.8,19.3,19.6,12.17351388888889,1.3,20.2,20.4,11.813002777777777,0.7,21.2,20.5,12.101725,1.6,21.1,0,6,23,49.0,0.7790832474489796,0.2209167525510204,1176.0
2026-05-25,72.506418,3.0,3.0,26.2,23.3,0.0,12.3,13.516591666666667,2026,5,25,22,0,Monday,0,2,2026-05-01,1963757.0,79.168411368,68.077931976,25.929350424,53.557801729714285,46.530204886285716,-35.78821541999999,17.450845524,24.054406,48.120536,12.471387,48.925551,25.95404199999999,27.408025142857145,29.960298863333335,48.925551,0.0,0.0,0.0,2.1,0.5,0.35714285714285765,1.8285714285714287,1.9200000000000002,1.8166666666666667,13.562272222222223,12.582630555555555,12.526894444444444,13.144570238095238,12.753064087301587,11.656719444444443,10.872168981481481,21.5,20.6,21.5,18.8,18.7,20.085714285714285,19.428571428571427,19.083333333333332,18.993333333333336,17.2,21.0,21.67142857142857,20.7,19.9,13.30793888888889,0.1,17.8,19.4,12.087052777777778,1.2,20.1,21.0,13.37201111111111,0.0,19.1,21.1,12.730413888888888,0.3,22.8,20.4,13.490622222222221,0.0,19.2,0,5,24,49.0,0.7790832474489796,0.2209167525510204,1176.0
2026-05-26,36.753893000000005,2.0,2.0,28.8,24.3,1.5,12.9,13.017130555555555,2026,5,26,22,1,Tuesday,0,2,2026-05-01,1963757.0,43.380195948,79.168411368,52.263289152,56.05077966171428,47.741419872,-1.4696075160000035,-10.352700720000001,72.506418,24.054406,48.120536,0.0,29.32273728571428,29.268778785714282,31.56879803,72.506418,0.0,0.0,0.0,0.4,0.0,0.057142857142857655,1.792857142857143,1.8,1.4566666666666668,13.516591666666667,12.885866666666667,11.630786111111112,13.277993253968253,12.823756746031746,11.707272499999998,10.859861851851852,23.3,21.5,23.3,19.1,18.9,20.728571428571428,19.757142857142856,19.24,19.066666666666666,12.3,17.7,20.428571428571427,20.785714285714285,19.9,11.373394444444445,0.8,19.3,19.6,12.17351388888889,1.3,20.2,20.8,11.739869444444444,1.2,22.0,19.8,8.584133333333334,4.7,22.2,20.4,12.322983333333333,0.9,19.5,0,4,25,49.0,0.7790832474489796,0.2209167525510204,1176.0
2026-05-27,0.0,0.0,0.0,23.8,21.3,6.1,19.8,13.23366388888889,2026,5,27,22,2,Wednesday,0,2,2026-05-01,1963757.0,41.910588432,43.380195948,32.706204516,54.571822415999996,46.82004650742857,-6.086674043999999,3.117709871999999,36.753893000000005,72.506418,24.054406,48.106414,34.573293428571425,31.894056857142857,32.040163066666665,72.506418,0.0,1.5,0.0,0.0,0.1,0.2142857142857148,1.9000000000000001,1.6966666666666668,1.4166666666666667,13.017130555555555,13.498405555555555,12.465919444444443,13.296745238095237,12.922781349206348,11.755120000000002,10.895581481481482,24.3,23.3,24.3,19.9,19.2,21.47142857142857,20.142857142857142,19.44,19.139999999999997,12.9,22.3,19.74285714285714,20.592857142857145,19.4,12.087052777777778,1.2,20.1,21.0,13.37201111111111,0.0,19.1,20.4,11.813002777777777,0.7,21.2,20.6,13.44361111111111,0.3,24.9,20.1,12.841780555555557,1.1,17.1,0,3,26,49.0,0.7790832474489796,0.2209167525510204,1176.0
2026-05-28,36.755418,2.0,2.0,22.4,19.9,0.1,17.8,13.30793888888889,2026,5,28,22,3,Thursday,0,2,2026-05-01,1963757.0,35.823914388,41.910588432,59.2007886,55.01720954057142,47.113288030285716,25.661608164,2.2847339519999963,0.0,36.753893000000005,72.506418,0.0,27.70094857142856,27.547359642857145,29.672571,72.506418,0.0,6.1,1.5,0.0,1.3,1.085714285714286,2.3285714285714287,1.6233333333333335,1.4400000000000002,13.23366388888889,13.425144444444443,12.91868611111111,13.258925000000001,12.977620238095238,11.833161018518519,10.959537685185186,21.3,24.3,21.3,20.4,19.2,21.67142857142857,20.292857142857144,19.543333333333333,19.2,19.8,26.8,19.385714285714283,20.728571428571428,19.6,12.17351388888889,1.3,20.2,20.8,11.739869444444444,1.2,22.0,21.1,12.730413888888888,0.3,22.8,20.5,12.101725,1.6,21.1,20.5,13.669983333333334,0.0,16.5,0,2,27,49.0,0.7790832474489796,0.2209167525510204,1176.0
2026-05-29,24.135674,1.0,1.0,22.2,19.9,0.8,19.3,11.373394444444445,2026,5,29,22,4,Friday,0,2,2026-05-01,1963757.0,61.485522552,35.823914388,57.558636072,55.343600105142855,48.984508936285714,13.660805087999996,17.587691567999997,36.755418,0.0,36.753893000000005,12.471387,32.95172257142856,28.454159857142855,30.1536134,72.506418,0.0,0.1,6.1,0.0,9.0,1.1000000000000003,2.242857142857143,1.5599999999999998,1.7233333333333334,13.30793888888889,13.273422222222223,12.911772222222222,13.24218134920635,13.005424007936508,11.876758981481482,11.072281851851852,19.9,21.3,19.9,20.3,18.5,21.599999999999998,20.342857142857138,19.60333333333333,19.220000000000002,17.8,25.6,18.1,20.2,21.0,13.37201111111111,0.0,19.1,20.4,11.813002777777777,0.7,21.2,19.8,8.584133333333334,4.7,22.2,20.4,13.490622222222221,0.0,19.2,20.8,13.664344444444444,0.0,17.1,0,1,28,49.0,0.7790832474489796,0.2209167525510204,1176.0
2026-05-30,48.468733,2.0,2.0,21.0,19.4,1.2,20.1,12.087052777777778,2026,5,30,22,5,Saturday,1,2,2026-05-01,1963757.0,75.14632764,61.485522552,68.077931976,57.85612747199999,51.586283723142856,-7.443234828000001,-0.37483916400000794,24.135674,36.755418,0.0,48.120536,34.61804928571428,28.456626785714285,29.343817033333334,72.506418,0.0,0.8,0.1,0.0,5.4,1.2142857142857149,1.657142857142857,1.4633333333333334,1.9033333333333335,11.373394444444445,12.78425,11.410211111111112,12.97074880952381,12.895539880952382,12.16273712962963,11.060168240740742,19.9,19.9,19.9,20.6,18.4,21.542857142857144,20.442857142857143,19.680000000000003,19.216666666666665,19.3,21.1,17.2,19.778571428571432,20.8,11.739869444444444,1.2,22.0,21.1,12.730413888888888,0.3,22.8,20.6,13.44361111111111,0.3,24.9,20.4,12.322983333333333,0.9,19.5,20.5,13.205822222222222,0.0,21.2,1,0,0,49.0,0.7790832474489796,0.2209167525510204,1176.0
2026-05-31,48.14406,2.0,2.0,21.2,19.6,1.3,20.2,12.17351388888889,2026,5,31,22,6,Sunday,1,2,2026-05-01,1963757.0,67.703092812,75.14632764,79.168411368,57.802579019999996,53.41075598057143,-9.299581163999996,-20.764899719999995,48.468733,24.135674,36.755418,24.054406,34.667791714285705,30.193601,29.737074833333335,72.506418,0.0,1.2,0.8,0.0,6.8,1.3857142857142861,1.357142857142857,1.5033333333333332,2.1300000000000003,12.087052777777778,13.562272222222223,12.66663611111111,12.871149206349207,12.943885714285713,12.16445814814815,11.082389444444443,19.4,19.9,19.4,21.5,18.5,21.37142857142857,20.514285714285712,19.69,19.173333333333332,20.1,17.2,17.057142857142857,19.721428571428568,20.4,11.813002777777777,0.7,21.2,19.8,8.584133333333334,4.7,22.2,20.5,12.101725,1.6,21.1,20.1,12.841780555555557,1.1,17.1,20.3,11.738227777777778,0.1,19.0,0,76,1,49.0,0.7790832474489796,0.2209167525510204,1176.0
2026-06-01,70.71535300000001,3.0,3.0,23.8,21.0,0.0,19.1,13.37201111111111,2026,6,1,23,0,Monday,0,2,2026-06-01,1963757.0,58.403511648,67.703092812,43.380195948,54.83616477428571,54.196983251999995,-29.124408059999997,-14.101092359999999,48.14406,48.468733,24.135674,72.506418,38.10917085714285,32.03160642857143,30.54026256666667,72.506418,0.0,1.3,1.2,0.0,2.1,1.5714285714285718,0.9642857142857143,1.5466666666666666,2.2,12.17351388888889,13.516591666666667,12.582630555555555,12.672755158730158,12.908662698412698,12.161170648148149,11.280406574074075,19.6,19.4,19.6,23.3,18.8,21.099999999999998,20.592857142857145,19.71,18.990000000000002,20.2,12.3,17.485714285714288,19.578571428571426,21.1,12.730413888888888,0.3,22.8,20.6,13.44361111111111,0.3,24.9,20.4,13.490622222222221,0.0,19.2,20.5,13.669983333333334,0.0,16.5,20.0,12.546083333333334,0.8,20.0,0,75,2,48.67,,,1168.08
2026-06-02,24.123385,1.0,1.0,23.1,20.8,1.2,22.0,11.739869444444444,2026,6,2,23,1,Tuesday,0,2,2026-06-01,1963757.0,29.279103588,58.403511648,41.910588432,52.82172300857143,54.436251335142856,-1.2673133640000032,-13.898798207999999,70.71535300000001,48.14406,48.468733,36.753893000000005,37.85330442857143,33.58802085714286,32.09648606666667,70.71535300000001,0.0,0.0,1.3,1.5,0.4,1.5714285714285718,0.8142857142857142,1.54,2.21,13.37201111111111,13.017130555555555,12.885866666666667,12.652100793650794,12.965047023809523,12.208759351851853,11.309653148148149,21.0,19.6,21.0,24.3,19.1,20.771428571428572,20.75,19.773333333333333,18.75,19.1,12.9,18.45714285714286,19.442857142857143,19.8,8.584133333333334,4.7,22.2,20.5,12.101725,1.6,21.1,20.4,12.322983333333333,0.9,19.5,20.8,13.664344444444444,0.0,17.1,20.7,12.516288888888889,0.5,17.5,0,74,3,48.67,,,1168.08
2026-06-03,58.3987793,3.0,3.0,22.6,20.4,0.7,21.2,11.813002777777777,2026,6,3,23,2,Wednesday,0,2,2026-06-01,1963757.0,28.011790224,29.279103588,35.823914388,50.83618040742857,52.70400141171428,-8.097715907999998,-15.909840071999998,24.123385,70.71535300000001,48.14406,0.0,36.04894614285713,35.31111978571429,31.305096333333335,70.71535300000001,0.0,1.2,0.0,6.1,0.0,1.528571428571429,0.8714285714285713,1.5799999999999998,2.186666666666667,11.739869444444444,13.23366388888889,13.498405555555555,12.46963492063492,12.883190079365079,12.189168981481481,11.360132407407407,20.8,21.0,20.8,21.3,19.9,20.271428571428572,20.871428571428574,19.826666666666664,18.776666666666667,22.0,19.8,19.75714285714286,19.75,20.6,13.44361111111111,0.3,24.9,20.4,13.490622222222221,0.0,19.2,20.1,12.841780555555557,1.1,17.1,20.5,13.205822222222222,0.0,21.2,21.1,13.500427777777778,0.7,22.9,0,73,4,48.67,,,1168.08
2026-06-04,0.0,0.0,0.0,24.1,21.1,0.3,22.8,12.730413888888888,2026,6,4,23,3,Thursday,0,2,2026-06-01,1963757.0,19.914074316,28.011790224,61.485522552,48.56334611142858,51.790277826,36.412947360000004,-5.158500875999998,58.3987793,24.123385,70.71535300000001,36.755418,44.39162889999999,36.04628873571429,31.64210817666667,70.71535300000001,24.123385,0.7,1.2,0.1,0.0,0.7571428571428577,0.9214285714285714,1.6033333333333333,2.1100000000000003,11.813002777777777,13.30793888888889,13.425144444444443,12.266683333333333,12.762804166666665,12.167311111111111,11.461389629629629,20.4,20.8,20.4,19.9,20.4,20.142857142857142,20.907142857142855,19.856666666666666,18.833333333333332,21.2,17.8,19.957142857142856,19.67142857142857,20.5,12.101725,1.6,21.1,20.4,12.322983333333333,0.9,19.5,20.5,13.669983333333334,0.0,16.5,20.3,11.738227777777778,0.1,19.0,21.1,13.157894444444445,0.8,22.5,0,72,5,48.67,,,1168.08
2026-06-05,36.502967,2.0,2.0,21.1,19.8,4.7,22.2,8.584133333333334,2026,6,5,23,4,Friday,0,2,2026-06-01,1963757.0,56.327021676,19.914074316,75.14632764,47.82641741485714,51.58500876,-6.3246671640000045,-25.143973128,0.0,58.3987793,24.123385,24.135674,39.14085489999999,36.04628873571429,31.228303476666667,70.71535300000001,0.0,0.3,0.7,0.8,0.0,0.7857142857142863,0.9428571428571428,1.6133333333333333,1.9966666666666668,12.730413888888888,11.373394444444445,13.273422222222223,12.184179761904762,12.713180555555555,12.183629907407406,11.57221398148148,21.1,20.4,21.1,19.9,20.3,20.314285714285713,20.95714285714286,19.896666666666665,18.916666666666668,22.8,19.3,20.671428571428574,19.38571428571429,20.4,13.490622222222221,0.0,19.2,20.1,12.841780555555557,1.1,17.1,20.8,13.664344444444444,0.0,17.1,20.0,12.546083333333334,0.8,20.0,21.5,13.783641666666666,0.0,18.7,0,71,6,48.67,,,1168.08
2026-06-06,24.12865,1.0,1.0,23.2,20.6,0.3,24.9,13.44361111111111,2026,6,6,23,5,Saturday,1,2,2026-06-01,1963757.0,50.002354512,56.327021676,67.703092812,44.23442125371428,51.045274362857135,10.673991432000001,-7.0267468679999965,36.502967,0.0,58.3987793,48.468733,40.907611042857134,37.76283016428572,30.42207621,70.71535300000001,0.0,4.7,0.3,1.2,0.0,1.3428571428571432,1.2785714285714285,1.7333333333333334,1.9200000000000002,8.584133333333334,12.087052777777778,12.78425,11.785713888888889,12.378231349206349,12.05728898148148,11.604643703703704,19.8,21.1,19.8,19.4,20.6,20.3,20.92142857142857,19.919999999999998,18.986666666666668,22.2,20.1,21.085714285714285,19.142857142857142,20.4,12.322983333333333,0.9,19.5,20.5,13.669983333333334,0.0,16.5,20.5,13.205822222222222,0.0,21.2,20.7,12.516288888888889,0.5,17.5,21.5,13.488930555555555,0.0,14.3,0,70,7,48.67,,,1168.08
2026-06-07,24.047059,1.0,1.0,22.4,20.5,1.6,21.1,12.101725,2026,6,7,23,6,Sunday,1,2,2026-06-01,1963757.0,60.676345944,50.002354512,58.403511648,43.23060027257143,50.516589646285716,9.28173168,11.554565976,24.12865,36.502967,0.0,48.14406,37.430456328571424,36.049124021428575,31.226364543333336,70.71535300000001,0.0,0.3,4.7,1.3,0.0,1.2142857142857149,1.3,1.6199999999999999,1.9200000000000002,13.44361111111111,12.17351388888889,13.562272222222223,11.979507936507934,12.42532857142857,12.095117592592594,11.656719444444443,20.6,19.8,20.6,19.6,21.5,20.47142857142857,20.92142857142857,19.993333333333332,19.083333333333332,24.9,20.2,21.771428571428572,19.414285714285715,20.1,12.841780555555557,1.1,17.1,20.8,13.664344444444444,0.0,17.1,20.3,11.738227777777778,0.1,19.0,21.1,13.500427777777778,0.7,22.9,21.8,13.494686111111111,0.0,16.0,0,69,8,48.67,,,1168.08
2026-06-08,58.946244,3.0,3.0,22.3,20.4,0.0,19.2,13.490622222222221,2026,6,8,24,0,Monday,0,2,2026-06-01,1963757.0,69.958077624,60.676345944,29.279103588,44.88125255485714,49.85870866457143,-23.228128511999998,17.450845523999998,24.047059,24.12865,36.502967,70.71535300000001,33.98802761428571,36.048599235714285,32.02793317666667,70.71535300000001,0.0,1.6,0.3,0.0,0.0,1.2571428571428576,1.4142857142857141,1.6733333333333331,1.8,12.101725,13.37201111111111,13.516591666666667,11.969252380952382,12.32100376984127,12.084113333333333,11.707272499999998,20.5,20.6,20.5,21.0,23.3,20.599999999999998,20.849999999999998,20.04,19.24,21.1,19.1,21.900000000000002,19.692857142857143,20.5,13.669983333333334,0.0,16.5,20.5,13.205822222222222,0.0,21.2,20.0,12.546083333333334,0.8,20.0,21.1,13.157894444444445,0.8,22.5,22.2,13.500205555555555,0.0,19.8,0,68,9,48.67,,,1168.08
2026-06-09,48.381396,2.0,2.0,23.0,20.4,0.9,19.5,12.322983333333333,2026,6,9,24,1,Tuesday,0,2,2026-06-01,1963757.0,46.729949112,69.958077624,28.011790224,47.37423048685714,50.09797674771429,-15.671846952,3.046311936000002,58.946244,24.047059,24.12865,24.123385,32.30672632857142,35.08001537857143,32.37942047666667,58.946244,0.0,0.0,1.6,1.2,1.5,1.2571428571428576,1.4142857142857141,1.5766666666666667,1.6966666666666668,13.490622222222221,11.739869444444444,13.017130555555555,11.986196825396826,12.31914880952381,12.317999444444443,11.755120000000002,20.4,20.5,20.4,20.8,24.3,20.514285714285712,20.642857142857142,20.09333333333333,19.44,19.2,22.0,21.91428571428571,20.185714285714283,20.8,13.664344444444444,0.0,17.1,20.3,11.738227777777778,0.1,19.0,20.7,12.516288888888889,0.5,17.5,21.5,13.783641666666666,0.0,18.7,21.8,6.016725,9.9,19.1,0,67,10,48.67,,,1168.08
2026-06-10,48.211985,2.0,2.0,22.1,20.1,1.1,17.1,12.841780555555557,2026,6,10,24,2,Wednesday,0,2,2026-06-01,1963757.0,31.05810216,46.729949112,19.914074316,47.80941790628572,49.32279915685714,-6.187821120000002,4.956206723999998,48.381396,58.946244,24.047059,58.3987793,35.772156471428566,35.91055130714285,33.190679376666665,58.946244,0.0,0.9,0.0,0.7,6.1,1.2142857142857149,1.3714285714285714,1.5433333333333332,1.6233333333333335,12.322983333333333,11.813002777777777,13.23366388888889,12.06949880952381,12.269566865079366,12.561685185185185,11.833161018518519,20.4,20.4,20.4,20.4,21.3,20.457142857142856,20.364285714285717,20.15666666666667,19.543333333333333,19.5,21.2,21.557142857142853,20.657142857142855,20.5,13.205822222222222,0.0,21.2,20.0,12.546083333333334,0.8,20.0,21.1,13.500427777777778,0.7,22.9,21.5,13.488930555555555,0.0,14.3,21.8,13.590225,0.0,16.9,0,66,11,48.67,,,1168.08
2026-06-11,24.24307,1.0,1.0,23.0,20.5,0.0,16.5,13.669983333333334,2026,6,11,24,3,Thursday,0,2,2026-06-01,1963757.0,24.87028104,31.05810216,56.327021676,48.51744743828571,48.54039677485714,16.796364444,-14.660376192000001,48.211985,48.381396,58.946244,0.0,34.316900142857136,39.35426452142857,33.249216643333334,58.946244,0.0,1.1,0.9,0.3,0.1,1.271428571428572,1.0142857142857145,1.5633333333333332,1.5599999999999998,12.841780555555557,12.730413888888888,13.30793888888889,12.216467063492063,12.2415751984127,12.572181388888888,11.876758981481482,20.1,20.4,20.1,21.1,19.9,20.414285714285715,20.27857142857143,20.20333333333333,19.60333333333333,17.1,22.8,20.97142857142857,20.464285714285715,20.3,11.738227777777778,0.1,19.0,20.7,12.516288888888889,0.5,17.5,21.1,13.157894444444445,0.8,22.5,21.8,13.494686111111111,0.0,16.0,22.4,13.674625,0.1,15.7,0,65,12,48.67,,,1168.08
2026-06-12,60.814745,3.0,3.0,23.5,20.8,0.0,17.1,13.664344444444444,2026,6,12,24,4,Friday,0,2,2026-06-01,1963757.0,41.666645484,24.87028104,50.002354512,46.423107982285714,47.12476269857143,-15.814642824,-24.150351851999996,24.24307,48.211985,48.381396,36.502967,37.78019585714285,38.46052537857143,34.05731897666667,58.946244,24.047059,0.0,1.1,4.7,0.8,1.228571428571429,1.0071428571428571,1.5633333333333332,1.4633333333333334,13.669983333333334,8.584133333333334,11.373394444444445,12.350691269841269,12.267435515873018,12.64015462962963,12.16273712962963,20.5,20.1,20.5,19.8,19.9,20.32857142857143,20.321428571428573,20.256666666666664,19.680000000000003,16.5,22.2,20.071428571428573,20.37142857142857,20.0,12.546083333333334,0.8,20.0,21.1,13.500427777777778,0.7,22.9,21.5,13.783641666666666,0.0,18.7,22.2,13.500205555555555,0.0,19.8,22.7,13.36,0.0,19.1,0,64,13,48.67,,,1168.08
2026-06-13,25.90862566,3.0,1.0,22.9,20.5,0.0,21.2,13.205822222222222,2026,6,13,24,5,Saturday,1,2,2026-06-01,1963757.0,25.85200266,41.666645484,60.676345944,42.97305771771429,43.603739485714286,3.040362108,-31.783981175999998,60.814745,24.24307,48.211985,24.12865,41.25330699999999,41.080459021428574,34.056018443333336,60.814745,24.047059,0.0,0.0,0.3,1.2,0.5571428571428577,0.9500000000000001,1.5599999999999998,1.5033333333333332,13.664344444444444,13.44361111111111,12.087052777777778,13.076435714285713,12.4310748015873,12.68010212962963,12.16445814814815,20.8,20.5,20.8,20.6,19.4,20.471428571428568,20.385714285714283,20.310000000000002,19.69,17.1,24.9,19.342857142857145,20.214285714285715,20.7,12.516288888888889,0.5,17.5,21.1,13.157894444444445,0.8,22.5,21.5,13.488930555555555,0.0,14.3,21.8,6.016725,9.9,19.1,22.8,12.926819444444446,0.7,16.4,0,63,14,48.67,,,1168.08
2026-06-14,72.328555,3.0,3.0,22.7,20.3,0.1,19.0,11.738227777777778,2026,6,14,24,6,Sunday,1,2,2026-06-01,1963757.0,28.892364768,25.85200266,69.958077624,38.43248897828572,40.83154462542857,3.5520473159999995,-37.51366554,25.90862566,60.814745,24.24307,24.047059,41.50758923714285,39.469022782857145,34.117632132000004,60.814745,24.047059,0.0,0.0,1.6,1.3,0.5142857142857149,0.8642857142857142,1.5166666666666666,1.5466666666666666,13.205822222222222,12.101725,12.17351388888889,13.042465873015873,12.510986904761905,12.689673333333333,12.161170648148149,20.5,20.8,20.5,20.5,19.6,20.457142857142856,20.464285714285715,20.353333333333335,19.71,21.2,21.1,18.814285714285713,20.292857142857144,21.1,13.500427777777778,0.7,22.9,21.5,13.783641666666666,0.0,18.7,21.8,13.494686111111111,0.0,16.0,21.8,13.590225,0.0,16.9,22.4,13.264105555555556,1.0,17.6,0,62,15,48.67,,,1168.08
2026-06-15,45.972717,2.0,2.0,22.1,20.0,0.8,20.0,12.546083333333334,2026,6,15,25,0,Monday,0,2,2026-06-01,1963757.0,32.444412084,28.892364768,46.729949112,33.07339390114286,38.977323228,6.360366132000003,-7.925170895999997,72.328555,25.90862566,60.814745,58.946244,48.40494580857142,41.19648671142857,35.725212732,72.328555,24.24307,0.1,0.0,0.0,0.0,0.30000000000000054,0.7785714285714286,1.22,1.54,11.738227777777778,13.490622222222221,13.37201111111111,12.990537698412698,12.47989503968254,12.650555185185185,12.208759351851853,20.3,20.5,20.3,20.4,21.0,20.428571428571427,20.514285714285712,20.413333333333334,19.773333333333333,19.0,19.2,18.514285714285712,20.20714285714286,21.1,13.157894444444445,0.8,22.5,21.5,13.488930555555555,0.0,14.3,22.2,13.500205555555555,0.0,19.8,22.4,13.674625,0.1,15.7,22.8,13.34488611111111,0.0,19.3,0,61,16,48.67,,,1168.08
2026-06-16,48.425968999999995,2.0,2.0,23.0,20.7,0.5,17.5,12.516288888888889,2026,6,16,25,1,Tuesday,0,2,2026-06-01,1963757.0,38.804778216,32.444412084,31.05810216,31.941226630285716,39.65772855857143,-11.750910300000001,-4.004234243999999,45.972717,72.328555,25.90862566,48.381396,46.55158480857142,39.42915556857143,36.45260016533334,72.328555,24.24307,0.8,0.1,0.9,1.2,0.41428571428571487,0.8357142857142857,1.0666666666666667,1.5799999999999998,12.546083333333334,12.322983333333333,11.739869444444444,12.855603571428572,12.4209001984127,12.688417592592593,12.189168981481481,20.0,20.3,20.0,20.4,20.8,20.37142857142857,20.442857142857143,20.466666666666665,19.826666666666664,20.0,19.5,18.62857142857143,20.271428571428572,21.5,13.783641666666666,0.0,18.7,21.8,13.494686111111111,0.0,16.0,21.8,6.016725,9.9,19.1,22.7,13.36,0.0,19.1,24.1,13.028155555555555,0.1,15.9,0,60,17,48.67,,,1168.08
2026-06-17,73.206299,3.0,3.0,23.4,21.1,0.7,22.9,13.500427777777778,2026,6,17,25,2,Wednesday,0,2,2026-06-01,1963757.0,27.053867916,38.804778216,24.87028104,31.369193166857144,39.58930553657143,-6.782803920000003,-4.5992170439999995,48.425968999999995,45.972717,72.328555,48.211985,46.557952379999996,41.16505442571429,37.31973299866666,72.328555,24.24307,0.5,0.8,1.1,0.7,0.35714285714285765,0.7857142857142857,0.8566666666666667,1.6033333333333333,12.516288888888889,12.841780555555557,11.813002777777777,12.883218650793651,12.476358730158731,12.68340601851852,12.167311111111111,20.7,20.0,20.7,20.1,20.4,20.414285714285715,20.435714285714283,20.540000000000003,19.856666666666666,17.5,17.1,18.342857142857145,19.95,21.5,13.488930555555555,0.0,14.3,22.2,13.500205555555555,0.0,19.8,21.8,13.590225,0.0,16.9,22.8,12.926819444444446,0.7,16.4,22.9,12.553688888888889,0.0,23.0,0,59,18,48.67,,,1168.08
2026-06-18,24.126799,1.0,1.0,23.9,21.1,0.8,22.5,13.157894444444445,2026,6,18,25,3,Thursday,0,2,2026-06-01,1963757.0,20.271063996,27.053867916,41.666645484,30.71216216057143,39.61480479942857,25.691357304000004,4.295775816000003,73.206299,48.425968999999995,45.972717,24.24307,50.12856866571428,42.22273440428571,38.12909126533334,73.206299,24.24307,0.7,0.5,0.0,0.3,0.30000000000000054,0.7857142857142857,0.81,1.6133333333333333,13.500427777777778,13.669983333333334,12.730413888888888,12.97731111111111,12.596889087301589,12.713999259259259,12.183629907407406,21.1,20.7,21.1,20.5,21.1,20.557142857142857,20.485714285714288,20.616666666666667,19.896666666666665,22.9,16.5,19.17142857142857,20.071428571428573,21.8,13.494686111111111,0.0,16.0,21.8,6.016725,9.9,19.1,22.4,13.674625,0.1,15.7,22.4,13.264105555555556,1.0,17.6,22.8,12.192352777777778,0.7,23.8,0,58,19,48.67,,,1168.08
2026-06-19,36.538364,2.0,2.0,24.2,21.5,0.0,18.7,13.783641666666666,2026,6,19,25,4,Friday,0,2,2026-06-01,1963757.0,45.9624213,20.271063996,25.85200266,31.32584442,38.874476201142855,15.540950736,35.651369376000005,24.126799,73.206299,48.425968999999995,60.814745,50.11195852285713,43.94607719,38.93331789866667,73.206299,24.126799,0.8,0.7,0.0,4.7,0.41428571428571476,0.8214285714285714,0.8233333333333334,1.7333333333333334,13.157894444444445,13.664344444444444,8.584133333333334,12.904155555555556,12.62742341269841,12.723066851851852,12.05728898148148,21.1,21.1,21.1,20.8,19.8,20.642857142857142,20.485714285714284,20.683333333333334,19.919999999999998,22.5,17.1,20.02857142857143,20.05,22.2,13.500205555555555,0.0,19.8,21.8,13.590225,0.0,16.9,22.7,13.36,0.0,19.1,22.8,13.34488611111111,0.0,19.3,22.9,13.380172222222223,0.0,19.0,0,57,20,48.67,,,1168.08
2026-06-20,46.44867,2.0,2.0,24.6,21.5,0.0,14.3,13.488930555555555,2026,6,20,25,5,Saturday,1,2,2026-06-01,1963757.0,61.503372036,45.9624213,28.892364768,36.418897188,39.69597745285714,3.2069572919999985,35.81796456,36.538364,24.126799,73.206299,25.90862566,46.6439040942857,43.948605547142854,38.547716232,73.206299,24.126799,0.0,0.8,0.0,0.3,0.41428571428571476,0.48571428571428577,0.8233333333333334,1.6199999999999999,13.783641666666666,13.205822222222222,13.44361111111111,12.921198015873017,12.998816865079364,12.732574722222221,12.095117592592594,21.5,21.1,21.5,20.5,20.6,20.74285714285714,20.607142857142858,20.736666666666665,19.993333333333332,18.7,21.2,20.257142857142856,19.8,21.8,6.016725,9.9,19.1,22.4,13.674625,0.1,15.7,22.8,12.926819444444446,0.7,16.4,24.1,13.028155555555555,0.1,15.9,23.2,13.540747222222222,0.0,17.6,0,56,21,48.67,,,1168.08
2026-06-21,48.274150000000006,2.0,2.0,24.7,21.8,0.0,16.0,13.494686111111111,2026,6,21,25,6,Sunday,1,2,2026-06-01,1963757.0,64.710329328,61.503372036,32.444412084,41.535749268000004,39.98411912314286,-64.710329328,-32.444412084,46.44867,36.538364,24.126799,72.328555,49.578196142857124,45.542892689999995,40.096005232,73.206299,24.126799,0.0,0.0,0.1,1.6,0.41428571428571476,0.46428571428571436,0.8233333333333334,1.6733333333333331,13.488930555555555,11.738227777777778,12.101725,12.961642063492064,13.00205396825397,12.734700925925926,12.084113333333333,21.5,21.5,21.5,20.3,20.5,20.885714285714283,20.67142857142857,20.77333333333333,20.04,14.3,19.0,19.271428571428572,19.042857142857144,21.8,13.590225,0.0,16.9,22.7,13.36,0.0,19.1,22.4,13.264105555555556,1.0,17.6,22.9,12.553688888888889,0.0,23.0,24.0,13.224694444444445,0.0,20.6,0,55,22,48.67,,,1168.08
2026-06-22,48.263092,2.0,2.0,25.2,22.2,0.0,19.8,13.500205555555555,2026,6,22,26,0,Monday,0,2,2026-06-01,1963757.0,0.0,64.710329328,38.804778216,36.900833256,34.98711357857143,40.006643472,1.2018652559999978,48.274150000000006,46.44867,36.538364,45.972717,46.141852571428565,47.27339919,41.289430665333335,73.206299,24.126799,0.0,0.0,0.8,0.0,0.40000000000000047,0.35000000000000003,0.8233333333333334,1.5766666666666667,13.494686111111111,12.546083333333334,13.490622222222221,13.212564682539682,13.10155119047619,12.742076388888888,12.317999444444443,21.8,21.5,21.8,20.0,20.4,21.099999999999998,20.764285714285712,20.823333333333334,20.09333333333333,16.0,20.0,18.842857142857145,18.678571428571427,22.4,13.674625,0.1,15.7,22.8,12.926819444444446,0.7,16.4,22.8,13.34488611111111,0.0,19.3,22.8,12.192352777777778,0.7,23.8,24.4,13.226072222222223,0.0,17.9,0,54,23,48.67,,,1168.08
2026-06-23,21.15199,1.0,1.0,22.8,21.8,9.9,19.1,6.016725,2026,6,23,26,1,Tuesday,0,2,2026-06-01,1963757.0,40.006643472,0.0,27.053867916,37.07252829257143,34.50687746142857,21.609775296000002,34.562550852,48.263092,48.274150000000006,46.44867,48.425968999999995,46.46904899999999,46.510316904285716,41.294182532,73.206299,24.126799,0.0,0.0,0.5,0.9,0.2857142857142862,0.35000000000000003,0.8233333333333334,1.5433333333333332,13.500205555555555,12.516288888888889,12.322983333333333,13.348867857142858,13.102235714285714,12.765941574074073,12.561685185185185,22.2,21.8,22.2,20.7,20.4,21.414285714285715,20.892857142857142,20.876666666666665,20.15666666666667,19.8,17.5,18.814285714285717,18.72142857142857,22.7,13.36,0.0,19.1,22.4,13.264105555555556,1.0,17.6,24.1,13.028155555555555,0.1,15.9,22.9,13.380172222222223,0.0,19.0,26.2,13.385641666666666,0.0,13.1,0,53,24,48.67,,,1168.08
2026-06-24,60.693206,3.0,3.0,24.0,21.8,0.0,16.9,13.590225,2026,6,24,26,2,Wednesday,0,2,2026-06-01,1963757.0,61.616418768,40.006643472,20.271063996,42.010035557142864,36.689614362,-14.945967936000002,26.399386836,21.15199,48.263092,48.274150000000006,73.206299,42.57276628571428,44.56535933285715,41.197435332000005,73.206299,21.15199,9.9,0.0,0.7,1.1,1.6285714285714292,0.992857142857143,1.1533333333333333,1.5633333333333332,6.016725,13.500427777777778,12.841780555555557,12.42035873015873,12.651788690476192,12.514423333333333,12.572181388888888,21.8,22.2,21.8,21.1,20.1,21.571428571428573,20.99285714285714,20.886666666666667,20.20333333333333,19.1,22.9,19.042857142857144,18.692857142857143,22.8,12.926819444444446,0.7,16.4,22.8,13.34488611111111,0.0,19.3,22.9,12.553688888888889,0.0,23.0,23.2,13.540747222222222,0.0,17.6,25.7,13.307197222222223,0.0,20.0,0,52,25,48.67,,,1168.08
2026-06-25,48.389686999999995,2.0,2.0,24.9,22.4,0.1,15.7,13.674625,2026,6,25,26,3,Thursday,0,2,2026-06-01,1963757.0,46.670450832,61.616418768,45.9624213,45.78137653371429,38.24676934714285,-1.172116115999998,-0.46408658400000036,60.693206,21.15199,48.263092,24.126799,40.785181571428566,45.456875118571425,40.803661598666665,60.693206,21.15199,0.0,9.9,0.8,0.0,1.5285714285714291,0.9142857142857143,1.1533333333333333,1.5633333333333332,13.590225,13.157894444444445,13.669983333333334,12.433186904761905,12.70524900793651,12.516877777777777,12.64015462962963,21.8,21.8,21.8,21.1,20.5,21.67142857142857,21.114285714285717,20.836666666666666,20.256666666666664,16.9,22.5,18.185714285714287,18.678571428571427,22.4,13.264105555555556,1.0,17.6,24.1,13.028155555555555,0.1,15.9,22.8,12.192352777777778,0.7,23.8,24.0,13.224694444444445,0.0,20.6,23.7,13.228622222222223,0.0,23.3,0,51,26,48.67,,,1168.08
2026-06-26,24.244514,1.0,1.0,25.1,22.7,0.0,19.1,13.36,2026,6,26,26,4,Friday,0,2,2026-06-01,1963757.0,45.498334716,46.670450832,61.503372036,45.715078450285716,38.520461435142856,18.89070389999999,2.8856665799999917,48.389686999999995,60.693206,21.15199,36.538364,44.25130842857142,47.181633475714285,41.191521398666666,60.693206,21.15199,0.1,0.0,0.0,0.0,1.428571428571429,0.9214285714285715,1.1066666666666667,1.5599999999999998,13.674625,13.783641666666666,13.664344444444444,12.507005555555555,12.705580555555555,12.538794259259259,12.68010212962963,22.4,21.8,22.4,21.5,20.8,21.857142857142858,21.25,20.77333333333333,20.310000000000002,15.7,18.7,17.214285714285715,18.62142857142857,22.8,13.34488611111111,0.0,19.3,22.9,12.553688888888889,0.0,23.0,22.9,13.380172222222223,0.0,19.0,24.4,13.226072222222223,0.0,17.9,23.3,13.070925,0.0,22.2,0,50,27,48.67,,,1168.08
2026-06-27,48.390963,2.0,2.0,24.9,22.8,0.7,16.4,12.926819444444446,2026,6,27,26,5,Saturday,1,2,2026-06-01,1963757.0,64.389038616,45.498334716,64.710329328,46.12731653314285,41.273106860571424,-0.6128322839999925,-0.9341229959999993,24.244514,48.389686999999995,60.693206,46.44867,42.49504414285713,44.56947411857143,41.99967186533333,60.693206,21.15199,0.0,0.1,0.0,0.0,1.428571428571429,0.9214285714285714,0.9033333333333334,1.5166666666666666,13.36,13.488930555555555,13.205822222222222,12.446485317460317,12.683841666666668,12.543005462962961,12.689673333333333,22.7,22.4,22.7,21.5,20.5,22.02857142857143,21.38571428571429,20.82,20.353333333333335,19.1,14.3,17.271428571428572,18.764285714285712,24.1,13.028155555555555,0.1,15.9,22.8,12.192352777777778,0.7,23.8,23.2,13.540747222222222,0.0,17.6,26.2,13.385641666666666,0.0,13.1,23.2,12.514113888888888,1.3,19.9,0,49,28,48.67,,,1168.08
2026-06-28,24.079443,1.0,1.0,24.4,22.4,1.0,17.6,13.264105555555556,2026,6,28,26,6,Sunday,1,2,2026-06-01,1963757.0,63.776206332,64.389038616,0.0,45.99387039085714,43.764809829428565,19.687980851999995,83.464187184,48.390963,24.244514,48.389686999999995,48.274150000000006,42.772514571428566,46.175355357142855,42.38752336533334,60.693206,21.15199,0.7,0.0,0.0,0.1,1.5285714285714291,0.9714285714285714,0.9233333333333333,1.22,12.926819444444446,13.494686111111111,11.738227777777778,12.36618373015873,12.663912896825398,12.53030148148148,12.650555185185185,22.8,22.7,22.8,21.8,20.3,22.214285714285715,21.55,20.916666666666668,20.413333333333334,16.4,16.0,17.571428571428573,18.42142857142857,22.9,12.553688888888889,0.0,23.0,22.9,13.380172222222223,0.0,19.0,24.0,13.224694444444445,0.0,20.6,25.7,13.307197222222223,0.0,20.0,22.7,12.992077777777778,0.0,18.0,0,48,29,48.67,,,1168.08
2026-06-29,42.795594,2.0,2.0,25.7,22.8,0.0,19.3,13.34488611111111,2026,6,29,27,0,Monday,0,2,2026-06-01,1963757.0,83.464187184,63.776206332,40.006643472,57.91732570285715,47.40907947942857,2.016991692000005,45.474535404,24.079443,48.390963,24.244514,48.263092,39.31612785714285,42.728990214285716,42.38564899866667,60.693206,21.15199,1.0,0.7,0.0,0.8,1.6714285714285722,1.0357142857142858,0.9299999999999999,1.0666666666666667,13.264105555555556,13.500205555555555,12.546083333333334,12.333243650793651,12.772904166666667,12.593325185185185,12.688417592592593,22.4,22.8,22.4,22.2,20.0,22.3,21.7,21.0,20.466666666666665,17.6,19.8,17.8,18.321428571428573,22.8,12.192352777777778,0.7,23.8,23.2,13.540747222222222,0.0,17.6,24.4,13.226072222222223,0.0,17.9,23.7,13.228622222222223,0.0,23.3,22.5,13.149108333333334,0.0,12.4,0,47,30,48.67,,,1168.08
2026-06-30,72.397451,3.0,3.0,26.9,24.1,0.1,15.9,13.028155555555555,2026,6,30,27,1,Tuesday,0,2,2026-06-01,1963757.0,85.481178876,83.464187184,61.616418768,64.41368790342857,50.743108098,-26.137594403999998,-2.272834295999999,42.795594,24.079443,48.390963,21.15199,38.53505671428571,42.50205285714286,42.19654436533334,60.693206,21.15199,0.0,1.0,9.9,0.5,1.6714285714285722,0.9785714285714286,0.89,0.8566666666666667,13.34488611111111,6.016725,12.516288888888889,12.31105515873016,12.829961507936506,12.635252962962962,12.68340601851852,22.8,22.4,22.8,21.8,20.7,22.385714285714283,21.900000000000002,21.113333333333333,20.540000000000003,19.3,19.1,17.72857142857143,18.27142857142857,22.9,13.380172222222223,0.0,19.0,24.0,13.224694444444445,0.0,20.6,26.2,13.385641666666666,0.0,13.1,23.3,13.070925,0.0,22.2,22.9,13.148169444444445,0.0,10.0,0,46,31,48.67,,,1168.08
2026-07-01,48.295556000000005,2.0,2.0,25.4,22.9,0.0,23.0,12.553688888888889,2026,7,1,27,2,Wednesday,0,3,2026-07-01,1963757.0,59.343584472,85.481178876,46.670450832,64.08899728971429,53.04951642342858,-2.1597875640000055,10.513346075999998,72.397451,42.795594,24.079443,60.693206,45.85583685714285,44.21430157142858,43.004990732,72.397451,24.079443,0.1,0.0,0.0,0.7,0.2714285714285719,0.9500000000000001,0.85,0.81,13.028155555555555,13.590225,13.500427777777778,13.312688095238096,12.866523412698413,12.663741018518518,12.713999259259259,24.1,22.8,24.1,21.8,21.1,22.714285714285715,22.142857142857142,21.263333333333332,20.616666666666667,15.9,16.9,17.27142857142857,18.157142857142855,23.2,13.540747222222222,0.0,17.6,24.4,13.226072222222223,0.0,17.9,25.7,13.307197222222223,0.0,20.0,23.2,12.514113888888888,1.3,19.9,24.5,13.068336111111112,0.0,12.3,0,45,32,63.67,,,1528.08
2026-07-02,48.50339099999999,2.0,2.0,25.1,22.8,0.7,23.8,12.192352777777778,2026,7,2,27,3,Thursday,0,3,2026-07-01,1963757.0,57.183796908,59.343584472,45.498334716,65.590903872,55.68614020285714,-21.675223404,-9.989761212000005,48.295556000000005,72.397451,42.795594,48.389686999999995,44.084744,42.43496278571428,42.25766416533334,72.397451,24.079443,0.0,0.1,0.1,0.8,0.2714285714285719,0.9,0.85,0.8233333333333334,12.553688888888889,13.674625,13.157894444444445,13.164611507936508,12.798899206349205,12.636463611111111,12.723066851851852,22.9,24.1,22.9,22.4,21.1,22.87142857142857,22.271428571428572,21.326666666666664,20.683333333333334,23.0,15.7,18.142857142857142,18.164285714285715,24.0,13.224694444444445,0.0,20.6,26.2,13.385641666666666,0.0,13.1,23.7,13.228622222222223,0.0,23.3,22.7,12.992077777777778,0.0,18.0,25.4,13.066758333333334,0.0,12.5,0,44,33,63.67,,,1528.08
2026-07-03,73.129222,3.0,3.0,25.3,22.9,0.0,19.0,13.380172222222223,2026,7,3,27,4,Friday,0,3,2026-07-01,1963757.0,35.508573504,57.183796908,64.389038616,64.16379512742857,54.939436788857144,4.569467904,-24.310997207999996,48.50339099999999,48.295556000000005,72.397451,24.244514,44.10098742857142,44.17614792857143,43.070331032000006,72.397451,24.079443,0.7,0.0,0.0,0.0,0.35714285714285765,0.8928571428571429,0.8333333333333334,0.8233333333333334,12.192352777777778,13.36,13.783641666666666,12.952858333333333,12.729931944444445,12.65154638888889,12.732574722222221,22.8,22.9,22.8,22.7,21.5,22.928571428571427,22.392857142857142,21.39333333333333,20.736666666666665,23.8,19.1,19.3,18.25714285714286,24.4,13.226072222222223,0.0,17.9,25.7,13.307197222222223,0.0,20.0,23.3,13.070925,0.0,22.2,22.5,13.149108333333334,0.0,12.4,24.4,12.847791666666668,0.0,18.8,0,43,34,63.67,,,1528.08
2026-07-04,48.315126,2.0,2.0,25.7,23.2,0.0,17.6,13.540747222222222,2026,7,4,27,5,Saturday,1,3,2026-07-01,1963757.0,40.078041408,35.508573504,63.776206332,60.69079552628572,53.409056029714286,7.746676056000005,-15.951488867999998,73.129222,48.50339099999999,48.295556000000005,48.390963,51.08451714285713,46.78978064285714,43.561345788666664,73.129222,24.079443,0.0,0.7,0.7,0.0,0.35714285714285765,0.8928571428571429,0.81,0.8233333333333334,13.380172222222223,12.926819444444446,13.488930555555555,12.95574007936508,12.701112698412699,12.70378537037037,12.734700925925926,22.9,22.8,22.9,22.8,21.5,22.95714285714286,22.492857142857144,21.47666666666667,20.77333333333333,19.0,16.4,19.285714285714285,18.27857142857143,26.2,13.385641666666666,0.0,13.1,23.7,13.228622222222223,0.0,23.3,23.2,12.514113888888888,1.3,19.9,22.9,13.148169444444445,0.0,10.0,23.6,12.549091666666667,0.0,19.4,0,42,35,63.67,,,1528.08
2026-07-05,46.474695999999994,2.0,2.0,27.5,24.0,0.0,20.6,13.224694444444445,2026,7,5,27,6,Sunday,1,3,2026-07-01,1963757.0,47.824717464,40.078041408,83.464187184,58.412011402285714,52.20294089657143,6.467463035999998,-29.172006683999996,48.315126,73.129222,48.50339099999999,24.079443,51.073683285714274,46.923098928571434,45.171849988666665,73.129222,24.079443,0.0,0.0,1.0,0.0,0.2571428571428577,0.8928571428571429,0.8,0.8233333333333334,13.540747222222222,13.264105555555556,13.494686111111111,13.043444047619047,12.70481388888889,12.730796481481484,12.742076388888888,23.2,22.9,23.2,22.4,21.8,23.014285714285712,22.614285714285717,21.546666666666667,20.823333333333334,17.6,17.6,19.45714285714286,18.514285714285716,25.7,13.307197222222223,0.0,20.0,23.3,13.070925,0.0,22.2,22.7,12.992077777777778,0.0,18.0,24.5,13.068336111111112,0.0,12.3,23.9,12.312730555555556,0.0,17.7,0,41,36,63.67,,,1528.08
2026-07-06,61.9829836,4.0,4.0,28.5,24.4,0.0,17.9,13.226072222222223,2026,7,6,28,0,Monday,0,3,2026-07-01,1963757.0,54.2921805,47.824717464,85.481178876,54.244581876,56.08095378942857,-5.699935224000001,-36.8889336,46.474695999999994,48.315126,73.129222,42.795594,54.27300514285713,46.79456650000001,45.50424095533334,73.129222,42.795594,0.0,0.0,0.0,0.0,0.1142857142857148,0.8928571428571429,0.6433333333333333,0.8233333333333334,13.224694444444445,13.34488611111111,13.500205555555555,13.03781388888889,12.68552876984127,12.885481851851853,12.765941574074073,24.0,23.2,24.0,22.8,22.2,23.24285714285714,22.771428571428572,21.686666666666667,20.876666666666665,20.6,19.3,19.88571428571429,18.842857142857145,23.7,13.228622222222223,0.0,23.3,23.2,12.514113888888888,1.3,19.9,22.5,13.149108333333334,0.0,12.4,25.4,13.066758333333334,0.0,12.5,24.1,12.163344444444444,0.0,19.9,0,40,37,63.67,,,1528.08
2026-07-07,48.22358,2.0,2.0,30.4,26.2,0.0,13.1,13.385641666666666,2026,7,7,28,1,Tuesday,0,3,2026-07-01,1963757.0,48.592245276,54.2921805,59.343584472,48.97473421885714,56.69421106114286,-18.016079184,-28.767418380000002,61.9829836,46.474695999999994,48.315126,72.397451,57.01406079999999,47.774558757142856,46.76605207533333,73.129222,46.474695999999994,0.0,0.0,0.1,9.9,0.1142857142857148,0.8928571428571429,0.6333333333333333,1.1533333333333333,13.226072222222223,13.028155555555555,6.016725,13.020840476190475,12.665947817460319,12.878230555555556,12.514423333333333,24.4,24.0,24.4,24.1,21.8,23.47142857142857,22.928571428571427,21.813333333333333,20.886666666666667,17.9,15.9,19.685714285714287,18.70714285714286,23.3,13.070925,0.0,22.2,22.7,12.992077777777778,0.0,18.0,22.9,13.148169444444445,0.0,10.0,24.4,12.847791666666668,0.0,18.8,23.7,11.923266666666667,0.0,22.2,0,39,38,63.67,,,1528.08
2026-07-08,84.219833,4.0,4.0,29.4,25.7,0.0,20.0,13.307197222222223,2026,7,8,28,2,Wednesday,0,3,2026-07-01,1963757.0,30.576166092,48.592245276,57.183796908,44.86510302171428,54.47705015571428,0.5949828000000004,-26.012648015999996,48.22358,61.9829836,46.474695999999994,48.295556000000005,53.560650657142844,49.70824375714285,47.57193610866667,73.129222,46.474695999999994,0.0,0.0,0.0,0.0,0.10000000000000052,0.1857142857142857,0.5800000000000001,1.1533333333333333,13.385641666666666,12.553688888888889,13.590225,13.071909920634921,13.192299007936509,12.921027777777777,12.516877777777777,26.2,24.4,26.2,22.9,21.8,23.77142857142857,23.242857142857144,22.003333333333334,20.836666666666666,13.1,23.0,19.285714285714285,18.27857142857143,23.2,12.514113888888888,1.3,19.9,22.5,13.149108333333334,0.0,12.4,24.5,13.068336111111112,0.0,12.3,23.6,12.549091666666667,0.0,19.4,23.8,12.407102777777778,0.0,20.7,0,38,39,63.67,,,1528.08
2026-07-09,24.042256,1.0,1.0,26.6,23.7,0.0,23.3,13.228622222222223,2026,7,9,28,3,Thursday,0,3,2026-07-01,1963757.0,31.171148892,30.576166092,35.508573504,41.149010448,53.36995716,11.144027843999996,6.8066032320000005,84.219833,48.22358,61.9829836,48.50339099999999,58.692690228571415,51.38871711428572,48.41438907533333,84.219833,46.474695999999994,0.0,0.0,0.7,0.1,0.10000000000000052,0.1857142857142857,0.5800000000000001,1.1066666666666667,13.307197222222223,12.192352777777778,13.674625,13.17955396825397,13.172082738095238,12.914913611111112,12.538794259259259,25.7,26.2,25.7,22.8,22.4,24.17142857142857,23.521428571428572,22.180000000000003,20.77333333333333,20.0,23.8,18.857142857142858,18.5,22.7,12.992077777777778,0.0,18.0,22.9,13.148169444444445,0.0,10.0,25.4,13.066758333333334,0.0,12.5,23.9,12.312730555555556,0.0,17.7,23.9,12.177602777777778,0.0,23.8,0,37,40,63.67,,,1528.08
2026-07-10,73.000144,3.0,3.0,25.9,23.3,0.0,22.2,13.070925,2026,7,10,28,4,Friday,0,3,2026-07-01,1963757.0,42.315176736,31.171148892,40.078041408,42.12138233828572,53.14258873285714,6.104523528000001,8.341658856000002,24.042256,84.219833,48.22358,73.129222,55.198242371428556,49.6496149,47.60308440866666,84.219833,24.042256,0.0,0.0,0.0,0.0,0.0,0.17857142857142858,0.55,0.9033333333333334,13.228622222222223,13.380172222222223,13.36,13.32759246031746,13.140225396825398,12.945101574074075,12.543005462962961,23.7,25.7,23.7,22.9,22.7,24.3,23.614285714285717,22.29,20.82,23.3,19.0,18.785714285714285,19.042857142857144,22.5,13.149108333333334,0.0,12.4,24.5,13.068336111111112,0.0,12.3,24.4,12.847791666666668,0.0,18.8,24.1,12.163344444444444,0.0,19.9,23.8,12.103575000000001,0.2,22.9,0,36,41,63.67,,,1528.08
2026-07-11,48.43295,2.0,2.0,25.3,23.2,1.3,19.9,12.514113888888888,2026,7,11,28,5,Saturday,1,3,2026-07-01,1963757.0,48.419700264,42.315176736,47.824717464,43.31304788914286,52.00192170771429,9.43047738,10.025460179999996,73.000144,24.042256,84.219833,48.315126,55.179802657142844,53.13215989999999,48.429356375333334,84.219833,24.042256,0.0,0.0,0.0,0.7,0.0,0.17857142857142858,0.5133333333333333,0.9233333333333333,13.070925,13.540747222222222,12.926819444444446,13.283414285714287,13.119577182539683,12.952739722222223,12.53030148148148,23.3,23.7,23.3,23.2,22.8,24.357142857142858,23.657142857142855,22.39666666666667,20.916666666666668,22.2,17.6,19.24285714285714,19.264285714285712,22.9,13.148169444444445,0.0,10.0,25.4,13.066758333333334,0.0,12.5,23.6,12.549091666666667,0.0,19.4,23.7,11.923266666666667,0.0,22.2,23.5,12.143725000000002,0.2,21.8,0,35,42,63.67,,,1528.08
2026-07-12,22.457168,1.0,1.0,25.1,22.7,0.0,18.0,12.992077777777778,2026,7,12,28,6,Sunday,1,3,2026-07-01,1963757.0,57.850177644,48.419700264,54.2921805,44.74525648628571,51.57863394428572,29.261254104000002,32.819251248,48.43295,73.000144,24.042256,46.474695999999994,55.19663465714285,53.13515897142857,49.23568570866667,84.219833,24.042256,1.3,0.0,0.0,1.0,0.18571428571428625,0.22142857142857145,0.5566666666666666,0.9299999999999999,12.514113888888888,13.224694444444445,13.264105555555556,13.136752380952382,13.090098214285716,12.914210740740742,12.593325185185185,23.2,23.3,23.2,24.0,22.4,24.357142857142858,23.685714285714287,22.486666666666668,21.0,19.9,20.6,19.571428571428573,19.514285714285716,24.5,13.068336111111112,0.0,12.3,24.4,12.847791666666668,0.0,18.8,23.9,12.312730555555556,0.0,17.7,23.8,12.407102777777778,0.0,20.7,23.3,12.23926111111111,0.9,21.3,0,34,43,63.67,,,1528.08
2026-07-13,85.012804,4.0,4.0,25.3,22.5,0.0,12.4,13.149108333333334,2026,7,13,29,0,Monday,0,3,2026-07-01,1963757.0,87.111431748,57.850177644,48.592245276,49.43372095028571,51.83915141314286,-32.682405204,5.836781268000003,22.457168,48.43295,73.000144,61.9829836,51.76555922857142,53.01928218571429,47.95709980866666,84.219833,22.457168,0.0,1.3,0.0,0.0,0.18571428571428622,0.15,0.5566666666666666,0.89,12.992077777777778,13.226072222222223,13.34488611111111,13.103521428571428,13.070667658730159,12.891801851851852,12.635252962962962,22.7,23.2,22.7,24.4,22.8,24.17142857142857,23.707142857142856,22.55,21.113333333333333,18.0,17.9,19.199999999999996,19.542857142857144,25.4,13.066758333333334,0.0,12.5,23.6,12.549091666666667,0.0,19.4,24.1,12.163344444444444,0.0,19.9,23.9,12.177602777777778,0.0,23.8,23.2,12.34556111111111,0.5,21.7,0,33,44,63.67,,,1528.08
2026-07-14,24.109393,1.0,1.0,26.1,22.9,0.0,10.0,13.148169444444445,2026,7,14,29,1,Tuesday,0,3,2026-07-01,1963757.0,54.429026544,87.111431748,30.576166092,50.267546845714286,49.621140532285715,0.8329759199999955,24.685836371999997,85.012804,22.457168,48.43295,48.22358,55.05553357142856,56.03479718571428,49.92723908666667,85.012804,22.457168,0.0,0.0,0.0,0.1,0.18571428571428622,0.15,0.5566666666666666,0.85,13.149108333333334,13.385641666666666,13.028155555555555,13.092526587301588,13.056683531746033,12.889911388888889,12.663741018518518,22.5,22.7,22.5,26.2,24.1,23.9,23.685714285714283,22.616666666666667,21.263333333333332,12.4,13.1,18.414285714285715,19.05,24.4,12.847791666666668,0.0,18.8,23.9,12.312730555555556,0.0,17.7,23.7,11.923266666666667,0.0,22.2,23.8,12.103575000000001,0.2,22.9,23.2,12.426063888888889,0.0,18.6,0,32,45,63.67,,,1528.08
2026-07-15,60.898585000000004,3.0,3.0,28.1,24.5,0.0,12.3,13.068336111111112,2026,7,15,29,2,Wednesday,0,3,2026-07-01,1963757.0,55.262002464,54.429026544,31.171148892,53.794094898857146,49.32959896028571,-11.977003763999996,12.113849808000001,24.109393,85.012804,22.457168,84.219833,51.610649714285714,52.58565018571428,48.319933686666666,85.012804,22.457168,0.0,0.0,0.0,0.0,0.18571428571428622,0.14285714285714285,0.5533333333333332,0.85,13.148169444444445,13.307197222222223,12.553688888888889,13.058601984126984,13.065255952380953,12.936909444444444,12.636463611111111,22.9,22.5,22.9,25.7,22.9,23.428571428571427,23.599999999999998,22.703333333333333,21.326666666666664,10.0,20.0,17.97142857142857,18.62857142857143,23.6,12.549091666666667,0.0,19.4,24.1,12.163344444444444,0.0,19.9,23.8,12.407102777777778,0.0,20.7,23.5,12.143725000000002,0.2,21.8,23.5,12.659841666666667,0.0,17.6,0,31,46,63.67,,,1528.08
2026-07-16,73.246967,4.0,4.0,28.2,25.4,0.0,12.5,13.066758333333334,2026,7,16,29,3,Thursday,0,3,2026-07-01,1963757.0,43.2849987,55.262002464,42.315176736,55.52464487142857,48.33682765971429,-1.725450120000005,-0.7556281560000002,60.898585000000004,24.109393,85.012804,24.042256,48.27904285714286,53.485866542857146,48.81746262,85.012804,22.457168,0.0,0.0,0.0,0.7,0.18571428571428622,0.14285714285714285,0.5266666666666667,0.8333333333333334,13.068336111111112,13.228622222222223,12.192352777777778,13.024478968253968,13.10201646825397,12.954317870370371,12.65154638888889,24.5,22.9,24.5,23.7,22.8,23.25714285714286,23.714285714285715,22.853333333333335,21.39333333333333,12.3,23.3,16.871428571428574,17.864285714285714,23.9,12.312730555555556,0.0,17.7,23.7,11.923266666666667,0.0,22.2,23.9,12.177602777777778,0.0,23.8,23.3,12.23926111111111,0.9,21.3,25.5,10.836683333333333,0.0,15.5,0,30,47,63.67,,,1528.08
2026-07-17,24.24412,1.0,1.0,26.9,24.4,0.0,18.8,12.847791666666668,2026,7,17,29,4,Friday,0,3,2026-07-01,1963757.0,41.55954858,43.2849987,48.419700264,55.416697992,48.76904016514286,29.243404620000007,22.383252936000005,73.246967,60.898585000000004,24.109393,73.000144,55.308287285714286,55.253264828571425,49.644829220000005,85.012804,22.457168,0.0,0.0,0.0,0.0,0.18571428571428622,0.09285714285714287,0.51,0.81,13.066758333333334,13.070925,13.380172222222223,13.001355555555557,13.164474007936509,12.972666851851852,12.70378537037037,25.4,24.5,25.4,23.3,22.9,23.5,23.900000000000002,23.009999999999998,21.47666666666667,12.5,22.2,15.328571428571427,17.057142857142857,24.1,12.163344444444444,0.0,19.9,23.8,12.407102777777778,0.0,20.7,23.8,12.103575000000001,0.2,22.9,23.2,12.34556111111111,0.5,21.7,26.3,12.437741666666668,0.0,18.3,0,29,48,63.67,,,1528.08
2026-07-18,24.243287,1.0,1.0,25.7,23.6,0.0,19.4,12.549091666666667,2026,7,18,29,5,Saturday,1,3,2026-07-01,1963757.0,70.8029532,41.55954858,57.850177644,58.614305554285714,50.96367672171429,24.727485168,37.68026072400001,24.24412,73.246967,60.898585000000004,48.43295,48.343140999999996,51.76147182857143,48.01275658666667,85.012804,22.457168,0.0,0.0,1.3,0.0,0.18571428571428622,0.09285714285714287,0.4866666666666667,0.8,12.847791666666668,12.514113888888888,13.540747222222222,12.969479365079366,13.126446825396826,12.950912314814817,12.730796481481484,24.4,25.4,24.4,23.2,23.2,23.65714285714285,24.007142857142856,23.119999999999997,21.546666666666667,18.8,19.9,14.842857142857142,17.04285714285714,23.7,11.923266666666667,0.0,22.2,23.9,12.177602777777778,0.0,23.8,23.5,12.143725000000002,0.2,21.8,23.2,12.426063888888889,0.0,18.6,27.8,12.213038888888889,0.0,18.2,0,28,49,63.67,,,1528.08
2026-07-19,67.60762735,4.0,2.0,26.5,23.9,0.0,17.7,12.312730555555556,2026,7,19,29,6,Sunday,1,3,2026-07-01,1963757.0,95.530438368,70.8029532,87.111431748,63.997199943428576,54.37122821485714,15.707545920000001,24.126552540000006,24.243287,24.24412,73.246967,22.457168,44.88747485714284,50.04205475714286,48.01663952,85.012804,22.457168,0.0,0.0,0.0,0.0,0.0,0.09285714285714287,0.46,0.6433333333333333,12.549091666666667,12.992077777777778,13.224694444444445,12.974476190476192,13.055614285714286,12.930618888888889,12.885481851851853,23.6,24.4,23.6,22.7,24.0,23.714285714285715,24.035714285714285,23.203333333333333,21.686666666666667,19.4,18.0,14.771428571428572,17.17142857142857,23.8,12.407102777777778,0.0,20.7,23.8,12.103575000000001,0.2,22.9,23.3,12.23926111111111,0.9,21.3,23.5,12.659841666666667,0.0,17.6,30.0,12.522472222222223,0.0,20.6,0,27,50,63.67,,,1528.08
2026-07-20,70.61397099999999,3.0,3.0,27.3,24.1,0.0,19.9,12.163344444444444,2026,7,20,30,0,Monday,0,3,2026-07-01,1963757.0,111.237984288,95.530438368,54.429026544,67.44385030628573,58.438785628285714,-30.55236678,26.256590964000004,67.60762735,24.243287,24.24412,85.012804,51.33754047857143,51.55154985357142,49.052281631666666,85.012804,24.109393,0.0,0.0,0.0,0.0,0.0,0.09285714285714287,0.46,0.6333333333333333,12.312730555555556,13.149108333333334,13.226072222222223,12.877426587301589,12.990474007936509,12.88158851851852,12.878230555555556,23.9,23.6,23.9,22.5,24.4,23.885714285714283,24.02857142857143,23.283333333333335,21.813333333333333,17.7,12.4,14.728571428571428,16.964285714285715,23.9,12.177602777777778,0.0,23.8,23.5,12.143725000000002,0.2,21.8,23.2,12.34556111111111,0.5,21.7,25.5,10.836683333333333,0.0,15.5,,,,,0,26,51,63.67,,,1528.08
2026-07-21,72.238656,3.0,3.0,26.5,23.7,0.0,22.2,11.923266666666667,2026,7,21,30,1,Tuesday,0,3,2026-07-01,1963757.0,80.685617508,111.237984288,55.262002464,71.19479187257143,60.73116935914287,-13.678654572000013,11.744960471999995,70.61397099999999,67.60762735,24.243287,24.109393,49.28056433571428,52.16804895357143,49.857791665,73.246967,24.109393,0.0,0.0,0.0,0.0,0.0,0.09285714285714287,0.46,0.5800000000000001,12.163344444444444,13.148169444444445,13.385641666666666,12.736603174603175,12.914564880952382,12.837402314814815,12.921027777777777,24.1,23.9,24.1,22.9,26.2,24.114285714285717,24.00714285714286,23.37,22.003333333333334,19.9,10.0,15.799999999999999,17.107142857142858,23.8,12.103575000000001,0.2,22.9,23.3,12.23926111111111,0.9,21.3,23.2,12.426063888888889,0.0,18.6,26.3,12.437741666666668,0.0,18.3,,,,,0,25,52,63.67,,,1528.08
2026-07-22,36.425098500000004,2.0,2.0,27.3,23.8,0.0,20.7,12.407102777777778,2026,7,22,30,2,Wednesday,0,3,2026-07-01,1963757.0,67.006962936,80.685617508,43.2849987,72.87264336857143,63.33336913371429,-7.157643083999993,16.564321151999998,72.238656,70.61397099999999,67.60762735,60.898585000000004,56.15617333571428,53.883411525,50.65660853166666,73.246967,24.243287,0.0,0.0,0.0,0.0,0.0,0.09285714285714287,0.46,0.5800000000000001,11.923266666666667,13.068336111111112,13.307197222222223,12.561617063492065,12.810109523809524,12.785021666666667,12.914913611111112,23.7,24.1,23.7,24.5,25.7,24.228571428571428,23.828571428571426,23.433333333333334,22.180000000000003,22.2,12.3,17.54285714285714,17.757142857142856,23.5,12.143725000000002,0.2,21.8,23.2,12.34556111111111,0.5,21.7,23.5,12.659841666666667,0.0,17.6,27.8,12.213038888888889,0.0,18.2,,,,,0,24,53,63.67,,,1528.08
2026-07-23,72.362984,3.0,3.0,26.6,23.9,0.0,23.8,12.177602777777778,2026,7,23,30,3,Thursday,0,3,2026-07-01,1963757.0,59.849319852,67.006962936,41.55954858,75.23897496171428,65.38180991657143,-9.144885635999998,9.144885636000005,36.425098500000004,72.238656,70.61397099999999,73.246967,52.65996097857141,50.469501917857144,50.262008748333336,73.246967,24.243287,0.0,0.0,0.0,0.0,0.0,0.09285714285714287,0.46,0.55,12.407102777777778,13.066758333333334,13.228622222222223,12.46715515873016,12.745817063492066,12.748584907407407,12.945101574074075,23.8,23.7,23.8,25.4,23.7,24.12857142857143,23.692857142857143,23.486666666666668,22.29,20.7,12.5,18.74285714285714,17.807142857142857,23.3,12.23926111111111,0.9,21.3,23.2,12.426063888888889,0.0,18.6,25.5,10.836683333333333,0.0,15.5,30.0,12.522472222222223,0.0,20.6,,,,,0,23,54,63.67,,,1528.08
2026-07-24,36.828005000000005,2.0,2.0,26.5,23.8,0.2,22.9,12.103575000000001,2026,7,24,30,4,Friday,0,3,2026-07-01,1963757.0,50.704434216,59.849319852,70.8029532,76.54538719542857,65.98104259371429,1.6481023559999954,-18.450416628000006,72.362984,36.425098500000004,72.238656,24.24412,52.53367769285713,53.92098248928572,51.96904188166666,72.362984,24.243287,0.0,0.0,0.0,0.0,0.0,0.09285714285714287,0.13,0.5133333333333333,12.177602777777778,12.847791666666668,13.070925,12.340132936507937,12.670744246031745,12.9539475,12.952739722222223,23.9,23.8,23.9,24.4,23.3,23.91428571428571,23.707142857142856,23.556666666666665,22.39666666666667,23.8,18.8,20.357142857142858,17.84285714285714,23.2,12.34556111111111,0.5,21.7,23.5,12.659841666666667,0.0,17.6,26.3,12.437741666666668,0.0,18.3,,,,,,,,,0,22,55,63.67,,,1528.08
2026-07-25,48.369952999999995,2.0,2.0,25.9,23.5,0.2,21.8,12.143725000000002,2026,7,25,30,5,Saturday,1,3,2026-07-01,1963757.0,52.352536572,50.704434216,95.530438368,73.90961339142858,66.26195947285716,-6.294918023999998,-49.472819820000005,36.828005000000005,72.362984,36.425098500000004,24.243287,54.33137555,51.337258275,51.17353518166667,72.362984,24.243287,0.2,0.0,0.0,1.3,0.02857142857142908,0.10714285714285716,0.13666666666666666,0.5566666666666666,12.103575000000001,12.549091666666667,12.514113888888888,12.23381626984127,12.601647817460318,12.904392500000002,12.914210740740742,23.8,23.9,23.8,23.6,23.2,23.82857142857143,23.74285714285714,23.623333333333335,22.486666666666668,22.9,19.4,20.942857142857143,17.892857142857142,23.2,12.426063888888889,0.0,18.6,25.5,10.836683333333333,0.0,15.5,27.8,12.213038888888889,0.0,18.2,,,,,,,,,0,21,56,63.67,,,1528.08
2026-07-26,22.4651563,1.0,1.0,25.5,23.3,0.9,21.3,12.23926111111111,2026,7,26,30,6,Sunday,1,3,2026-07-01,1963757.0,46.057618548,52.352536572,111.237984288,66.84206770285715,65.41963382314286,13.821450444,-51.358915296000006,48.369952999999995,36.828005000000005,72.362984,67.60762735,57.77804212142856,51.332758489285716,51.172877381666666,72.362984,36.425098500000004,0.2,0.2,0.0,0.0,0.057142857142857655,0.028571428571428574,0.14,0.5566666666666666,12.143725000000002,12.312730555555556,12.992077777777778,12.175906746031746,12.575191468253967,12.8533625,12.891801851851852,23.5,23.8,23.5,23.9,22.7,23.814285714285713,23.764285714285712,23.660000000000004,22.55,21.8,17.7,21.285714285714285,18.02857142857143,23.5,12.659841666666667,0.0,17.6,26.3,12.437741666666668,0.0,18.3,30.0,12.522472222222223,0.0,20.6,,,,,,,,,0,20,57,63.67,,,1528.08
2026-07-27,46.482918,2.0,2.0,25.7,23.2,0.5,21.7,12.34556111111111,2026,7,27,31,0,Monday,0,3,2026-07-01,1963757.0,59.879068992,46.057618548,80.685617508,59.505079803428565,63.47446505485715,14.612777567999998,-6.193770948000008,22.4651563,48.369952999999995,36.828005000000005,70.61397099999999,51.32911768571427,51.33332908214286,51.11356545833333,72.362984,22.4651563,0.9,0.2,0.0,0.0,0.18571428571428622,0.09285714285714286,0.16999999999999998,0.5566666666666666,12.23926111111111,12.163344444444444,13.149108333333334,12.165411111111112,12.52141884920635,12.816004537037038,12.889911388888889,23.3,23.5,23.3,24.1,22.5,23.72857142857143,23.807142857142857,23.68,22.616666666666667,21.3,19.9,21.8,18.264285714285712,25.5,10.836683333333333,0.0,15.5,27.8,12.213038888888889,0.0,18.2,,,,,,,,,,,,,0,19,58,63.67,,,1528.08
2026-07-28,84.82067,4.0,4.0,25.6,23.2,0.0,18.6,12.426063888888889,2026,7,28,31,1,Tuesday,0,3,2026-07-01,1963757.0,74.49184656,59.879068992,67.006962936,58.62025538228571,64.90752362742857,-41.55954858,-34.07466495599999,46.482918,22.4651563,48.369952999999995,72.238656,47.88182439999999,48.581194367857144,51.049963958333336,72.362984,22.4651563,0.5,0.9,0.0,0.0,0.2571428571428577,0.1285714285714286,0.1633333333333333,0.5533333333333332,12.34556111111111,11.923266666666667,13.148169444444445,12.191442063492063,12.46402261904762,12.796629259259259,12.936909444444444,23.2,23.3,23.2,23.7,22.9,23.599999999999998,23.857142857142858,23.693333333333335,22.703333333333333,21.7,22.2,22.057142857142857,18.928571428571427,26.3,12.437741666666668,0.0,18.3,30.0,12.522472222222223,0.0,20.6,,,,,,,,,,,,,0,18,59,63.67,,,1528.08
2026-07-29,48.247852,2.0,2.0,25.4,23.5,0.0,17.6,12.659841666666667,2026,7,29,31,2,Wednesday,0,3,2026-07-01,1963757.0,32.93229798,74.49184656,59.849319852,53.75244610285714,63.31254473571429,-6.991047900000002,-33.908069772000005,84.82067,46.482918,22.4651563,36.425098500000004,49.67925497142857,52.917714153571424,53.074671525,84.82067,22.4651563,0.0,0.5,0.0,0.0,0.2571428571428577,0.1285714285714286,0.13,0.5266666666666667,12.426063888888889,12.407102777777778,13.068336111111112,12.263270238095236,12.41244365079365,12.768694537037039,12.954317870370371,23.2,23.2,23.2,23.8,24.5,23.52857142857143,23.87857142857143,23.719999999999995,22.853333333333335,18.6,20.7,21.542857142857144,19.54285714285714,27.8,12.213038888888889,0.0,18.2,,,,,,,,,,,,,,,,,0,17,60,63.67,,,1528.08
2026-07-30,72.484122,3.0,3.0,28.4,25.5,0.0,15.5,10.836683333333333,2026,7,30,31,3,Thursday,0,3,2026-07-01,1963757.0,25.94125008,32.93229798,50.704434216,48.90843613542857,62.073705548571425,2.552476212000002,-22.210707924,48.247852,84.82067,46.482918,72.362984,51.368219757142846,52.01409036785714,53.256413458333334,84.82067,22.4651563,0.0,0.0,0.0,0.0,0.2571428571428577,0.1285714285714286,0.13,0.51,12.659841666666667,12.177602777777778,13.066758333333334,12.299375793650794,12.383265476190475,12.745859722222225,12.972666851851852,23.5,23.2,23.5,23.9,25.4,23.485714285714284,23.807142857142853,23.743333333333332,23.009999999999998,17.6,23.8,21.099999999999998,19.92142857142857,30.0,12.522472222222223,0.0,20.6,,,,,,,,,,,,,,,,,0,16,61,63.67,,,1528.08
2026-07-31,48.868092000000004,2.0,2.0,29.1,26.3,0.0,18.3,12.437741666666668,2026,7,31,31,4,Friday,0,3,2026-07-01,1963757.0,28.493726292,25.94125008,52.352536572,45.73547786057143,61.140432528000005,8.829544752,-15.029265527999996,72.484122,48.247852,84.82067,36.828005000000005,51.38552518571428,51.95960143928572,53.25930249166666,84.82067,22.4651563,0.0,0.0,0.2,0.0,0.2571428571428577,0.1285714285714286,0.12666666666666665,0.4866666666666667,10.836683333333333,12.103575000000001,12.847791666666668,12.107815873015875,12.223974404761904,12.67281064814815,12.950912314814817,25.5,23.5,25.5,23.8,24.4,23.714285714285715,23.814285714285713,23.79,23.119999999999997,15.5,22.9,19.914285714285715,20.135714285714283,,,,,,,,,,,,,,,,,,,,,0,15,62,63.67,,,1528.08
2026-08-01,48.657293,2.0,2.0,32.0,27.8,0.0,18.2,12.213038888888889,2026,8,1,31,5,Saturday,1,3,2026-08-01,1963757.0,37.323271044,28.493726292,46.057618548,43.588439928,58.74902665971428,3.2307566039999998,-5.503590899999999,48.868092000000004,72.484122,48.247852,48.369952999999995,53.1055376142857,53.718456582142856,53.278387025,84.82067,22.4651563,0.0,0.0,0.2,0.0,0.2285714285714291,0.1285714285714286,0.12666666666666665,0.46,12.437741666666668,12.143725000000002,12.549091666666667,12.155553968253969,12.19468511904762,12.66894574074074,12.930618888888889,26.3,25.5,26.3,23.5,23.6,24.071428571428573,23.95,23.903333333333332,23.203333333333333,18.3,21.8,19.25714285714286,20.1,,,,,,,,,,,,,,,,,,,,,0,14,63,58.44,,,1402.56
2026-08-02,22.426678,1.0,1.0,33.5,30.0,0.0,20.6,12.522472222222223,2026,8,2,31,6,Sunday,1,3,2026-08-01,1963757.0,40.554027648,37.323271044,59.879068992,42.80221265657143,54.82214017971428,3.254555916000001,-16.070485427999998,48.657293,48.868092000000004,72.484122,22.4651563,53.146586185714284,55.46231415357143,53.28351709166667,84.82067,22.4651563,0.0,0.0,0.9,0.0,0.20000000000000048,0.1285714285714286,0.10333333333333332,0.46,12.213038888888889,12.23926111111111,12.312730555555556,12.165455952380952,12.17068134920635,12.669635277777777,12.88158851851852,27.8,26.3,27.8,23.3,23.9,24.685714285714287,24.25,24.07,23.283333333333335,18.2,21.3,18.742857142857144,20.014285714285712,,,,,,,,,,,,,,,,,,,,,0,13,64,58.44,,,1402.56
